"","V1","V2"
"1",-8,4.91337260253802
"2",-7.99,4.91349316741601
"3",-7.98,4.91361364819924
"4",-7.97,4.91373405233765
"5",-7.96,4.91385438728113
"6",-7.95,4.91397466047961
"7",-7.94,4.91409487938301
"8",-7.93,4.91421505144124
"9",-7.92,4.91433518410423
"10",-7.91,4.91445528482188
"11",-7.9,4.91457536104411
"12",-7.89,4.91469542022085
"13",-7.88,4.914815469802
"14",-7.87,4.91493551723749
"15",-7.86,4.91505556997724
"16",-7.85,4.91517563547115
"17",-7.84,4.91529572116915
"18",-7.83,4.91541583452115
"19",-7.82,4.91553598297708
"20",-7.81,4.91565617398684
"21",-7.8,4.91577641500036
"22",-7.79,4.91589671346755
"23",-7.78,4.91601707683833
"24",-7.77,4.91613751256262
"25",-7.76000000000001,4.91625802809032
"26",-7.75000000000001,4.91637863087138
"27",-7.74000000000001,4.91649932835568
"28",-7.73000000000001,4.91662012799316
"29",-7.72000000000001,4.91674103723374
"30",-7.71000000000001,4.91686206352732
"31",-7.70000000000001,4.91698321432383
"32",-7.69000000000001,4.91710449707318
"33",-7.68000000000001,4.91722591922529
"34",-7.67000000000001,4.91734748823008
"35",-7.66000000000001,4.91746921153746
"36",-7.65000000000001,4.91759109659736
"37",-7.64000000000001,4.91771315085968
"38",-7.63000000000001,4.91783538177435
"39",-7.62000000000001,4.91795779679128
"40",-7.61000000000001,4.91808040336039
"41",-7.60000000000001,4.91820320893159
"42",-7.59000000000001,4.91832622095481
"43",-7.58000000000001,4.91844944687996
"44",-7.57000000000001,4.91857289415696
"45",-7.56000000000001,4.91869657023572
"46",-7.55000000000001,4.91882048256617
"47",-7.54000000000001,4.91894463859821
"48",-7.53000000000001,4.91906904578177
"49",-7.52000000000001,4.91919371156677
"50",-7.51000000000001,4.91931864340311
"51",-7.50000000000001,4.91944384874072
"52",-7.49000000000001,4.91956933502951
"53",-7.48000000000001,4.91969480213789
"54",-7.47000000000001,4.91981995534712
"55",-7.46000000000001,4.91994481022639
"56",-7.45000000000001,4.92006938234494
"57",-7.44000000000001,4.92019368727196
"58",-7.43000000000001,4.92031774057667
"59",-7.42000000000001,4.92044155782828
"60",-7.41000000000001,4.92056515459601
"61",-7.40000000000001,4.92068854644905
"62",-7.39000000000001,4.92081174895663
"63",-7.38000000000001,4.92093477768795
"64",-7.37000000000001,4.92105764821223
"65",-7.36000000000001,4.92118037609867
"66",-7.35000000000001,4.92130297691649
"67",-7.34000000000001,4.92142546623489
"68",-7.33000000000001,4.9215478596231
"69",-7.32000000000001,4.92167017265032
"70",-7.31000000000001,4.92179242088575
"71",-7.30000000000001,4.92191461989862
"72",-7.29000000000002,4.92203678525814
"73",-7.28000000000002,4.9221589325335
"74",-7.27000000000002,4.92228107729394
"75",-7.26000000000002,4.92240323510864
"76",-7.25000000000002,4.92252542154684
"77",-7.24000000000002,4.92264765217774
"78",-7.23000000000002,4.92276994257054
"79",-7.22000000000002,4.92289230829446
"80",-7.21000000000002,4.92301476491872
"81",-7.20000000000002,4.92313732801252
"82",-7.19000000000002,4.92326001314507
"83",-7.18000000000002,4.92338283588558
"84",-7.17000000000002,4.92350581180328
"85",-7.16000000000002,4.92362895646735
"86",-7.15000000000002,4.92375228544703
"87",-7.14000000000002,4.92387581431151
"88",-7.13000000000002,4.92399955863002
"89",-7.12000000000002,4.92412353397175
"90",-7.11000000000002,4.92424775590593
"91",-7.10000000000002,4.92437224000176
"92",-7.09000000000002,4.92449700182845
"93",-7.08000000000002,4.92462205695522
"94",-7.07000000000002,4.92474742095127
"95",-7.06000000000002,4.92487310938582
"96",-7.05000000000002,4.92499913782808
"97",-7.04000000000002,4.92512552184726
"98",-7.03000000000002,4.92525227701256
"99",-7.02000000000002,4.92537941889321
"100",-7.01000000000002,4.92550696305841
"101",-7.00000000000002,4.92563492507738
"102",-6.99000000000002,4.92576332051931
"103",-6.98000000000002,4.92589216495343
"104",-6.97000000000002,4.92602147394895
"105",-6.96000000000002,4.92615070662535
"106",-6.95000000000002,4.92627933478928
"107",-6.94000000000002,4.92640739304068
"108",-6.93000000000002,4.9265349159795
"109",-6.92000000000002,4.9266619382057
"110",-6.91000000000002,4.92678849431922
"111",-6.90000000000002,4.92691461892002
"112",-6.89000000000002,4.92704034660804
"113",-6.88000000000002,4.92716571198323
"114",-6.87000000000002,4.92729074964555
"115",-6.86000000000002,4.92741549419493
"116",-6.85000000000002,4.92753998023134
"117",-6.84000000000002,4.92766424235471
"118",-6.83000000000002,4.92778831516501
"119",-6.82000000000003,4.92791223326218
"120",-6.81000000000003,4.92803603124617
"121",-6.80000000000003,4.92815974371692
"122",-6.79000000000003,4.92828340527439
"123",-6.78000000000003,4.92840705051853
"124",-6.77000000000003,4.92853071404929
"125",-6.76000000000003,4.92865443046662
"126",-6.75000000000003,4.92877823437046
"127",-6.74000000000003,4.92890216036077
"128",-6.73000000000003,4.92902624303749
"129",-6.72000000000003,4.92915051700058
"130",-6.71000000000003,4.92927501684999
"131",-6.70000000000003,4.92939977718566
"132",-6.69000000000003,4.92952483260754
"133",-6.68000000000003,4.92965021771558
"134",-6.67000000000003,4.92977596710974
"135",-6.66000000000003,4.92990211538996
"136",-6.65000000000003,4.9300286971562
"137",-6.64000000000003,4.93015574700839
"138",-6.63000000000003,4.93028329954649
"139",-6.62000000000003,4.93041138937046
"140",-6.61000000000003,4.93054005108024
"141",-6.60000000000003,4.93066931927577
"142",-6.59000000000003,4.93079922855702
"143",-6.58000000000003,4.93092981352392
"144",-6.57000000000003,4.93106110877643
"145",-6.56000000000003,4.9311931489145
"146",-6.55000000000003,4.93132596853808
"147",-6.54000000000003,4.93145960224712
"148",-6.53000000000003,4.93159408464156
"149",-6.52000000000003,4.93172945032135
"150",-6.51000000000003,4.93186573388646
"151",-6.50000000000003,4.93200296993681
"152",-6.49000000000003,4.93214119307238
"153",-6.48000000000003,4.9322804378931
"154",-6.47000000000003,4.93242073899891
"155",-6.46000000000003,4.93256213098979
"156",-6.45000000000003,4.93270464846567
"157",-6.44000000000003,4.93284824240455
"158",-6.43000000000003,4.93299282862011
"159",-6.42000000000003,4.93313838896582
"160",-6.41000000000003,4.93328490529514
"161",-6.40000000000003,4.93343235946153
"162",-6.39000000000003,4.93358073331845
"163",-6.38000000000003,4.93373000871938
"164",-6.37000000000003,4.93388016751777
"165",-6.36000000000003,4.93403119156708
"166",-6.35000000000004,4.93418306272078
"167",-6.34000000000004,4.93433576283233
"168",-6.33000000000004,4.9344892737552
"169",-6.32000000000004,4.93464357734284
"170",-6.31000000000004,4.93479865544873
"171",-6.30000000000004,4.93495448992632
"172",-6.29000000000004,4.93511106262908
"173",-6.28000000000004,4.93526835541047
"174",-6.27000000000004,4.93542635012395
"175",-6.26000000000004,4.935585028623
"176",-6.25000000000004,4.93574437276106
"177",-6.24000000000004,4.93590436439161
"178",-6.23000000000004,4.9360649853681
"179",-6.22000000000004,4.93622621754401
"180",-6.21000000000004,4.93638804277279
"181",-6.20000000000004,4.93655044290791
"182",-6.19000000000004,4.93671339980283
"183",-6.18000000000004,4.93687689531101
"184",-6.17000000000004,4.93704091128593
"185",-6.16000000000004,4.93720542958103
"186",-6.15000000000004,4.93737043204978
"187",-6.14000000000004,4.93753590054565
"188",-6.13000000000004,4.93770181692211
"189",-6.12000000000004,4.9378681630326
"190",-6.11000000000004,4.93803492073061
"191",-6.10000000000004,4.93820207186958
"192",-6.09000000000004,4.93836959830299
"193",-6.08000000000004,4.93853748188429
"194",-6.07000000000004,4.93870570446695
"195",-6.06000000000004,4.93887424790444
"196",-6.05000000000004,4.93904309405021
"197",-6.04000000000004,4.93921222475773
"198",-6.03000000000004,4.93938162188047
"199",-6.02000000000004,4.93955126727188
"200",-6.01000000000004,4.93972114278543
"201",-6.00000000000004,4.93989123027459
"202",-5.99000000000004,4.94006151159281
"203",-5.98000000000004,4.94023196859356
"204",-5.97000000000004,4.9404025831303
"205",-5.96000000000004,4.9405733370565
"206",-5.95000000000004,4.94074421222562
"207",-5.94000000000004,4.94091519049112
"208",-5.93000000000004,4.94108673010019
"209",-5.92000000000004,4.94125930586491
"210",-5.91000000000004,4.9414329244861
"211",-5.90000000000004,4.94160759266457
"212",-5.89000000000004,4.94178331710111
"213",-5.88000000000005,4.94196010449655
"214",-5.87000000000005,4.94213796155169
"215",-5.86000000000005,4.94231689496733
"216",-5.85000000000005,4.94249691144429
"217",-5.84000000000005,4.94267801768338
"218",-5.83000000000005,4.9428602203854
"219",-5.82000000000005,4.94304352625116
"220",-5.81000000000005,4.94322794198147
"221",-5.80000000000005,4.94341347427715
"222",-5.79000000000005,4.94360012983899
"223",-5.78000000000005,4.94378791536781
"224",-5.77000000000005,4.94397683756441
"225",-5.76000000000005,4.94416690312961
"226",-5.75000000000005,4.94435811876421
"227",-5.74000000000005,4.94455049116903
"228",-5.73000000000005,4.94474402704486
"229",-5.72000000000005,4.94493873309252
"230",-5.71000000000005,4.94513461601283
"231",-5.70000000000005,4.94533168250658
"232",-5.69000000000005,4.94552993927458
"233",-5.68000000000005,4.94572939301765
"234",-5.67000000000005,4.94593005043658
"235",-5.66000000000005,4.9461319182322
"236",-5.65000000000005,4.94633500310531
"237",-5.64000000000005,4.94653931175672
"238",-5.63000000000005,4.94674485088724
"239",-5.62000000000005,4.94695162719767
"240",-5.61000000000005,4.94715964738883
"241",-5.60000000000005,4.94736891816151
"242",-5.59000000000005,4.94757944621654
"243",-5.58000000000005,4.94779123825472
"244",-5.57000000000005,4.94800430097686
"245",-5.56000000000005,4.94821864108377
"246",-5.55000000000005,4.94843426527626
"247",-5.54000000000005,4.94865118025512
"248",-5.53000000000005,4.94886939272119
"249",-5.52000000000005,4.94908890937525
"250",-5.51000000000005,4.94930973691813
"251",-5.50000000000005,4.94953188205062
"252",-5.49000000000005,4.94975535147355
"253",-5.48000000000005,4.94998015188771
"254",-5.47000000000005,4.95020628999391
"255",-5.46000000000005,4.95043377249297
"256",-5.45000000000005,4.9506626060857
"257",-5.44000000000005,4.95089279747289
"258",-5.43000000000005,4.95112435335537
"259",-5.42000000000005,4.95135728043393
"260",-5.41000000000006,4.95159170565526
"261",-5.40000000000006,4.95182774276473
"262",-5.39000000000006,4.95206537866117
"263",-5.38000000000006,4.95230460024343
"264",-5.37000000000006,4.95254539441033
"265",-5.36000000000006,4.95278774806071
"266",-5.35000000000006,4.95303164809342
"267",-5.34000000000006,4.95327708140729
"268",-5.33000000000006,4.95352403490116
"269",-5.32000000000006,4.95377249547386
"270",-5.31000000000006,4.95402245002424
"271",-5.30000000000006,4.95427388545112
"272",-5.29000000000006,4.95452678865336
"273",-5.28000000000006,4.95478114652978
"274",-5.27000000000006,4.95503694597922
"275",-5.26000000000006,4.95529417390052
"276",-5.25000000000006,4.95555281719252
"277",-5.24000000000006,4.95581286275406
"278",-5.23000000000006,4.95607429748397
"279",-5.22000000000006,4.95633710828109
"280",-5.21000000000006,4.95660128204426
"281",-5.20000000000006,4.95686680567231
"282",-5.19000000000006,4.95713366606409
"283",-5.18000000000006,4.95740185011842
"284",-5.17000000000006,4.95767134473416
"285",-5.16000000000006,4.95794213681013
"286",-5.15000000000006,4.95821421324517
"287",-5.14000000000006,4.95848756093812
"288",-5.13000000000006,4.95876216678782
"289",-5.12000000000006,4.95903801769311
"290",-5.11000000000006,4.95931510055282
"291",-5.10000000000006,4.95959340226579
"292",-5.09000000000006,4.95987290973086
"293",-5.08000000000006,4.96015360984686
"294",-5.07000000000006,4.96043548951263
"295",-5.06000000000006,4.96071853562702
"296",-5.05000000000006,4.96100273508885
"297",-5.04000000000006,4.96128807479697
"298",-5.03000000000006,4.96157454165022
"299",-5.02000000000006,4.96186212254742
"300",-5.01000000000006,4.96215080438742
"301",-5.00000000000006,4.96244057406905
"302",-4.99000000000006,4.96273141849116
"303",-4.98000000000006,4.96302332455258
"304",-4.97000000000006,4.96331627915215
"305",-4.96000000000006,4.9636102691887
"306",-4.95000000000007,4.96390528156107
"307",-4.94000000000007,4.96420130316811
"308",-4.93000000000007,4.96449832090864
"309",-4.92000000000007,4.96479632168151
"310",-4.91000000000007,4.96509529238555
"311",-4.90000000000007,4.96539552469037
"312",-4.89000000000007,4.96569731852851
"313",-4.88000000000007,4.96600067319324
"314",-4.87000000000007,4.96630558797782
"315",-4.86000000000007,4.9666120621755
"316",-4.85000000000007,4.96692009507954
"317",-4.84000000000007,4.96722968598321
"318",-4.83000000000007,4.96754083417976
"319",-4.82000000000007,4.96785353896245
"320",-4.81000000000007,4.96816779962454
"321",-4.80000000000007,4.96848361545929
"322",-4.79000000000007,4.96880098575995
"323",-4.78000000000007,4.9691199098198
"324",-4.77000000000007,4.96944038693208
"325",-4.76000000000007,4.96976241639005
"326",-4.75000000000007,4.97008599748698
"327",-4.74000000000007,4.97041112951613
"328",-4.73000000000007,4.97073781177074
"329",-4.72000000000007,4.97106604354409
"330",-4.71000000000007,4.97139582412943
"331",-4.70000000000007,4.97172715282002
"332",-4.69000000000007,4.97206002890912
"333",-4.68000000000007,4.97239445168999
"334",-4.67000000000007,4.97273042045588
"335",-4.66000000000007,4.97306793450006
"336",-4.65000000000007,4.97340699311578
"337",-4.64000000000007,4.97374759559632
"338",-4.63000000000007,4.97408974123491
"339",-4.62000000000007,4.97443342932483
"340",-4.61000000000007,4.97477865915932
"341",-4.60000000000007,4.97512543003166
"342",-4.59000000000007,4.9754737412351
"343",-4.58000000000007,4.9758235920629
"344",-4.57000000000007,4.97617498180832
"345",-4.56000000000007,4.97652790976461
"346",-4.55000000000007,4.97688237522504
"347",-4.54000000000007,4.97723837748287
"348",-4.53000000000007,4.97759591583135
"349",-4.52000000000007,4.97795498956374
"350",-4.51000000000007,4.97831559797331
"351",-4.50000000000007,4.97867774035331
"352",-4.49000000000007,4.979041415997
"353",-4.48000000000008,4.97940662419764
"354",-4.47000000000008,4.97977336424849
"355",-4.46000000000008,4.98014163544281
"356",-4.45000000000008,4.98051143707385
"357",-4.44000000000008,4.98088276843488
"358",-4.43000000000008,4.98125562881916
"359",-4.42000000000008,4.98163001751994
"360",-4.41000000000008,4.98200593383048
"361",-4.40000000000008,4.98238337704405
"362",-4.39000000000008,4.9827623464539
"363",-4.38000000000008,4.98314271053203
"364",-4.37000000000008,4.98352434232922
"365",-4.36000000000008,4.98390724800691
"366",-4.35000000000008,4.98429143372654
"367",-4.34000000000008,4.98467690564956
"368",-4.33000000000008,4.98506366993739
"369",-4.32000000000008,4.98545173275149
"370",-4.31000000000008,4.98584110025328
"371",-4.30000000000008,4.98623177860422
"372",-4.29000000000008,4.98662377396573
"373",-4.28000000000008,4.98701709249927
"374",-4.27000000000008,4.98741174036627
"375",-4.26000000000008,4.98780772372816
"376",-4.25000000000008,4.98820504874639
"377",-4.24000000000008,4.9886037215824
"378",-4.23000000000008,4.98900374839763
"379",-4.22000000000008,4.98940513535352
"380",-4.21000000000008,4.98980788861151
"381",-4.20000000000008,4.99021201433303
"382",-4.19000000000008,4.99061751867953
"383",-4.18000000000008,4.99102440781244
"384",-4.17000000000008,4.99143268789322
"385",-4.16000000000008,4.99184236508329
"386",-4.15000000000008,4.99225344554409
"387",-4.14000000000008,4.99266593543707
"388",-4.13000000000008,4.99307984092367
"389",-4.12000000000008,4.99349516816532
"390",-4.11000000000008,4.99391192332347
"391",-4.10000000000008,4.99433011255955
"392",-4.09000000000008,4.994749742035
"393",-4.08000000000008,4.99517081791127
"394",-4.07000000000008,4.9955933463498
"395",-4.06000000000008,4.99601733351201
"396",-4.05000000000008,4.99644278555937
"397",-4.04000000000008,4.99686970865329
"398",-4.03000000000008,4.99729810895523
"399",-4.02000000000008,4.99772799262662
"400",-4.01000000000009,4.9981593658289
"401",-4.00000000000009,4.99859223472351
"402",-3.99000000000009,4.99902660547189
"403",-3.98000000000009,4.99946248423549
"404",-3.97000000000009,4.99989987717574
"405",-3.96000000000009,5.00033879045407
"406",-3.95000000000009,5.00077923023195
"407",-3.94000000000009,5.00122120267078
"408",-3.93000000000009,5.00166471393203
"409",-3.92000000000009,5.00210977017713
"410",-3.91000000000009,5.00255637756752
"411",-3.90000000000009,5.00300454226464
"412",-3.89000000000009,5.00345427042992
"413",-3.88000000000009,5.00390556822482
"414",-3.87000000000009,5.0043578116124
"415",-3.86000000000009,5.00481038736901
"416",-3.85000000000009,5.00526331787602
"417",-3.84000000000009,5.00571662551478
"418",-3.83000000000009,5.00617033266665
"419",-3.82000000000009,5.00662446171298
"420",-3.81000000000009,5.00707903503513
"421",-3.80000000000009,5.00753407501446
"422",-3.79000000000009,5.00798960403233
"423",-3.78000000000009,5.00844564447009
"424",-3.77000000000009,5.0089022187091
"425",-3.76000000000009,5.00935934913072
"426",-3.75000000000009,5.0098170581163
"427",-3.74000000000009,5.0102753680472
"428",-3.73000000000009,5.01073430130478
"429",-3.72000000000009,5.01119388027039
"430",-3.71000000000009,5.0116541273254
"431",-3.70000000000009,5.01211506485115
"432",-3.69000000000009,5.01257671522901
"433",-3.68000000000009,5.01303910084034
"434",-3.67000000000009,5.01350224406648
"435",-3.66000000000009,5.0139661672888
"436",-3.65000000000009,5.01443089288866
"437",-3.64000000000009,5.01489644324741
"438",-3.63000000000009,5.0153628407464
"439",-3.62000000000009,5.01583010776701
"440",-3.61000000000009,5.01629826669057
"441",-3.60000000000009,5.01676733989845
"442",-3.59000000000009,5.01723734977201
"443",-3.58000000000009,5.01770831869261
"444",-3.57000000000009,5.01818026904159
"445",-3.56000000000009,5.01865322320032
"446",-3.55000000000009,5.01912720355016
"447",-3.5400000000001,5.01960223247246
"448",-3.5300000000001,5.02007833234857
"449",-3.5200000000001,5.02055552555987
"450",-3.5100000000001,5.02103383448769
"451",-3.5000000000001,5.02151328151341
"452",-3.4900000000001,5.02199388901837
"453",-3.4800000000001,5.02247567938394
"454",-3.4700000000001,5.02295867499147
"455",-3.4600000000001,5.02344289822231
"456",-3.4500000000001,5.02392837145783
"457",-3.4400000000001,5.02441511707938
"458",-3.4300000000001,5.02490315746833
"459",-3.4200000000001,5.02539251500601
"460",-3.4100000000001,5.02588321207381
"461",-3.4000000000001,5.02637527105306
"462",-3.3900000000001,5.02686871432513
"463",-3.3800000000001,5.02736356427137
"464",-3.3700000000001,5.02785984327315
"465",-3.3600000000001,5.02835757371181
"466",-3.3500000000001,5.02885573830156
"467",-3.3400000000001,5.02935332165765
"468",-3.3300000000001,5.02985034901305
"469",-3.3200000000001,5.03034684560073
"470",-3.3100000000001,5.03084283665365
"471",-3.3000000000001,5.03133834740477
"472",-3.2900000000001,5.03183340308707
"473",-3.2800000000001,5.03232802893351
"474",-3.2700000000001,5.03282225017705
"475",-3.2600000000001,5.03331609205066
"476",-3.2500000000001,5.03380957978731
"477",-3.2400000000001,5.03430273861995
"478",-3.2300000000001,5.03479559378156
"479",-3.2200000000001,5.0352881705051
"480",-3.2100000000001,5.03578049402353
"481",-3.2000000000001,5.03627258956983
"482",-3.1900000000001,5.03676448237695
"483",-3.1800000000001,5.03725619767786
"484",-3.1700000000001,5.03774776070553
"485",-3.1600000000001,5.03823919669293
"486",-3.1500000000001,5.03873053087301
"487",-3.1400000000001,5.03922178847874
"488",-3.1300000000001,5.0397129947431
"489",-3.1200000000001,5.04020417489904
"490",-3.1100000000001,5.04069535417952
"491",-3.1000000000001,5.04118655781753
"492",-3.0900000000001,5.04167781104601
"493",-3.0800000000001,5.04216913909794
"494",-3.07000000000011,5.04266056720628
"495",-3.06000000000011,5.043152120604
"496",-3.05000000000011,5.04364382452406
"497",-3.04000000000011,5.04413570419942
"498",-3.03000000000011,5.04462778486306
"499",-3.02000000000011,5.04512009174794
"500",-3.01000000000011,5.04561265008702
"501",-3.00000000000011,5.04610548511327
"502",-2.99000000000011,5.04659862205965
"503",-2.98000000000011,5.04709208615914
"504",-2.97000000000011,5.04758590264469
"505",-2.96000000000011,5.04808009674927
"506",-2.95000000000011,5.04857469370584
"507",-2.94000000000011,5.04906971874738
"508",-2.93000000000011,5.04956519710684
"509",-2.92000000000011,5.0500611540172
"510",-2.91000000000011,5.05055761471141
"511",-2.90000000000011,5.05105460442245
"512",-2.89000000000011,5.05155214838327
"513",-2.88000000000011,5.05205027182685
"514",-2.87000000000011,5.05254899998614
"515",-2.86000000000011,5.05304835809412
"516",-2.85000000000011,5.05354837138375
"517",-2.84000000000011,5.054049065088
"518",-2.83000000000011,5.05454953327448
"519",-2.82000000000011,5.05504886370709
"520",-2.81000000000011,5.05554707216315
"521",-2.80000000000011,5.05604417442003
"522",-2.79000000000011,5.05654018625506
"523",-2.78000000000011,5.0570351234456
"524",-2.77000000000011,5.05752900176899
"525",-2.76000000000011,5.05802183700258
"526",-2.75000000000011,5.05851364492371
"527",-2.74000000000011,5.05900444130973
"528",-2.73000000000011,5.05949424193799
"529",-2.72000000000011,5.05998306258583
"530",-2.71000000000011,5.06047091903061
"531",-2.70000000000011,5.06095782704966
"532",-2.69000000000011,5.06144380242034
"533",-2.68000000000011,5.06192886091999
"534",-2.67000000000011,5.06241301832595
"535",-2.66000000000011,5.06289629041559
"536",-2.65000000000011,5.06337869296623
"537",-2.64000000000011,5.06386024175523
"538",-2.63000000000011,5.06434095255993
"539",-2.62000000000011,5.06482084115769
"540",-2.61000000000011,5.06529992332585
"541",-2.60000000000012,5.06577821484175
"542",-2.59000000000012,5.06625573148274
"543",-2.58000000000012,5.06673248902617
"544",-2.57000000000012,5.06720850324939
"545",-2.56000000000012,5.06768378992973
"546",-2.55000000000012,5.06815836484456
"547",-2.54000000000012,5.06863224377121
"548",-2.53000000000012,5.06910544248703
"549",-2.52000000000012,5.06957797676938
"550",-2.51000000000012,5.07004986239558
"551",-2.50000000000012,5.070521115143
"552",-2.49000000000012,5.07099175078898
"553",-2.48000000000012,5.07146178511087
"554",-2.47000000000012,5.071931233886
"555",-2.46000000000012,5.07240011289174
"556",-2.45000000000012,5.07286843790542
"557",-2.44000000000012,5.07333622470439
"558",-2.43000000000012,5.073803489066
"559",-2.42000000000012,5.0742702467676
"560",-2.41000000000012,5.07473651358653
"561",-2.40000000000012,5.07520230530015
"562",-2.39000000000012,5.07566763768578
"563",-2.38000000000012,5.07613252652079
"564",-2.37000000000012,5.07659698758252
"565",-2.36000000000012,5.07706103664832
"566",-2.35000000000012,5.07752468949552
"567",-2.34000000000012,5.07798796190149
"568",-2.33000000000012,5.07845086964356
"569",-2.32000000000012,5.07891342849909
"570",-2.31000000000012,5.07937510259316
"571",-2.30000000000012,5.07983535131132
"572",-2.29000000000012,5.08029418332159
"573",-2.28000000000012,5.08075160729201
"574",-2.27000000000012,5.0812076318906
"575",-2.26000000000012,5.0816622657854
"576",-2.25000000000012,5.08211551764443
"577",-2.24000000000012,5.08256739613572
"578",-2.23000000000012,5.0830179099273
"579",-2.22000000000012,5.08346706768721
"580",-2.21000000000012,5.08391487808346
"581",-2.20000000000012,5.0843613497841
"582",-2.19000000000012,5.08480649145714
"583",-2.18000000000012,5.08525031177062
"584",-2.17000000000012,5.08569281939257
"585",-2.16000000000012,5.08613402299101
"586",-2.15000000000012,5.08657393123398
"587",-2.14000000000012,5.08701255278951
"588",-2.13000000000013,5.08744989632562
"589",-2.12000000000013,5.08788597051034
"590",-2.11000000000013,5.0883207840117
"591",-2.10000000000013,5.08875434549773
"592",-2.09000000000013,5.08918666363647
"593",-2.08000000000013,5.08961774709594
"594",-2.07000000000013,5.09004760454416
"595",-2.06000000000013,5.09047624464918
"596",-2.05000000000013,5.09090367607901
"597",-2.04000000000013,5.09132990750168
"598",-2.03000000000013,5.09175494758524
"599",-2.02000000000013,5.0921788049977
"600",-2.01000000000013,5.09260148840709
"601",-2.00000000000013,5.09302300648145
"602",-1.99000000000013,5.0934433678888
"603",-1.98000000000013,5.09386258129717
"604",-1.97000000000013,5.0942806553746
"605",-1.96000000000013,5.0946975987891
"606",-1.95000000000013,5.09511342020872
"607",-1.94000000000013,5.09552812830147
"608",-1.93000000000013,5.09594173173539
"609",-1.92000000000013,5.09635423917851
"610",-1.91000000000013,5.09676565929886
"611",-1.90000000000013,5.09717600076446
"612",-1.89000000000013,5.09758527224335
"613",-1.88000000000013,5.09799348240356
"614",-1.87000000000013,5.0984006399131
"615",-1.86000000000013,5.09880675344002
"616",-1.85000000000013,5.09921183165234
"617",-1.84000000000013,5.09961588321809
"618",-1.83000000000013,5.10001891680531
"619",-1.82000000000013,5.10042094108201
"620",-1.81000000000013,5.10082196471623
"621",-1.80000000000013,5.10123019454607
"622",-1.79000000000013,5.10165369138199
"623",-1.78000000000013,5.10209224485058
"624",-1.77000000000013,5.10254564457841
"625",-1.76000000000013,5.10301368019207
"626",-1.75000000000013,5.10349614131815
"627",-1.74000000000013,5.10399281758322
"628",-1.73000000000013,5.10450349861386
"629",-1.72000000000013,5.10502797403667
"630",-1.71000000000013,5.10556603347821
"631",-1.70000000000013,5.10611746656508
"632",-1.69000000000013,5.10668206292386
"633",-1.68000000000013,5.10725961218112
"634",-1.67000000000013,5.10784990396345
"635",-1.66000000000014,5.10845272789744
"636",-1.65000000000014,5.10906787360966
"637",-1.64000000000014,5.1096951307267
"638",-1.63000000000014,5.11033428887514
"639",-1.62000000000014,5.11098513768156
"640",-1.61000000000014,5.11164746677254
"641",-1.60000000000014,5.11232106577468
"642",-1.59000000000014,5.11300572431454
"643",-1.58000000000014,5.11370123201871
"644",-1.57000000000014,5.11440737851377
"645",-1.56000000000014,5.11512395342631
"646",-1.55000000000014,5.11585074638291
"647",-1.54000000000014,5.11658754701015
"648",-1.53000000000014,5.11733414493462
"649",-1.52000000000014,5.11809032978289
"650",-1.51000000000014,5.11885589118154
"651",-1.50000000000014,5.11963061875717
"652",-1.49000000000014,5.12041430213634
"653",-1.48000000000014,5.12120673094566
"654",-1.47000000000014,5.12200769481168
"655",-1.46000000000014,5.12281698336101
"656",-1.45000000000014,5.12363438622022
"657",-1.44000000000014,5.12445969301589
"658",-1.43000000000014,5.12529269337461
"659",-1.42000000000014,5.12613317692296
"660",-1.41000000000014,5.12698093328752
"661",-1.40000000000014,5.12783575209487
"662",-1.39000000000014,5.12869742297159
"663",-1.38000000000014,5.12956573554428
"664",-1.37000000000014,5.1304404794395
"665",-1.36000000000014,5.13132144428385
"666",-1.35000000000014,5.1322084197039
"667",-1.34000000000014,5.13310119532623
"668",-1.33000000000014,5.13399956077744
"669",-1.32000000000014,5.1349033056841
"670",-1.31000000000014,5.13581221967279
"671",-1.30000000000014,5.13672609237009
"672",-1.29000000000014,5.1376447134026
"673",-1.28000000000014,5.13863624545949
"674",-1.27000000000014,5.13976701596192
"675",-1.26000000000014,5.14103406163444
"676",-1.25000000000014,5.14243441920159
"677",-1.24000000000014,5.14396512538791
"678",-1.23000000000014,5.14562321691793
"679",-1.22000000000014,5.14740573051622
"680",-1.21000000000014,5.1493097029073
"681",-1.20000000000014,5.15133217081572
"682",-1.19000000000015,5.15347017096602
"683",-1.18000000000015,5.15572074008275
"684",-1.17000000000015,5.15808091489044
"685",-1.16000000000015,5.16054773211364
"686",-1.15000000000015,5.16311822847689
"687",-1.14000000000015,5.16578944070474
"688",-1.13000000000015,5.16855840552172
"689",-1.12000000000015,5.17142215965238
"690",-1.11000000000015,5.17437773982125
"691",-1.10000000000015,5.1774221827529
"692",-1.09000000000015,5.18055252517184
"693",-1.08000000000015,5.18376580380263
"694",-1.07000000000015,5.18705905536982
"695",-1.06000000000015,5.19042931659793
"696",-1.05000000000015,5.19387362421152
"697",-1.04000000000015,5.19738901493512
"698",-1.03000000000015,5.20097252549328
"699",-1.02000000000015,5.20462119261055
"700",-1.01000000000015,5.20833205301145
"701",-1.00000000000015,5.21210214342054
"702",-0.990000000000149,5.21592850056236
"703",-0.98000000000015,5.21980816116145
"704",-0.97000000000015,5.22373816194235
"705",-0.96000000000015,5.22771553962961
"706",-0.95000000000015,5.23173733094776
"707",-0.94000000000015,5.23580057262136
"708",-0.930000000000151,5.23990230137493
"709",-0.920000000000151,5.24403955393303
"710",-0.910000000000151,5.24820936702019
"711",-0.900000000000151,5.25240877736097
"712",-0.890000000000152,5.25663482167989
"713",-0.880000000000152,5.26088453670151
"714",-0.870000000000152,5.26515495915036
"715",-0.860000000000152,5.26944312575099
"716",-0.850000000000152,5.27374607322794
"717",-0.840000000000153,5.27806083830575
"718",-0.830000000000153,5.28238445770897
"719",-0.820000000000153,5.28671396816213
"720",-0.810000000000153,5.29104640638978
"721",-0.800000000000153,5.29537880911647
"722",-0.790000000000154,5.29970821306673
"723",-0.780000000000154,5.3040316549651
"724",-0.770000000000154,5.30836517475727
"725",-0.760000000000154,5.31272755709711
"726",-0.750000000000155,5.31711995577147
"727",-0.740000000000155,5.32154352456721
"728",-0.730000000000155,5.32599941727117
"729",-0.720000000000155,5.3304887876702
"730",-0.710000000000155,5.33501278955115
"731",-0.700000000000156,5.33957257670088
"732",-0.690000000000156,5.34416930290622
"733",-0.680000000000156,5.34880412195404
"734",-0.670000000000156,5.35347818763118
"735",-0.660000000000156,5.35819265372449
"736",-0.650000000000157,5.36294867402082
"737",-0.640000000000157,5.36774740230702
"738",-0.630000000000157,5.37258999236993
"739",-0.620000000000157,5.37747759799642
"740",-0.610000000000158,5.38241137297332
"741",-0.600000000000158,5.3873924710875
"742",-0.590000000000158,5.39242204612579
"743",-0.580000000000158,5.39750125187504
"744",-0.570000000000158,5.40263124212212
"745",-0.560000000000159,5.40781317065386
"746",-0.550000000000159,5.41304819125712
"747",-0.540000000000159,5.41833745771874
"748",-0.530000000000159,5.42368212382558
"749",-0.520000000000159,5.42908334336449
"750",-0.51000000000016,5.43454227012231
"751",-0.50000000000016,5.44006005788589
"752",-0.49000000000016,5.44563786044209
"753",-0.48000000000016,5.45127683157776
"754",-0.470000000000161,5.45697812507973
"755",-0.460000000000161,5.46274289473487
"756",-0.450000000000161,5.46857229433002
"757",-0.440000000000161,5.47446747765204
"758",-0.430000000000161,5.48042959848777
"759",-0.420000000000162,5.48645981062405
"760",-0.410000000000162,5.49255926784776
"761",-0.400000000000162,5.49872912394572
"762",-0.390000000000162,5.50497053270479
"763",-0.380000000000162,5.51128464791182
"764",-0.370000000000163,5.51767262335367
"765",-0.360000000000163,5.52413561281717
"766",-0.350000000000163,5.53067477008918
"767",-0.340000000000163,5.53729124895655
"768",-0.330000000000163,5.54398620320613
"769",-0.320000000000164,5.55076078662477
"770",-0.310000000000164,5.55761615299931
"771",-0.300000000000164,5.56455345611662
"772",-0.290000000000164,5.57157384976353
"773",-0.280000000000165,5.5786784877269
"774",-0.270000000000165,5.58586852379357
"775",-0.260000000000165,5.5931451117504
"776",-0.250000000000165,5.60040129944526
"777",-0.240000000000165,5.60753257228654
"778",-0.230000000000166,5.6145437404019
"779",-0.220000000000166,5.62143961391897
"780",-0.210000000000166,5.6282250029654
"781",-0.200000000000166,5.63490471766882
"782",-0.190000000000166,5.6414835681569
"783",-0.180000000000167,5.64796636455725
"784",-0.170000000000167,5.65435791699755
"785",-0.160000000000167,5.66066303560541
"786",-0.150000000000167,5.66688653050849
"787",-0.140000000000168,5.67303321183443
"788",-0.130000000000168,5.67910788971088
"789",-0.120000000000168,5.68511537426548
"790",-0.110000000000168,5.69106047562586
"791",-0.100000000000168,5.69694800391968
"792",-0.0900000000001686,5.70278276927458
"793",-0.0800000000001688,5.7085695818182
"794",-0.070000000000169,5.71431325167818
"795",-0.0600000000001693,5.72001858898217
"796",-0.0500000000001695,5.72569040385781
"797",-0.0400000000001697,5.73133350643275
"798",-0.0300000000001699,5.73695270683462
"799",-0.0200000000001701,5.74255281519107
"800",-0.0100000000001703,5.74813864162975
"801",-1.70530256582424e-13,5.7537149962783
"802",0.00999999999982926,5.75928668926436
"803",0.019999999999829,5.76485853071557
"804",0.0299999999998288,5.77043533075958
"805",0.0399999999998286,5.77602189952403
"806",0.0499999999998284,5.78162304713657
"807",0.0599999999998282,5.78724358372483
"808",0.069999999999828,5.79288831941646
"809",0.0799999999998278,5.79856206433911
"810",0.0899999999998276,5.80426962862042
"811",0.0999999999998273,5.81001582238803
"812",0.109999999999827,5.81580545576958
"813",0.119999999999827,5.82164333889272
"814",0.129999999999827,5.82753428188509
"815",0.139999999999826,5.83348309487434
"816",0.149999999999826,5.83949458798811
"817",0.159999999999826,5.84557357135403
"818",0.169999999999826,5.85172485509976
"819",0.179999999999826,5.85795324935294
"820",0.189999999999825,5.86426356424121
"821",0.199999999999825,5.87066060989222
"822",0.209999999999825,5.8771491964336
"823",0.219999999999825,5.883734133993
"824",0.229999999999825,5.89042023269807
"825",0.239999999999824,5.89721230267645
"826",0.249999999999824,5.90411515405578
"827",0.259999999999824,5.91105240589937
"828",0.269999999999824,5.9179439568618
"829",0.279999999999824,5.92478903645767
"830",0.289999999999823,5.93158687420154
"831",0.299999999999823,5.93833669960798
"832",0.309999999999823,5.94503774219158
"833",0.319999999999823,5.95168923146691
"834",0.329999999999822,5.95829039694855
"835",0.339999999999822,5.96484046815106
"836",0.349999999999822,5.97133867458903
"837",0.359999999999822,5.97778424577703
"838",0.369999999999822,5.98417641122964
"839",0.379999999999821,5.99051440046143
"840",0.389999999999821,5.99679744298699
"841",0.399999999999821,6.00302476832087
"842",0.409999999999821,6.00919560597766
"843",0.419999999999821,6.01530918547194
"844",0.42999999999982,6.02136473631828
"845",0.43999999999982,6.02736148803126
"846",0.44999999999982,6.03329867012544
"847",0.45999999999982,6.03917551211542
"848",0.469999999999819,6.04499124351576
"849",0.479999999999819,6.05074509384103
"850",0.489999999999819,6.05643629260582
"851",0.499999999999819,6.0620640693247
"852",0.509999999999819,6.06762765351225
"853",0.519999999999818,6.07312627468303
"854",0.529999999999818,6.07855916235164
"855",0.539999999999818,6.08392554603263
"856",0.549999999999818,6.08922465524059
"857",0.559999999999818,6.0944557194901
"858",0.569999999999817,6.09961796829572
"859",0.579999999999817,6.10471063117204
"860",0.589999999999817,6.10973293763363
"861",0.599999999999817,6.11468411719506
"862",0.609999999999816,6.11956339937091
"863",0.619999999999816,6.12437001367577
"864",0.629999999999816,6.12910318962419
"865",0.639999999999816,6.13376215673076
"866",0.649999999999816,6.13834614451005
"867",0.659999999999815,6.14285438247664
"868",0.669999999999815,6.14728610014511
"869",0.679999999999815,6.15164052703003
"870",0.689999999999815,6.15591689264597
"871",0.699999999999815,6.16011442650751
"872",0.709999999999814,6.16423235812923
"873",0.719999999999814,6.1682699170257
"874",0.729999999999814,6.1722263327115
"875",0.739999999999814,6.17610083470121
"876",0.749999999999813,6.17989265250939
"877",0.759999999999813,6.18360101565063
"878",0.769999999999813,6.18722515363949
"879",0.779999999999813,6.19080820585115
"880",0.789999999999813,6.19439252983958
"881",0.799999999999812,6.19797618238758
"882",0.809999999999812,6.20155722027794
"883",0.819999999999812,6.20513370029348
"884",0.829999999999812,6.208703679217
"885",0.839999999999812,6.21226521383128
"886",0.849999999999811,6.21581636091914
"887",0.859999999999811,6.21935517726338
"888",0.869999999999811,6.22287971964679
"889",0.879999999999811,6.22638804485218
"890",0.88999999999981,6.22987820966235
"891",0.89999999999981,6.23334827086009
"892",0.90999999999981,6.23679628522822
"893",0.91999999999981,6.24022030954953
"894",0.92999999999981,6.24361840060682
"895",0.939999999999809,6.2469886151829
"896",0.949999999999809,6.25032901006055
"897",0.959999999999809,6.2536376420226
"898",0.969999999999809,6.25691256785183
"899",0.979999999999809,6.26015184433104
"900",0.989999999999808,6.26335352824305
"901",0.999999999999808,6.26651567637064
"902",1.00999999999981,6.26963634549662
"903",1.01999999999981,6.2727135924038
"904",1.02999999999981,6.27574547387496
"905",1.03999999999981,6.27873004669292
"906",1.04999999999981,6.28166536764047
"907",1.05999999999981,6.28454949350042
"908",1.06999999999981,6.28738048105556
"909",1.07999999999981,6.2901563870887
"910",1.08999999999981,6.29287526838264
"911",1.09999999999981,6.29553518172017
"912",1.10999999999981,6.2981341838841
"913",1.11999999999981,6.30067033165724
"914",1.12999999999981,6.30314168182237
"915",1.13999999999981,6.30554629116231
"916",1.1499999999998,6.30788221645985
"917",1.1599999999998,6.3101475144978
"918",1.1699999999998,6.31234024205895
"919",1.1799999999998,6.3144584559261
"920",1.1899999999998,6.31650021288207
"921",1.1999999999998,6.31846356970964
"922",1.2099999999998,6.32034658319162
"923",1.2199999999998,6.32214731011081
"924",1.2299999999998,6.32386380725001
"925",1.2399999999998,6.32549413139202
"926",1.2499999999998,6.32703633931965
"927",1.2599999999998,6.32848848781568
"928",1.2699999999998,6.32984863366294
"929",1.2799999999998,6.33111483364421
"930",1.2899999999998,6.33228514454229
"931",1.2999999999998,6.33340614886777
"932",1.3099999999998,6.33452570613027
"933",1.3199999999998,6.3356437886112
"934",1.3299999999998,6.33676036859195
"935",1.3399999999998,6.33787541835392
"936",1.3499999999998,6.33898891017851
"937",1.3599999999998,6.34010081634713
"938",1.3699999999998,6.34121110914116
"939",1.3799999999998,6.342319760842
"940",1.3899999999998,6.34342674373106
"941",1.3999999999998,6.34453203008973
"942",1.4099999999998,6.3456355921994
"943",1.4199999999998,6.34673740234149
"944",1.4299999999998,6.34783743279738
"945",1.4399999999998,6.34893565584848
"946",1.4499999999998,6.35003204377618
"947",1.4599999999998,6.35112656886188
"948",1.4699999999998,6.35221920338698
"949",1.4799999999998,6.35330991963288
"950",1.4899999999998,6.35439868988097
"951",1.4999999999998,6.35548548641266
"952",1.5099999999998,6.35657028150934
"953",1.5199999999998,6.35765304745241
"954",1.5299999999998,6.35873375652327
"955",1.5399999999998,6.35981238100332
"956",1.5499999999998,6.36088889317395
"957",1.5599999999998,6.36196326531656
"958",1.5699999999998,6.36303546971256
"959",1.5799999999998,6.36410547864334
"960",1.5899999999998,6.36517326439029
"961",1.5999999999998,6.36623879923482
"962",1.6099999999998,6.36730205545833
"963",1.61999999999979,6.36836300534221
"964",1.62999999999979,6.36942162116786
"965",1.63999999999979,6.37047787521668
"966",1.64999999999979,6.37153173977006
"967",1.65999999999979,6.37258318710942
"968",1.66999999999979,6.37363218951613
"969",1.67999999999979,6.37467871927161
"970",1.68999999999979,6.37572274865725
"971",1.69999999999979,6.37676424995445
"972",1.70999999999979,6.37780319544461
"973",1.71999999999979,6.37883955740913
"974",1.72999999999979,6.37987330812939
"975",1.73999999999979,6.38090441988681
"976",1.74999999999979,6.38193286496278
"977",1.75999999999979,6.38295861563869
"978",1.76999999999979,6.38398164419596
"979",1.77999999999979,6.38500192291597
"980",1.78999999999979,6.38601942408012
"981",1.79999999999979,6.38703411996981
"982",1.80999999999979,6.38804598286644
"983",1.81999999999979,6.38905679593077
"984",1.82999999999979,6.39006835096053
"985",1.83999999999979,6.39108063319261
"986",1.84999999999979,6.39209362786389
"987",1.85999999999979,6.39310732021127
"988",1.86999999999979,6.39412169547163
"989",1.87999999999979,6.39513673888186
"990",1.88999999999979,6.39615243567884
"991",1.89999999999979,6.39716877109945
"992",1.90999999999979,6.39818573038059
"993",1.91999999999979,6.39920329875914
"994",1.92999999999979,6.40022146147199
"995",1.93999999999979,6.40124020375602
"996",1.94999999999979,6.40225951084812
"997",1.95999999999979,6.40327936798518
"998",1.96999999999979,6.40429976040408
"999",1.97999999999979,6.4053206733417
"1000",1.98999999999979,6.40634209203494
"1001",1.99999999999979,6.40736400172068
"1002",2.00999999999979,6.40838638763581
"1003",2.01999999999979,6.40940923501721
"1004",2.02999999999979,6.41043252910176
"1005",2.03999999999979,6.41145625512637
"1006",2.04999999999979,6.4124803983279
"1007",2.05999999999979,6.41350494394325
"1008",2.06999999999979,6.41452987720931
"1009",2.07999999999979,6.41555518336296
"1010",2.08999999999978,6.41658084764108
"1011",2.09999999999978,6.41760685528057
"1012",2.10999999999978,6.4186331915183
"1013",2.11999999999978,6.41965984159117
"1014",2.12999999999978,6.42068679073606
"1015",2.13999999999978,6.42171402418986
"1016",2.14999999999978,6.42274152718945
"1017",2.15999999999978,6.42376928497172
"1018",2.16999999999978,6.42479728277356
"1019",2.17999999999978,6.42582550583185
"1020",2.18999999999978,6.42685393938348
"1021",2.19999999999978,6.42788256866533
"1022",2.20999999999978,6.4289113789143
"1023",2.21999999999978,6.42994035536726
"1024",2.22999999999978,6.4309694832611
"1025",2.23999999999978,6.43199874783272
"1026",2.24999999999978,6.43302813431899
"1027",2.25999999999978,6.4340576279568
"1028",2.26999999999978,6.43508721398304
"1029",2.27999999999978,6.43611687763459
"1030",2.28999999999978,6.43714660414835
"1031",2.29999999999978,6.43817637876119
"1032",2.30999999999978,6.43920618671001
"1033",2.31999999999978,6.44023601323168
"1034",2.32999999999978,6.4412665995856
"1035",2.33999999999978,6.44229868462063
"1036",2.34999999999978,6.44333224995788
"1037",2.35999999999978,6.44436727721846
"1038",2.36999999999978,6.44540374802348
"1039",2.37999999999978,6.44644164399406
"1040",2.38999999999978,6.44748094675129
"1041",2.39999999999978,6.44852163791631
"1042",2.40999999999978,6.4495636991102
"1043",2.41999999999978,6.45060711195409
"1044",2.42999999999978,6.45165185806909
"1045",2.43999999999978,6.4526979190763
"1046",2.44999999999978,6.45374527659684
"1047",2.45999999999978,6.45479391225181
"1048",2.46999999999978,6.45584380766234
"1049",2.47999999999978,6.45689494444952
"1050",2.48999999999978,6.45794730423447
"1051",2.49999999999978,6.4590008686383
"1052",2.50999999999978,6.46005561928212
"1053",2.51999999999978,6.46111153778704
"1054",2.52999999999978,6.46216860577417
"1055",2.53999999999978,6.46322680486463
"1056",2.54999999999978,6.46428611667951
"1057",2.55999999999977,6.46534652283995
"1058",2.56999999999977,6.46640800496703
"1059",2.57999999999977,6.46747054468188
"1060",2.58999999999977,6.4685341236056
"1061",2.59999999999977,6.46959872335931
"1062",2.60999999999977,6.47066432556412
"1063",2.61999999999977,6.47173091184113
"1064",2.62999999999977,6.47279846381146
"1065",2.63999999999977,6.47386696309622
"1066",2.64999999999977,6.47493639131651
"1067",2.65999999999977,6.47600673009346
"1068",2.66999999999977,6.47707796104816
"1069",2.67999999999977,6.47815006580174
"1070",2.68999999999977,6.4792230259753
"1071",2.69999999999977,6.48029682318994
"1072",2.70999999999977,6.4813714390668
"1073",2.71999999999977,6.48244685522696
"1074",2.72999999999977,6.48352305329155
"1075",2.73999999999977,6.48460001488167
"1076",2.74999999999977,6.48567772161843
"1077",2.75999999999977,6.48675615512295
"1078",2.76999999999977,6.48783529701634
"1079",2.77999999999977,6.4889151289197
"1080",2.78999999999977,6.48999563245415
"1081",2.79999999999977,6.4910767892408
"1082",2.80999999999977,6.49215858090075
"1083",2.81999999999977,6.49324098905513
"1084",2.82999999999977,6.49432399532503
"1085",2.83999999999977,6.49540758133157
"1086",2.84999999999977,6.49649356919286
"1087",2.85999999999977,6.49758376524924
"1088",2.86999999999977,6.49867812745522
"1089",2.87999999999977,6.49977661376528
"1090",2.88999999999977,6.50087918213393
"1091",2.89999999999977,6.50198579051565
"1092",2.90999999999977,6.50309639686495
"1093",2.91999999999977,6.50421095913631
"1094",2.92999999999977,6.50532943528424
"1095",2.93999999999977,6.50645178326321
"1096",2.94999999999977,6.50757796102774
"1097",2.95999999999977,6.50870792653232
"1098",2.96999999999977,6.50984163773143
"1099",2.97999999999977,6.51097905257958
"1100",2.98999999999977,6.51212012903126
"1101",2.99999999999977,6.51326482504096
"1102",3.00999999999977,6.51441309856318
"1103",3.01999999999977,6.51556490755241
"1104",3.02999999999976,6.51672020996315
"1105",3.03999999999976,6.51787896374989
"1106",3.04999999999976,6.51904112686712
"1107",3.05999999999976,6.52020665726935
"1108",3.06999999999976,6.52137551291107
"1109",3.07999999999976,6.52254765174676
"1110",3.08999999999976,6.52372303173093
"1111",3.09999999999976,6.52490161081807
"1112",3.10999999999976,6.52608334696267
"1113",3.11999999999976,6.52726819811924
"1114",3.12999999999976,6.52845612224225
"1115",3.13999999999976,6.52964707728622
"1116",3.14999999999976,6.53084102120563
"1117",3.15999999999976,6.53203791195497
"1118",3.16999999999976,6.53323770748875
"1119",3.17999999999976,6.53444036576145
"1120",3.18999999999976,6.53564584472758
"1121",3.19999999999976,6.53685410234162
"1122",3.20999999999976,6.53806509655807
"1123",3.21999999999976,6.53927878533143
"1124",3.22999999999976,6.54049512661619
"1125",3.23999999999976,6.54171407836684
"1126",3.24999999999976,6.54293559853788
"1127",3.25999999999976,6.54415964508381
"1128",3.26999999999976,6.54538617595911
"1129",3.27999999999976,6.54661514911829
"1130",3.28999999999976,6.54784652251583
"1131",3.29999999999976,6.54908025410624
"1132",3.30999999999976,6.550316301844
"1133",3.31999999999976,6.55155462368362
"1134",3.32999999999976,6.55279517757958
"1135",3.33999999999976,6.55403792148638
"1136",3.34999999999976,6.55528281335852
"1137",3.35999999999976,6.55656279000503
"1138",3.36999999999976,6.55790993480448
"1139",3.37999999999976,6.55932292556568
"1140",3.38999999999976,6.56080044009741
"1141",3.39999999999976,6.56234115620848
"1142",3.40999999999976,6.56394375170768
"1143",3.41999999999976,6.56560690440381
"1144",3.42999999999976,6.56732929210566
"1145",3.43999999999976,6.56910959262203
"1146",3.44999999999976,6.57094648376173
"1147",3.45999999999976,6.57283864333354
"1148",3.46999999999976,6.57478474914626
"1149",3.47999999999976,6.57678347900869
"1150",3.48999999999976,6.57883351072963
"1151",3.49999999999975,6.58093352211787
"1152",3.50999999999975,6.5830821909822
"1153",3.51999999999975,6.58527819513144
"1154",3.52999999999975,6.58752021237437
"1155",3.53999999999975,6.58980692051979
"1156",3.54999999999975,6.5921369973765
"1157",3.55999999999975,6.59450912075329
"1158",3.56999999999975,6.59692196845896
"1159",3.57999999999975,6.59937421830231
"1160",3.58999999999975,6.60186454809214
"1161",3.59999999999975,6.60439163563724
"1162",3.60999999999975,6.6069541587464
"1163",3.61999999999975,6.60955079522843
"1164",3.62999999999975,6.61218022289212
"1165",3.63999999999975,6.61484111954627
"1166",3.64999999999975,6.61753216299968
"1167",3.65999999999975,6.62025203106114
"1168",3.66999999999975,6.62299940153945
"1169",3.67999999999975,6.6257729522434
"1170",3.68999999999975,6.6285713609818
"1171",3.69999999999975,6.63139330556344
"1172",3.70999999999975,6.63423746379711
"1173",3.71999999999975,6.63710251349162
"1174",3.72999999999975,6.63998713245576
"1175",3.73999999999975,6.64288999849832
"1176",3.74999999999975,6.64580978942811
"1177",3.75999999999975,6.64874518305392
"1178",3.76999999999975,6.65169485718455
"1179",3.77999999999975,6.6546574896288
"1180",3.78999999999975,6.65763175819545
"1181",3.79999999999975,6.66061634069331
"1182",3.80999999999975,6.66360991493118
"1183",3.81999999999975,6.66661115871785
"1184",3.82999999999975,6.66961874986212
"1185",3.83999999999975,6.67263136617279
"1186",3.84999999999975,6.67564768545864
"1187",3.85999999999975,6.67866638552849
"1188",3.86999999999975,6.68168614419112
"1189",3.87999999999975,6.6847326342187
"1190",3.88999999999975,6.68783212862131
"1191",3.89999999999975,6.69098420556467
"1192",3.90999999999975,6.69418844321451
"1193",3.91999999999975,6.69744441973653
"1194",3.92999999999975,6.70075171329646
"1195",3.93999999999975,6.70410990206
"1196",3.94999999999975,6.70751856419288
"1197",3.95999999999975,6.71097727786082
"1198",3.96999999999974,6.71448562122953
"1199",3.97999999999974,6.71804317246472
"1200",3.98999999999974,6.72164950973212
"1201",3.99999999999974,6.72530421119743
"1202",4.00999999999974,6.72900685502638
"1203",4.01999999999974,6.73275701938468
"1204",4.02999999999974,6.73655428243805
"1205",4.03999999999974,6.74039822235221
"1206",4.04999999999974,6.74428841729286
"1207",4.05999999999974,6.74822444542574
"1208",4.06999999999974,6.75220588491655
"1209",4.07999999999974,6.75623231393101
"1210",4.08999999999974,6.76030331063483
"1211",4.09999999999974,6.76441845319374
"1212",4.10999999999974,6.76857731977345
"1213",4.11999999999974,6.77277948853968
"1214",4.12999999999974,6.77702453765814
"1215",4.13999999999974,6.78131204529455
"1216",4.14999999999974,6.78564158961463
"1217",4.15999999999974,6.79001274878409
"1218",4.16999999999974,6.79442510096865
"1219",4.17999999999974,6.79887822433402
"1220",4.18999999999974,6.80337169704592
"1221",4.19999999999974,6.80790509727008
"1222",4.20999999999974,6.8124780031722
"1223",4.21999999999974,6.817089992918
"1224",4.22999999999974,6.82174064467319
"1225",4.23999999999974,6.82642953660351
"1226",4.24999999999974,6.83115624687465
"1227",4.25999999999974,6.83592035365234
"1228",4.26999999999974,6.84072143510229
"1229",4.27999999999974,6.84555906939023
"1230",4.28999999999974,6.85043283468186
"1231",4.29999999999974,6.8553423091429
"1232",4.30999999999974,6.86028707093908
"1233",4.31999999999974,6.8652666982361
"1234",4.32999999999974,6.87028076919968
"1235",4.33999999999974,6.87532886199554
"1236",4.34999999999974,6.8804105547894
"1237",4.35999999999974,6.88552542574696
"1238",4.36999999999974,6.89067305303396
"1239",4.37999999999974,6.8958530148161
"1240",4.38999999999974,6.90100111573417
"1241",4.39999999999974,6.90605577309088
"1242",4.40999999999974,6.91102048404482
"1243",4.41999999999974,6.9158987457546
"1244",4.42999999999974,6.92069405537882
"1245",4.43999999999973,6.92540991007609
"1246",4.44999999999973,6.930049807005
"1247",4.45999999999973,6.93461724332416
"1248",4.46999999999973,6.93911571619217
"1249",4.47999999999973,6.94354872276764
"1250",4.48999999999973,6.94791976020916
"1251",4.49999999999973,6.95223232567533
"1252",4.50999999999973,6.95648991632477
"1253",4.51999999999973,6.96069602931606
"1254",4.52999999999973,6.96485416180782
"1255",4.53999999999973,6.96896781095865
"1256",4.54999999999973,6.97304047392715
"1257",4.55999999999973,6.97707564787191
"1258",4.56999999999973,6.98107682995155
"1259",4.57999999999973,6.98504751732466
"1260",4.58999999999973,6.98899120714985
"1261",4.59999999999973,6.99291139658572
"1262",4.60999999999973,6.99681158279087
"1263",4.61999999999973,7.0006952629239
"1264",4.62999999999973,7.00456593414342
"1265",4.63999999999973,7.00842709360803
"1266",4.64999999999973,7.01228223847633
"1267",4.65999999999973,7.01613486590692
"1268",4.66999999999973,7.01998847305841
"1269",4.67999999999973,7.02384655708939
"1270",4.68999999999973,7.02771261515847
"1271",4.69999999999973,7.03159014442426
"1272",4.70999999999973,7.03548264204535
"1273",4.71999999999973,7.03939360518034
"1274",4.72999999999973,7.04332653098784
"1275",4.73999999999973,7.04728491662645
"1276",4.74999999999973,7.05127225925478
"1277",4.75999999999973,7.05529205603142
"1278",4.76999999999973,7.05934780411498
"1279",4.77999999999973,7.06344300066405
"1280",4.78999999999973,7.06758114283725
"1281",4.79999999999973,7.07176572779317
"1282",4.80999999999973,7.07600025269042
"1283",4.81999999999973,7.08028821468759
"1284",4.82999999999973,7.0846331109433
"1285",4.83999999999973,7.08903843861613
"1286",4.84999999999973,7.09350769486471
"1287",4.85999999999973,7.09804437684762
"1288",4.86999999999973,7.10265198172347
"1289",4.87999999999973,7.10733400665086
"1290",4.88999999999973,7.11209394878839
"1291",4.89999999999973,7.11693530529467
"1292",4.90999999999972,7.12177589207621
"1293",4.91999999999972,7.12653188914025
"1294",4.92999999999972,7.13120433979652
"1295",4.93999999999972,7.13579428735473
"1296",4.94999999999972,7.1403027751246
"1297",4.95999999999972,7.14473084641586
"1298",4.96999999999972,7.14907954453821
"1299",4.97999999999972,7.15334991280137
"1300",4.98999999999972,7.15754299451507
"1301",4.99999999999972,7.16165983298902
"1302",5.00999999999972,7.16570147153294
"1303",5.01999999999972,7.16966895345654
"1304",5.02999999999972,7.17356332206955
"1305",5.03999999999972,7.17738562068167
"1306",5.04999999999972,7.18113689260264
"1307",5.05999999999972,7.18481818114217
"1308",5.06999999999972,7.18843052960997
"1309",5.07999999999972,7.19197498131576
"1310",5.08999999999972,7.19545257956926
"1311",5.09999999999972,7.19886436768019
"1312",5.10999999999972,7.20221138895827
"1313",5.11999999999972,7.20549468671321
"1314",5.12999999999972,7.20871530425474
"1315",5.13999999999972,7.21187428489256
"1316",5.14999999999972,7.21497267193639
"1317",5.15999999999972,7.21801150869597
"1318",5.16999999999972,7.220991838481
"1319",5.17999999999972,7.2239147046012
"1320",5.18999999999972,7.22678115036628
"1321",5.19999999999972,7.22959221908597
"1322",5.20999999999972,7.23234895406999
"1323",5.21999999999972,7.23505239862805
"1324",5.22999999999972,7.23770359606987
"1325",5.23999999999972,7.24030358970516
"1326",5.24999999999972,7.24285342284365
"1327",5.25999999999972,7.24535413879506
"1328",5.26999999999972,7.24780678086909
"1329",5.27999999999972,7.25021239237547
"1330",5.28999999999972,7.25257201662392
"1331",5.29999999999972,7.25488669692415
"1332",5.30999999999972,7.25715747658589
"1333",5.31999999999972,7.25938539891884
"1334",5.32999999999972,7.26157150723273
"1335",5.33999999999972,7.26371684483728
"1336",5.34999999999972,7.2658224550422
"1337",5.35999999999972,7.26788938115721
"1338",5.36999999999972,7.26991866649203
"1339",5.37999999999971,7.27191135435637
"1340",5.38999999999971,7.27386848805996
"1341",5.39999999999971,7.27579111091251
"1342",5.40999999999971,7.27768026622375
"1343",5.41999999999971,7.27953905525355
"1344",5.42999999999971,7.28136871339956
"1345",5.43999999999971,7.28316748517811
"1346",5.44999999999971,7.28493361510551
"1347",5.45999999999971,7.28666534769809
"1348",5.46999999999971,7.28836092747218
"1349",5.47999999999971,7.2900185989441
"1350",5.48999999999971,7.29163660663018
"1351",5.49999999999971,7.29321319504673
"1352",5.50999999999971,7.29474660871009
"1353",5.51999999999971,7.29623509213658
"1354",5.52999999999971,7.29767688984252
"1355",5.53999999999971,7.29907024634424
"1356",5.54999999999971,7.30041340615806
"1357",5.55999999999971,7.30170461380031
"1358",5.56999999999971,7.30294211378731
"1359",5.57999999999971,7.30412415063539
"1360",5.58999999999971,7.30524896886087
"1361",5.59999999999971,7.30631481298007
"1362",5.60999999999971,7.30731992750933
"1363",5.61999999999971,7.30826255696496
"1364",5.62999999999971,7.30914094586329
"1365",5.63999999999971,7.30995333872065
"1366",5.64999999999971,7.31069798005335
"1367",5.65999999999971,7.31137311437773
"1368",5.66999999999971,7.3119769862101
"1369",5.67999999999971,7.3125078400668
"1370",5.68999999999971,7.31296392046415
"1371",5.69999999999971,7.31334347191847
"1372",5.70999999999971,7.31364473894608
"1373",5.71999999999971,7.31386596606332
"1374",5.72999999999971,7.3140053977865
"1375",5.73999999999971,7.31406127863195
"1376",5.74999999999971,7.31403185311599
"1377",5.75999999999971,7.31391536575496
"1378",5.76999999999971,7.31371006106517
"1379",5.77999999999971,7.31341418356295
"1380",5.78999999999971,7.31302597776463
"1381",5.79999999999971,7.31254368818652
"1382",5.80999999999971,7.31196555934495
"1383",5.81999999999971,7.31128983575625
"1384",5.82999999999971,7.31051476193675
"1385",5.8399999999997,7.30963858240276
"1386",5.8499999999997,7.30865954167061
"1387",5.8599999999997,7.30757588425663
"1388",5.8699999999997,7.30638585467713
"1389",5.8799999999997,7.30508769744846
"1390",5.8899999999997,7.30367965708692
"1391",5.8999999999997,7.30215997810885
"1392",5.9099999999997,7.30052690503056
"1393",5.9199999999997,7.29877868236839
"1394",5.9299999999997,7.29691355463866
"1395",5.9399999999997,7.29498862538051
"1396",5.9499999999997,7.29306166798743
"1397",5.9599999999997,7.29113193175723
"1398",5.9699999999997,7.28919866598773
"1399",5.9799999999997,7.28726111997674
"1400",5.9899999999997,7.28531854302208
"1401",5.9999999999997,7.28337018442157
"1402",6.0099999999997,7.28141529347302
"1403",6.0199999999997,7.27945311947426
"1404",6.0299999999997,7.27748291172309
"1405",6.0399999999997,7.27550391951733
"1406",6.0499999999997,7.2735153921548
"1407",6.0599999999997,7.27151657893332
"1408",6.0699999999997,7.26950672915071
"1409",6.0799999999997,7.26748509210477
"1410",6.0899999999997,7.26545091709333
"1411",6.0999999999997,7.2634034534142
"1412",6.1099999999997,7.2613419503652
"1413",6.1199999999997,7.25926565724414
"1414",6.1299999999997,7.25717382334885
"1415",6.1399999999997,7.25506569797714
"1416",6.1499999999997,7.25294053042682
"1417",6.1599999999997,7.25079756999572
"1418",6.1699999999997,7.24863606598164
"1419",6.1799999999997,7.24645526768241
"1420",6.1899999999997,7.24425442439584
"1421",6.1999999999997,7.24203278541975
"1422",6.2099999999997,7.23978960005195
"1423",6.2199999999997,7.23752411759026
"1424",6.2299999999997,7.23523558733251
"1425",6.2399999999997,7.23292325857649
"1426",6.2499999999997,7.23058638062004
"1427",6.2599999999997,7.22822420276096
"1428",6.2699999999997,7.22583597429708
"1429",6.2799999999997,7.22342094452621
"1430",6.2899999999997,7.22097836274617
"1431",6.2999999999997,7.21850747825477
"1432",6.30999999999969,7.21600754034983
"1433",6.31999999999969,7.21347779832917
"1434",6.32999999999969,7.2109175014906
"1435",6.33999999999969,7.20832589913194
"1436",6.34999999999969,7.205702240551
"1437",6.35999999999969,7.20304577504561
"1438",6.36999999999969,7.20035575191359
"1439",6.37999999999969,7.19763142045273
"1440",6.38999999999969,7.19487202996087
"1441",6.39999999999969,7.19207682973582
"1442",6.40999999999969,7.18924506907539
"1443",6.41999999999969,7.1863759972774
"1444",6.42999999999969,7.18346886363968
"1445",6.43999999999969,7.18052291746003
"1446",6.44999999999969,7.17757641416094
"1447",6.45999999999969,7.17466737688539
"1448",6.46999999999969,7.17179470651194
"1449",6.47999999999969,7.16895730391915
"1450",6.48999999999969,7.1661540699856
"1451",6.49999999999969,7.16338390558985
"1452",6.50999999999969,7.16064571161046
"1453",6.51999999999969,7.15793838892599
"1454",6.52999999999969,7.15526083841501
"1455",6.53999999999969,7.15261196095609
"1456",6.54999999999969,7.14999065742779
"1457",6.55999999999969,7.14739582870867
"1458",6.56999999999969,7.14482637567729
"1459",6.57999999999969,7.14228119921223
"1460",6.58999999999969,7.13975920019204
"1461",6.59999999999969,7.1372592794953
"1462",6.60999999999969,7.13478033800056
"1463",6.61999999999969,7.13232127658639
"1464",6.62999999999969,7.12988099613135
"1465",6.63999999999969,7.12745839751401
"1466",6.64999999999969,7.12505238161293
"1467",6.65999999999969,7.12266184930668
"1468",6.66999999999969,7.12028570147382
"1469",6.67999999999969,7.11792283899292
"1470",6.68999999999969,7.11557216274254
"1471",6.69999999999969,7.11323257360124
"1472",6.70999999999969,7.11090297244759
"1473",6.71999999999969,7.10858226016015
"1474",6.72999999999969,7.10626933761749
"1475",6.73999999999969,7.10396310569817
"1476",6.74999999999969,7.10166246528076
"1477",6.75999999999969,7.09936631724382
"1478",6.76999999999969,7.09707356246592
"1479",6.77999999999968,7.09478310182561
"1480",6.78999999999968,7.09249383620147
"1481",6.79999999999968,7.09020466647206
"1482",6.80999999999968,7.08791449351594
"1483",6.81999999999968,7.08562221821168
"1484",6.82999999999968,7.08332674143784
"1485",6.83999999999968,7.08102696407298
"1486",6.84999999999968,7.07872178699568
"1487",6.85999999999968,7.07641011108449
"1488",6.86999999999968,7.07409083721797
"1489",6.87999999999968,7.07176286627471
"1490",6.88999999999968,7.06942509913325
"1491",6.89999999999968,7.06707643667216
"1492",6.90999999999968,7.06471577977001
"1493",6.91999999999968,7.06234202930536
"1494",6.92999999999968,7.05995408615678
"1495",6.93999999999968,7.05755085120282
"1496",6.94999999999968,7.05513122532206
"1497",6.95999999999968,7.05269410939306
"1498",6.96999999999968,7.05025718085655
"1499",6.97999999999968,7.0478389904675
"1500",6.98999999999968,7.04543974907584
"1501",6.99999999999968,7.04305966753151
"1502",7.00999999999968,7.04069895668444
"1503",7.01999999999968,7.03835782738457
"1504",7.02999999999968,7.03603649048183
"1505",7.03999999999968,7.03373515682615
"1506",7.04999999999968,7.03145403726748
"1507",7.05999999999968,7.02919334265574
"1508",7.06999999999968,7.02695328384087
"1509",7.07999999999968,7.0247340716728
"1510",7.08999999999968,7.02253591700147
"1511",7.09999999999968,7.0203590306768
"1512",7.10999999999968,7.01820362354874
"1513",7.11999999999968,7.01606990646722
"1514",7.12999999999968,7.01395809028218
"1515",7.13999999999968,7.01186838584354
"1516",7.14999999999968,7.00980100400124
"1517",7.15999999999968,7.00775615560522
"1518",7.16999999999968,7.00573405150541
"1519",7.17999999999968,7.00373490255174
"1520",7.18999999999968,7.00175891959415
"1521",7.19999999999968,6.99980631348257
"1522",7.20999999999968,6.99787729506694
"1523",7.21999999999968,6.99597207519719
"1524",7.22999999999968,6.99409086472325
"1525",7.23999999999968,6.99223387449506
"1526",7.24999999999967,6.99040131536256
"1527",7.25999999999967,6.98859339817567
"1528",7.26999999999967,6.98681033378434
"1529",7.27999999999967,6.98505233303849
"1530",7.28999999999967,6.98331960678806
"1531",7.29999999999967,6.98161236588298
"1532",7.30999999999967,6.97993082117319
"1533",7.31999999999967,6.97827518350863
"1534",7.32999999999967,6.97664566373922
"1535",7.33999999999967,6.9750424727149
"1536",7.34999999999967,6.97346582128561
"1537",7.35999999999967,6.97191592030127
"1538",7.36999999999967,6.97039298061183
"1539",7.37999999999967,6.96889721306722
"1540",7.38999999999967,6.96742882851736
"1541",7.39999999999967,6.96598803781221
"1542",7.40999999999967,6.96457505180168
"1543",7.41999999999967,6.96319008133572
"1544",7.42999999999967,6.96183333726425
"1545",7.43999999999967,6.96050503043722
"1546",7.44999999999967,6.95920537170455
"1547",7.45999999999967,6.95793457191619
"1548",7.46999999999967,6.95669284192206
"1549",7.47999999999967,6.9554663643444
"1550",7.48999999999967,6.95424158348453
"1551",7.49999999999967,6.95301910271104
"1552",7.50999999999967,6.95179952539252
"1553",7.51999999999967,6.95058345489753
"1554",7.52999999999967,6.94937149459467
"1555",7.53999999999967,6.94816424785252
"1556",7.54999999999967,6.94696231803965
"1557",7.55999999999967,6.94576630852466
"1558",7.56999999999967,6.94457682267612
"1559",7.57999999999967,6.94339446386262
"1560",7.58999999999967,6.94221983545273
"1561",7.59999999999967,6.94105354081504
"1562",7.60999999999967,6.93989618331814
"1563",7.61999999999967,6.9387483663306
"1564",7.62999999999967,6.937610693221
"1565",7.63999999999967,6.93648376735793
"1566",7.64999999999967,6.93536819210997
"1567",7.65999999999967,6.93426457084571
"1568",7.66999999999967,6.93317350693372
"1569",7.67999999999967,6.93209560374258
"1570",7.68999999999967,6.93103146464089
"1571",7.69999999999967,6.92998169299721
"1572",7.70999999999967,6.92894689218014
"1573",7.71999999999966,6.92792766555825
"1574",7.72999999999966,6.92692461650013
"1575",7.73999999999966,6.92593834837436
"1576",7.74999999999966,6.92496946454952
"1577",7.75999999999966,6.92401856839419
"1578",7.76999999999966,6.92308626327696
"1579",7.77999999999966,6.92217315256641
"1580",7.78999999999966,6.92127983963111
"1581",7.79999999999966,6.92040692783966
"1582",7.80999999999966,6.91955502056063
"1583",7.81999999999966,6.9187247211626
"1584",7.82999999999966,6.91791663301417
"1585",7.83999999999966,6.9171313594839
"1586",7.84999999999966,6.91636950394039
"1587",7.85999999999966,6.91563166975221
"1588",7.86999999999966,6.91491846028795
"1589",7.87999999999966,6.91423047891619
"1590",7.88999999999966,6.9135683290055
"1591",7.89999999999966,6.91293261392448
"1592",7.90999999999966,6.91232393704171
"1593",7.91999999999966,6.91174290172576
"1594",7.92999999999966,6.91119011134522
"1595",7.93999999999966,6.91066616926867
"1596",7.94999999999966,6.9101716788647
"1597",7.95999999999966,6.90970724350188
"1598",7.96999999999966,6.9092734665488
"1599",7.97999999999966,6.90887095137403
"1600",7.98999999999966,6.90850030134617
"1601",7.99999999999966,6.90814632721833
"1602",8.00999999999966,6.90779349061803
"1603",8.01999999999966,6.90744187122548
"1604",8.02999999999966,6.90709154872085
"1605",8.03999999999966,6.90674260278434
"1606",8.04999999999966,6.90639511309615
"1607",8.05999999999966,6.90604915933647
"1608",8.06999999999966,6.90570482118549
"1609",8.07999999999966,6.9053621783234
"1610",8.08999999999966,6.90502131043041
"1611",8.09999999999966,6.90468229718669
"1612",8.10999999999966,6.90434521827245
"1613",8.11999999999966,6.90401015336788
"1614",8.12999999999965,6.90367718215317
"1615",8.13999999999966,6.90334638430851
"1616",8.14999999999966,6.9030178395141
"1617",8.15999999999966,6.90269162745012
"1618",8.16999999999965,6.90236782779678
"1619",8.17999999999966,6.90204652023427
"1620",8.18999999999966,6.90172778444277
"1621",8.19999999999965,6.90141170010249
"1622",8.20999999999965,6.90109834689361
"1623",8.21999999999965,6.90078780449633
"1624",8.22999999999966,6.90048015259084
"1625",8.23999999999965,6.90017547085733
"1626",8.24999999999965,6.89987383897599
"1627",8.25999999999965,6.89957533662703
"1628",8.26999999999965,6.89928004349063
"1629",8.27999999999965,6.89898803924699
"1630",8.28999999999965,6.8986994035763
"1631",8.29999999999965,6.89841421615875
"1632",8.30999999999965,6.89813255667453
"1633",8.31999999999965,6.89785450480384
"1634",8.32999999999965,6.89758014022687
"1635",8.33999999999965,6.89730954262382
"1636",8.34999999999965,6.89704279167487
"1637",8.35999999999965,6.89677996706022
"1638",8.36999999999965,6.89652114846007
"1639",8.37999999999965,6.8962664155546
"1640",8.38999999999965,6.89601584802401
"1641",8.39999999999965,6.89576952554849
"1642",8.40999999999965,6.89552752780824
"1643",8.41999999999965,6.89528993448345
"1644",8.42999999999965,6.89505682525431
"1645",8.43999999999965,6.89482827980101
"1646",8.44999999999965,6.89460437780375
"1647",8.45999999999965,6.89438519894272
"1648",8.46999999999965,6.89417082289811
"1649",8.47999999999965,6.89396132935012
"1650",8.48999999999965,6.89375679797894
"1651",8.49999999999965,6.89355730846476
"1652",8.50999999999965,6.89336113060969
"1653",8.51999999999965,6.89316646558254
"1654",8.52999999999965,6.89297329011358
"1655",8.53999999999965,6.89278158093307
"1656",8.54999999999965,6.89259131477129
"1657",8.55999999999965,6.89240246835848
"1658",8.56999999999965,6.89221501842492
"1659",8.57999999999965,6.89202894170088
"1660",8.58999999999965,6.89184421491662
"1661",8.59999999999965,6.8916608148024
"1662",8.60999999999964,6.89147871808848
"1663",8.61999999999965,6.89129790150515
"1664",8.62999999999965,6.89111834178265
"1665",8.63999999999965,6.89094001565125
"1666",8.64999999999964,6.89076289984122
"1667",8.65999999999964,6.89058697108283
"1668",8.66999999999965,6.89041220610634
"1669",8.67999999999964,6.890238581642
"1670",8.68999999999964,6.8900660744201
"1671",8.69999999999964,6.88989466117089
"1672",8.70999999999965,6.88972431862464
"1673",8.71999999999964,6.88955502351161
"1674",8.72999999999964,6.88938675256207
"1675",8.73999999999964,6.88921948250629
"1676",8.74999999999964,6.88905319007452
"1677",8.75999999999964,6.88888785199704
"1678",8.76999999999964,6.88872344500411
"1679",8.77999999999964,6.88855994582599
"1680",8.78999999999964,6.88839733119295
"1681",8.79999999999964,6.88823557783525
"1682",8.80999999999964,6.88807466248316
"1683",8.81999999999964,6.88791456186695
"1684",8.82999999999964,6.88775525271687
"1685",8.83999999999964,6.8875967117632
"1686",8.84999999999964,6.8874389157362
"1687",8.85999999999964,6.88728184136613
"1688",8.86999999999964,6.88712546538325
"1689",8.87999999999964,6.88696976451785
"1690",8.88999999999964,6.88681471550017
"1691",8.89999999999964,6.88666029506048
"1692",8.90999999999964,6.88650647992906
"1693",8.91999999999964,6.88635324683616
"1694",8.92999999999964,6.88620057251204
"1695",8.93999999999964,6.88604843368698
"1696",8.94999999999964,6.88589680709124
"1697",8.95999999999964,6.88574566945508
"1698",8.96999999999964,6.88559499750878
"1699",8.97999999999964,6.88544476798258
"1700",8.98999999999964,6.88529495760677
"1701",8.99999999999964,6.88514554311159
"1702",9.00999999999964,6.88499650122733
"1703",9.01999999999964,6.88484780868424
"1704",9.02999999999964,6.88469865541587
"1705",9.03999999999964,6.8845482793371
"1706",9.04999999999963,6.88439672915018
"1707",9.05999999999964,6.88424405355736
"1708",9.06999999999964,6.88409030126091
"1709",9.07999999999964,6.88393552096307
"1710",9.08999999999963,6.88377976136611
"1711",9.09999999999964,6.88362307117228
"1712",9.10999999999964,6.88346549908383
"1713",9.11999999999964,6.88330709380303
"1714",9.12999999999963,6.88314790403211
"1715",9.13999999999963,6.88298797847335
"1716",9.14999999999964,6.882827365829
"1717",9.15999999999963,6.88266611480131
"1718",9.16999999999963,6.88250427409254
"1719",9.17999999999963,6.88234189240494
"1720",9.18999999999964,6.88217901844078
"1721",9.19999999999963,6.8820157009023
"1722",9.20999999999963,6.88185198849176
"1723",9.21999999999963,6.88168792991141
"1724",9.22999999999963,6.88152357386352
"1725",9.23999999999963,6.88135896905034
"1726",9.24999999999963,6.88119416417412
"1727",9.25999999999963,6.88102920793712
"1728",9.26999999999963,6.8808641490416
"1729",9.27999999999963,6.8806990361898
"1730",9.28999999999963,6.880533918084
"1731",9.29999999999963,6.88036884342643
"1732",9.30999999999963,6.88020386091936
"1733",9.31999999999963,6.88003901926505
"1734",9.32999999999963,6.87987436716574
"1735",9.33999999999963,6.8797099533237
"1736",9.34999999999963,6.87954582644118
"1737",9.35999999999963,6.87938203522043
"1738",9.36999999999963,6.87921862836372
"1739",9.37999999999963,6.87905565457329
"1740",9.38999999999963,6.87889316255141
"1741",9.39999999999963,6.87873120100032
"1742",9.40999999999963,6.87856981862229
"1743",9.41999999999963,6.87840906411957
"1744",9.42999999999963,6.87824898619441
"1745",9.43999999999963,6.87808963354908
"1746",9.44999999999963,6.87793105488582
"1747",9.45999999999963,6.87777329890689
"1748",9.46999999999963,6.87761641431455
"1749",9.47999999999963,6.87746044981105
"1750",9.48999999999963,6.87730545409866
"1751",9.49999999999963,6.87715147587962
"1752",9.50999999999963,6.87699856385618
"1753",9.51999999999963,6.87684676673062
"1754",9.52999999999962,6.87669613320517
"1755",9.53999999999963,6.87654671198211
"1756",9.54999999999963,6.87639816747501
"1757",9.55999999999963,6.87625012609121
"1758",9.56999999999962,6.87610257952353
"1759",9.57999999999963,6.87595551946483
"1760",9.58999999999963,6.87580893760794
"1761",9.59999999999962,6.87566282564571
"1762",9.60999999999962,6.87551717527098
"1763",9.61999999999962,6.87537197817658
"1764",9.62999999999963,6.87522722605536
"1765",9.63999999999962,6.87508291060016
"1766",9.64999999999962,6.87493902350382
"1767",9.65999999999962,6.87479555645919
"1768",9.66999999999963,6.8746525011591
"1769",9.67999999999962,6.87450984929639
"1770",9.68999999999962,6.87436759256391
"1771",9.69999999999962,6.8742257226545
"1772",9.70999999999962,6.874084231261
"1773",9.71999999999962,6.87394311007625
"1774",9.72999999999962,6.87380235079309
"1775",9.73999999999962,6.87366194510437
"1776",9.74999999999962,6.87352188470292
"1777",9.75999999999962,6.87338216128158
"1778",9.76999999999962,6.87324276653321
"1779",9.77999999999962,6.87310369215063
"1780",9.78999999999962,6.87296492982669
"1781",9.79999999999962,6.87282647125423
"1782",9.80999999999962,6.8726883081261
"1783",9.81999999999962,6.87255043213513
"1784",9.82999999999962,6.87241283497416
"1785",9.83999999999962,6.87227550833604
"1786",9.84999999999962,6.87213844391361
"1787",9.85999999999962,6.87200163339971
"1788",9.86999999999962,6.87186506848717
"1789",9.87999999999962,6.87172874086885
"1790",9.88999999999962,6.87159264223758
"1791",9.89999999999962,6.87145676428621
"1792",9.90999999999962,6.87132109870757
"1793",9.91999999999962,6.87118563719451
"1794",9.92999999999962,6.87105037143986
"1795",9.93999999999962,6.87091529313648
"1796",9.94999999999962,6.8707803939772
"1797",9.95999999999962,6.87064566565485
"1798",9.96999999999962,6.8705110998623
"1799",9.97999999999962,6.87037668829236
"1800",9.98999999999962,6.87024242263789
"1801",9.99999999999962,6.87010829459173
"1802",10.0099999999996,6.86997429584672
"1803",10.0199999999996,6.8698404180957
"1804",10.0299999999996,6.86970665303151
"1805",10.0399999999996,6.86957299234699
"1806",10.0499999999996,6.86943942773498
"1807",10.0599999999996,6.86930595088833
"1808",10.0699999999996,6.86917282509821
"1809",10.0799999999996,6.86904029724225
"1810",10.0899999999996,6.86890833439299
"1811",10.0999999999996,6.86877690362294
"1812",10.1099999999996,6.86864597200466
"1813",10.1199999999996,6.86851550661065
"1814",10.1299999999996,6.86838547451346
"1815",10.1399999999996,6.86825584278562
"1816",10.1499999999996,6.86812657849965
"1817",10.1599999999996,6.8679976487281
"1818",10.1699999999996,6.86786902054348
"1819",10.1799999999996,6.86774066101832
"1820",10.1899999999996,6.86761253722517
"1821",10.1999999999996,6.86748461623655
"1822",10.2099999999996,6.86735686512499
"1823",10.2199999999996,6.86722925096302
"1824",10.2299999999996,6.86710174082317
"1825",10.2399999999996,6.86697430177797
"1826",10.2499999999996,6.86684690089996
"1827",10.2599999999996,6.86671950526166
"1828",10.2699999999996,6.86659208193561
"1829",10.2799999999996,6.86646459799433
"1830",10.2899999999996,6.86633702051036
"1831",10.2999999999996,6.86620931655622
"1832",10.3099999999996,6.86608145320445
"1833",10.3199999999996,6.86595339752758
"1834",10.3299999999996,6.86582511659814
"1835",10.3399999999996,6.86569657748865
"1836",10.3499999999996,6.86556774727166
"1837",10.3599999999996,6.86543859301969
"1838",10.3699999999996,6.86530908180526
"1839",10.3799999999996,6.86517918070092
"1840",10.3899999999996,6.86504885677919
"1841",10.3999999999996,6.86491807711261
"1842",10.4099999999996,6.8647868087737
"1843",10.4199999999996,6.86465501883499
"1844",10.4299999999996,6.86452267436902
"1845",10.4399999999996,6.86438974244832
"1846",10.4499999999996,6.86425619014541
"1847",10.4599999999996,6.86412198453282
"1848",10.4699999999996,6.8639870926831
"1849",10.4799999999996,6.86385148166876
"1850",10.4899999999996,6.86371511856234
"1851",10.4999999999996,6.86357797043638
"1852",10.5099999999996,6.86344000436339
"1853",10.5199999999996,6.86330118741591
"1854",10.5299999999996,6.86316148666648
"1855",10.5399999999996,6.86302086918761
"1856",10.5499999999996,6.86287930205185
"1857",10.5599999999996,6.86273675233173
"1858",10.5699999999996,6.86259318709977
"1859",10.5799999999996,6.86244837474923
"1860",10.5899999999996,6.8623021450717
"1861",10.5999999999996,6.86215455723716
"1862",10.6099999999996,6.86200567041557
"1863",10.6199999999996,6.86185554377694
"1864",10.6299999999996,6.86170423649125
"1865",10.6399999999996,6.86155180772847
"1866",10.6499999999996,6.86139831665859
"1867",10.6599999999996,6.86124382245159
"1868",10.6699999999996,6.86108838427746
"1869",10.6799999999996,6.86093206130618
"1870",10.6899999999996,6.86077491270774
"1871",10.6999999999996,6.86061699765211
"1872",10.7099999999996,6.86045837530929
"1873",10.7199999999996,6.86029910484925
"1874",10.7299999999996,6.86013924544197
"1875",10.7399999999996,6.85997885625745
"1876",10.7499999999996,6.85981799646567
"1877",10.7599999999996,6.8596567252366
"1878",10.7699999999996,6.85949510174023
"1879",10.7799999999996,6.85933318514654
"1880",10.7899999999996,6.85917103462553
"1881",10.7999999999996,6.85900870934717
"1882",10.8099999999996,6.85884626848144
"1883",10.8199999999996,6.85868377119833
"1884",10.8299999999996,6.85852127666782
"1885",10.8399999999996,6.8583588440599
"1886",10.8499999999996,6.85819653254455
"1887",10.8599999999996,6.85803440129175
"1888",10.8699999999996,6.85787250947148
"1889",10.8799999999996,6.85771091625373
"1890",10.8899999999996,6.85754968080849
"1891",10.8999999999996,6.85738886230573
"1892",10.9099999999996,6.85722851991544
"1893",10.9199999999996,6.85706871280761
"1894",10.9299999999996,6.85690950015221
"1895",10.9399999999996,6.85675094111923
"1896",10.9499999999996,6.85659309487865
"1897",10.9599999999996,6.85643602060046
"1898",10.9699999999996,6.85627977745464
"1899",10.9799999999996,6.85612442461117
"1900",10.9899999999996,6.85597002124004
"1901",10.9999999999996,6.85581662651123
"1902",11.0099999999996,6.85566429959472
"1903",11.0199999999996,6.8555130996605
"1904",11.0299999999996,6.85536308587855
"1905",11.0399999999996,6.85521431741885
"1906",11.0499999999996,6.85506685345139
"1907",11.0599999999996,6.85492075314615
"1908",11.0699999999996,6.85477607567311
"1909",11.0799999999996,6.85463288020227
"1910",11.0899999999996,6.85449122590359
"1911",11.0999999999996,6.85435098248942
"1912",11.1099999999996,6.85421194573421
"1913",11.1199999999996,6.85407406390108
"1914",11.1299999999996,6.85393728525315
"1915",11.1399999999996,6.85380155805356
"1916",11.1499999999996,6.85366683056544
"1917",11.1599999999996,6.85353305105192
"1918",11.1699999999996,6.85340016777612
"1919",11.1799999999996,6.85326812900118
"1920",11.1899999999996,6.85313688299022
"1921",11.1999999999996,6.85300637800637
"1922",11.2099999999996,6.85287656231277
"1923",11.2199999999996,6.85274738417253
"1924",11.2299999999996,6.8526187918488
"1925",11.2399999999996,6.85249073360469
"1926",11.2499999999996,6.85236315770335
"1927",11.2599999999996,6.85223601240789
"1928",11.2699999999996,6.85210924598145
"1929",11.2799999999996,6.85198280668716
"1930",11.2899999999996,6.85185664278814
"1931",11.2999999999996,6.85173070254752
"1932",11.3099999999996,6.85160493422844
"1933",11.3199999999996,6.85147928609402
"1934",11.3299999999996,6.85135370640739
"1935",11.3399999999996,6.85122814343169
"1936",11.3499999999996,6.85110254543003
"1937",11.3599999999996,6.85097686066555
"1938",11.3699999999996,6.85085103740138
"1939",11.3799999999996,6.85072502390065
"1940",11.3899999999996,6.85059876842648
"1941",11.3999999999996,6.85047221924201
"1942",11.4099999999996,6.85034532461037
"1943",11.4199999999996,6.85021803279468
"1944",11.4299999999996,6.85009029205807
"1945",11.4399999999996,6.84996205066367
"1946",11.4499999999996,6.84983325687461
"1947",11.4599999999996,6.84970385895403
"1948",11.4699999999996,6.84957380516504
"1949",11.4799999999996,6.84944304377079
"1950",11.4899999999996,6.84931152303439
"1951",11.4999999999996,6.84917919121897
"1952",11.5099999999996,6.84904599658768
"1953",11.5199999999996,6.84891188740363
"1954",11.5299999999996,6.84877681192995
"1955",11.5399999999996,6.84864071842978
"1956",11.5499999999996,6.84850355516624
"1957",11.5599999999996,6.84836527040246
"1958",11.5699999999996,6.84822581240157
"1959",11.5799999999996,6.8480851294267
"1960",11.5899999999996,6.84794316974098
"1961",11.5999999999996,6.84779988160754
"1962",11.6099999999996,6.84765548707539
"1963",11.6199999999996,6.84751025559856
"1964",11.6299999999996,6.8473642065477
"1965",11.6399999999996,6.84721735929348
"1966",11.6499999999996,6.84706973320654
"1967",11.6599999999996,6.84692134765754
"1968",11.6699999999996,6.84677222201714
"1969",11.6799999999996,6.846622375656
"1970",11.6899999999996,6.84647182794477
"1971",11.6999999999996,6.84632059825411
"1972",11.7099999999996,6.84616870595467
"1973",11.7199999999996,6.84601617041711
"1974",11.7299999999996,6.84586301101208
"1975",11.7399999999996,6.84570924711025
"1976",11.7499999999996,6.84555489808226
"1977",11.7599999999996,6.84539998329878
"1978",11.7699999999996,6.84524452213046
"1979",11.7799999999996,6.84508853394795
"1980",11.7899999999996,6.84493203812191
"1981",11.7999999999996,6.84477505402301
"1982",11.8099999999996,6.84461760102188
"1983",11.8199999999996,6.8444596984892
"1984",11.8299999999996,6.84430136579561
"1985",11.8399999999996,6.84414262231177
"1986",11.8499999999996,6.84398348740835
"1987",11.8599999999996,6.84382398045598
"1988",11.8699999999996,6.84366412082534
"1989",11.8799999999996,6.84350392788707
"1990",11.8899999999996,6.84334342101183
"1991",11.8999999999996,6.84318261957029
"1992",11.9099999999996,6.84302154293308
"1993",11.9199999999996,6.84286021047088
"1994",11.9299999999996,6.84269864155434
"1995",11.9399999999996,6.8425368555541
"1996",11.9499999999996,6.84237487184084
"1997",11.9599999999996,6.8422127097852
"1998",11.9699999999996,6.84205038875784
"1999",11.9799999999996,6.84188792812941
"2000",11.9899999999996,6.84172534727059
"2001",11.9999999999996,6.841562665552
"2002",12.0099999999996,6.84139990234432
"2003",12.0199999999996,6.84123707701821
"2004",12.0299999999996,6.84107420894431
"2005",12.0399999999996,6.84091131749328
"2006",12.0499999999996,6.84074842203579
"2007",12.0599999999996,6.84058554194247
"2008",12.0699999999996,6.840422696584
"2009",12.0799999999996,6.84025990533103
"2010",12.0899999999996,6.84009718755421
"2011",12.0999999999996,6.8399345626242
"2012",12.1099999999996,6.83977204991165
"2013",12.1199999999996,6.83960966878723
"2014",12.1299999999996,6.83944735449225
"2015",12.1399999999996,6.83928503524046
"2016",12.1499999999996,6.83912271986113
"2017",12.1599999999996,6.83896041718356
"2018",12.1699999999996,6.83879813603702
"2019",12.1799999999996,6.8386358852508
"2020",12.1899999999996,6.83847367365417
"2021",12.1999999999996,6.83831151007643
"2022",12.2099999999996,6.83814940334685
"2023",12.2199999999996,6.83798736229471
"2024",12.2299999999996,6.8378253957493
"2025",12.2399999999996,6.8376635125399
"2026",12.2499999999996,6.8375017214958
"2027",12.2599999999996,6.83734003144627
"2028",12.2699999999996,6.83717845122059
"2029",12.2799999999996,6.83701698964806
"2030",12.2899999999996,6.83685565555794
"2031",12.2999999999996,6.83669445777953
"2032",12.3099999999996,6.83653340514211
"2033",12.3199999999996,6.83637250647495
"2034",12.3299999999996,6.83621177060735
"2035",12.3399999999996,6.83605120636858
"2036",12.3499999999996,6.83589082258792
"2037",12.3599999999996,6.83573062809467
"2038",12.3699999999996,6.83557063171809
"2039",12.3799999999996,6.83541084228747
"2040",12.3899999999996,6.8352512686321
"2041",12.3999999999996,6.83509191958126
"2042",12.4099999999996,6.83493280396423
"2043",12.4199999999996,6.83477393061029
"2044",12.4299999999996,6.83461530834872
"2045",12.4399999999996,6.83445694600881
"2046",12.4499999999996,6.83429885241984
"2047",12.4599999999996,6.83414103641109
"2048",12.4699999999996,6.83398350681184
"2049",12.4799999999996,6.83382627245138
"2050",12.4899999999996,6.83366934215899
"2051",12.4999999999996,6.83351272476395
"2052",12.5099999999996,6.83335642909554
"2053",12.5199999999996,6.83320046398305
"2054",12.5299999999996,6.83304483825575
"2055",12.5399999999996,6.83288956074294
"2056",12.5499999999996,6.83273464027389
"2057",12.5599999999996,6.83258008567788
"2058",12.5699999999996,6.83242590578419
"2059",12.5799999999996,6.83227210942212
"2060",12.5899999999996,6.83211870542094
"2061",12.5999999999996,6.83196570260994
"2062",12.6099999999996,6.83181310981838
"2063",12.6199999999996,6.83166093587557
"2064",12.6299999999996,6.83150918961078
"2065",12.6399999999996,6.83135760179362
"2066",12.6499999999996,6.83120588670083
"2067",12.6599999999996,6.83105402842241
"2068",12.6699999999996,6.83090201104834
"2069",12.6799999999996,6.8307498186686
"2070",12.6899999999996,6.8305974353732
"2071",12.6999999999996,6.83044484525212
"2072",12.7099999999996,6.83029203239534
"2073",12.7199999999996,6.83013898089286
"2074",12.7299999999996,6.82998567483466
"2075",12.7399999999996,6.82983209831073
"2076",12.7499999999996,6.82967823541107
"2077",12.7599999999996,6.82952407022565
"2078",12.7699999999996,6.82936958684448
"2079",12.7799999999996,6.82921476935753
"2080",12.7899999999996,6.8290596018548
"2081",12.7999999999996,6.82890406842627
"2082",12.8099999999996,6.82874815316194
"2083",12.8199999999996,6.82859184015179
"2084",12.8299999999996,6.82843511348581
"2085",12.8399999999996,6.828277957254
"2086",12.8499999999996,6.82812035554633
"2087",12.8599999999996,6.82796229245279
"2088",12.8699999999996,6.82780375206339
"2089",12.8799999999996,6.8276447184681
"2090",12.8899999999996,6.82748517575691
"2091",12.8999999999996,6.82732510801981
"2092",12.9099999999996,6.8271644993468
"2093",12.9199999999996,6.82700333382785
"2094",12.9299999999996,6.82684159555297
"2095",12.9399999999996,6.82667926861213
"2096",12.9499999999996,6.82651633709532
"2097",12.9599999999996,6.82635278509254
"2098",12.9699999999996,6.82618859669378
"2099",12.9799999999996,6.82602375598901
"2100",12.9899999999996,6.82585824706824
"2101",12.9999999999996,6.82569205402145
"2102",13.0099999999996,6.82552516093862
"2103",13.0199999999996,6.82535755190975
"2104",13.0299999999996,6.82518921102483
"2105",13.0399999999996,6.82502012237384
"2106",13.0499999999995,6.82485027004677
"2107",13.0599999999996,6.82467963813362
"2108",13.0699999999996,6.82450821072436
"2109",13.0799999999996,6.824335971909
"2110",13.0899999999995,6.82416290577751
"2111",13.0999999999996,6.82398899641989
"2112",13.1099999999996,6.82381422792613
"2113",13.1199999999995,6.8236385843862
"2114",13.1299999999995,6.82346204989012
"2115",13.1399999999995,6.82328460852785
"2116",13.1499999999996,6.82310624438939
"2117",13.1599999999995,6.82292729431649
"2118",13.1699999999995,6.82274811389685
"2119",13.1799999999995,6.82256871533939
"2120",13.1899999999996,6.82238911085305
"2121",13.1999999999995,6.82220931264674
"2122",13.2099999999995,6.82202933292939
"2123",13.2199999999995,6.82184918390993
"2124",13.2299999999995,6.82166887779728
"2125",13.2399999999995,6.82148842680038
"2126",13.2499999999995,6.82130784312814
"2127",13.2599999999995,6.82112713898948
"2128",13.2699999999995,6.82094632659335
"2129",13.2799999999995,6.82076541814865
"2130",13.2899999999995,6.82058442586433
"2131",13.2999999999995,6.82040336194929
"2132",13.3099999999995,6.82022223861248
"2133",13.3199999999995,6.8200410680628
"2134",13.3299999999995,6.8198598625092
"2135",13.3399999999995,6.8196786341606
"2136",13.3499999999995,6.81949739522591
"2137",13.3599999999995,6.81931615791408
"2138",13.3699999999995,6.81913493443401
"2139",13.3799999999995,6.81895373699464
"2140",13.3899999999995,6.8187725778049
"2141",13.3999999999995,6.8185914690737
"2142",13.4099999999995,6.81841042300998
"2143",13.4199999999995,6.81822945182267
"2144",13.4299999999995,6.81804856772067
"2145",13.4399999999995,6.81786778291293
"2146",13.4499999999995,6.81768710960837
"2147",13.4599999999995,6.81750656001591
"2148",13.4699999999995,6.81732614634448
"2149",13.4799999999995,6.81714588080301
"2150",13.4899999999995,6.81696577560041
"2151",13.4999999999995,6.81678584294562
"2152",13.5099999999995,6.81660609504757
"2153",13.5199999999995,6.81642654411517
"2154",13.5299999999995,6.81624720235735
"2155",13.5399999999995,6.81606808198304
"2156",13.5499999999995,6.81588919520116
"2157",13.5599999999995,6.81571055422065
"2158",13.5699999999995,6.81553217125042
"2159",13.5799999999995,6.8153540584994
"2160",13.5899999999995,6.81517622817652
"2161",13.5999999999995,6.8149986924907
"2162",13.6099999999995,6.81482146365087
"2163",13.6199999999995,6.81464455386596
"2164",13.6299999999995,6.81446797534488
"2165",13.6399999999995,6.81429174029656
"2166",13.6499999999995,6.81411586092994
"2167",13.6599999999995,6.81394034945394
"2168",13.6699999999995,6.81376494841522
"2169",13.6799999999995,6.81358938754478
"2170",13.6899999999995,6.81341365982805
"2171",13.6999999999995,6.81323775825046
"2172",13.7099999999995,6.81306167579743
"2173",13.7199999999995,6.81288540545437
"2174",13.7299999999995,6.81270894020673
"2175",13.7399999999995,6.81253227303992
"2176",13.7499999999995,6.81235539693936
"2177",13.7599999999995,6.81217830489047
"2178",13.7699999999995,6.8120009898787
"2179",13.7799999999995,6.81182344488945
"2180",13.7899999999995,6.81164566290816
"2181",13.7999999999995,6.81146763692024
"2182",13.8099999999995,6.81128935991112
"2183",13.8199999999995,6.81111082486622
"2184",13.8299999999995,6.81093202477098
"2185",13.8399999999995,6.81075295261081
"2186",13.8499999999995,6.81057360137114
"2187",13.8599999999995,6.81039396403739
"2188",13.8699999999995,6.81021403359499
"2189",13.8799999999995,6.81003380302935
"2190",13.8899999999995,6.80985326532592
"2191",13.8999999999995,6.8096724134701
"2192",13.9099999999995,6.80949124044733
"2193",13.9199999999995,6.80930973924302
"2194",13.9299999999995,6.80912790284261
"2195",13.9399999999995,6.80894572423152
"2196",13.9499999999995,6.80876319639516
"2197",13.9599999999995,6.80858031231897
"2198",13.9699999999995,6.80839706498837
"2199",13.9799999999995,6.80821344738879
"2200",13.9899999999995,6.80802945250564
"2201",13.9999999999995,6.80784507332435
"2202",14.0099999999995,6.80766030283035
"2203",14.0199999999995,6.80747513400907
"2204",14.0299999999995,6.80728955984592
"2205",14.0399999999995,6.80710357332632
"2206",14.0499999999995,6.80691716743571
"2207",14.0599999999995,6.80673033515951
"2208",14.0699999999995,6.80654306948315
"2209",14.0799999999995,6.80635536339203
"2210",14.0899999999995,6.8061672098716
"2211",14.0999999999995,6.80597860190728
"2212",14.1099999999995,6.80578953248448
"2213",14.1199999999995,6.80559999458864
"2214",14.1299999999995,6.80540998120518
"2215",14.1399999999995,6.80521948531952
"2216",14.1499999999995,6.80502849991709
"2217",14.1599999999995,6.8048370179833
"2218",14.1699999999995,6.8046450325036
"2219",14.1799999999995,6.80445253646339
"2220",14.1899999999995,6.80425963690877
"2221",14.1999999999995,6.80406644864812
"2222",14.2099999999995,6.8038729763103
"2223",14.2199999999995,6.80367922452417
"2224",14.2299999999995,6.80348519791862
"2225",14.2399999999995,6.80329090112248
"2226",14.2499999999995,6.80309633876464
"2227",14.2599999999995,6.80290151547397
"2228",14.2699999999995,6.80270643587931
"2229",14.2799999999995,6.80251110460955
"2230",14.2899999999995,6.80231552629353
"2231",14.2999999999995,6.80211970556014
"2232",14.3099999999995,6.80192364703823
"2233",14.3199999999995,6.80172735535667
"2234",14.3299999999995,6.80153083514433
"2235",14.3399999999995,6.80133409103006
"2236",14.3499999999995,6.80113712764275
"2237",14.3599999999995,6.80093994961124
"2238",14.3699999999995,6.80074256156441
"2239",14.3799999999995,6.80054496813111
"2240",14.3899999999995,6.80034717394023
"2241",14.3999999999995,6.80014918362061
"2242",14.4099999999995,6.79995100180114
"2243",14.4199999999995,6.79975263311066
"2244",14.4299999999995,6.79955408217805
"2245",14.4399999999995,6.79935535363217
"2246",14.4499999999995,6.79915645210189
"2247",14.4599999999995,6.79895738221607
"2248",14.4699999999995,6.79875814860358
"2249",14.4799999999995,6.79855875589328
"2250",14.4899999999995,6.79835920871404
"2251",14.4999999999995,6.79815951169473
"2252",14.5099999999995,6.7979596694642
"2253",14.5199999999995,6.79775968665132
"2254",14.5299999999995,6.79755956788497
"2255",14.5399999999995,6.79735931779399
"2256",14.5499999999995,6.79715894100727
"2257",14.5599999999995,6.79695844215366
"2258",14.5699999999995,6.79675782586203
"2259",14.5799999999995,6.79655709676124
"2260",14.5899999999995,6.79635625948017
"2261",14.5999999999995,6.79615531864766
"2262",14.6099999999995,6.7959542788926
"2263",14.6199999999995,6.79575314484385
"2264",14.6299999999995,6.79555192113026
"2265",14.6399999999995,6.79535061238071
"2266",14.6499999999995,6.79514922322406
"2267",14.6599999999995,6.79494775828918
"2268",14.6699999999995,6.79474622220493
"2269",14.6799999999995,6.79454461960017
"2270",14.6899999999995,6.79434295510378
"2271",14.6999999999995,6.7941412050629
"2272",14.7099999999995,6.79393933977557
"2273",14.7199999999995,6.79373735479695
"2274",14.7299999999995,6.79353524568222
"2275",14.7399999999995,6.79333300798653
"2276",14.7499999999995,6.79313063726505
"2277",14.7599999999995,6.79292812907296
"2278",14.7699999999995,6.79272547896542
"2279",14.7799999999995,6.7925226824976
"2280",14.7899999999995,6.79231973522466
"2281",14.7999999999995,6.79211663270178
"2282",14.8099999999995,6.79191337048412
"2283",14.8199999999995,6.79170994412685
"2284",14.8299999999995,6.79150634918513
"2285",14.8399999999995,6.79130258121414
"2286",14.8499999999995,6.79109863576904
"2287",14.8599999999995,6.790894508405
"2288",14.8699999999995,6.79069019467719
"2289",14.8799999999995,6.79048569014077
"2290",14.8899999999995,6.79028099035091
"2291",14.8999999999995,6.79007609086278
"2292",14.9099999999995,6.78987098723155
"2293",14.9199999999995,6.78966567501239
"2294",14.9299999999995,6.78946014976046
"2295",14.9399999999995,6.78925440703093
"2296",14.9499999999995,6.78904844237897
"2297",14.9599999999995,6.78884225135974
"2298",14.9699999999995,6.78863582952841
"2299",14.9799999999995,6.78842917244016
"2300",14.9899999999995,6.78822227565015
"2301",14.9999999999995,6.78801513471354
"2302",15.0099999999995,6.7878077451855
"2303",15.0199999999995,6.78760010262121
"2304",15.0299999999995,6.78739220257583
"2305",15.0399999999995,6.78718404060452
"2306",15.0499999999995,6.78697561226246
"2307",15.0599999999995,6.78676691310481
"2308",15.0699999999995,6.78655793868674
"2309",15.0799999999995,6.78634868456342
"2310",15.0899999999995,6.78613914629
"2311",15.0999999999995,6.78592931942168
"2312",15.1099999999995,6.7857191995136
"2313",15.1199999999995,6.78550878212094
"2314",15.1299999999995,6.78529806279887
"2315",15.1399999999995,6.78508703710255
"2316",15.1499999999995,6.78487570058715
"2317",15.1599999999995,6.78466404880784
"2318",15.1699999999995,6.78445207731979
"2319",15.1799999999995,6.78423978167816
"2320",15.1899999999995,6.78402715743812
"2321",15.1999999999995,6.78381420015484
"2322",15.2099999999995,6.78360090538348
"2323",15.2199999999995,6.78338718201932
"2324",15.2299999999995,6.78317294804249
"2325",15.2399999999995,6.78295821263549
"2326",15.2499999999995,6.78274298498083
"2327",15.2599999999995,6.782527274261
"2328",15.2699999999995,6.7823110896585
"2329",15.2799999999995,6.78209444035582
"2330",15.2899999999995,6.78187733553547
"2331",15.2999999999995,6.78165978437993
"2332",15.3099999999995,6.78144179607172
"2333",15.3199999999995,6.78122337979331
"2334",15.3299999999995,6.78100454472723
"2335",15.3399999999995,6.78078530005595
"2336",15.3499999999995,6.78056565496198
"2337",15.3599999999995,6.78034561862781
"2338",15.3699999999995,6.78012520023595
"2339",15.3799999999995,6.77990440896889
"2340",15.3899999999995,6.77968325400913
"2341",15.3999999999995,6.77946174453917
"2342",15.4099999999995,6.77923988974149
"2343",15.4199999999995,6.77901769879861
"2344",15.4299999999995,6.77879518089302
"2345",15.4399999999995,6.77857234520721
"2346",15.4499999999995,6.77834920092369
"2347",15.4599999999995,6.77812575722495
"2348",15.4699999999995,6.77790202329349
"2349",15.4799999999995,6.7776780083118
"2350",15.4899999999995,6.77745372146239
"2351",15.4999999999995,6.77722917192775
"2352",15.5099999999995,6.77700436889038
"2353",15.5199999999995,6.77677932153277
"2354",15.5299999999995,6.77655403903743
"2355",15.5399999999995,6.77632853058685
"2356",15.5499999999995,6.77610280536353
"2357",15.5599999999995,6.77587687254997
"2358",15.5699999999995,6.77565074132866
"2359",15.5799999999995,6.7754244208821
"2360",15.5899999999995,6.77519792039279
"2361",15.5999999999995,6.77497124904323
"2362",15.6099999999995,6.77474441601592
"2363",15.6199999999995,6.77451743049334
"2364",15.6299999999995,6.77429030165801
"2365",15.6399999999995,6.77406303869241
"2366",15.6499999999995,6.77383565077905
"2367",15.6599999999995,6.77360814710042
"2368",15.6699999999995,6.77338053683902
"2369",15.6799999999995,6.77315282917734
"2370",15.6899999999995,6.7729250332979
"2371",15.6999999999995,6.77269715838317
"2372",15.7099999999995,6.77246921361567
"2373",15.7199999999995,6.77224120817788
"2374",15.7299999999995,6.7720131226441
"2375",15.7399999999995,6.77178492678568
"2376",15.7499999999995,6.77155661358069
"2377",15.7599999999995,6.77132817600718
"2378",15.7699999999995,6.77109960704323
"2379",15.7799999999995,6.7708708996669
"2380",15.7899999999995,6.77064204685626
"2381",15.7999999999995,6.77041304158939
"2382",15.8099999999995,6.77018387684434
"2383",15.8199999999995,6.76995454559918
"2384",15.8299999999995,6.76972504083198
"2385",15.8399999999995,6.76949535552082
"2386",15.8499999999995,6.76926548264375
"2387",15.8599999999995,6.76903541517884
"2388",15.8699999999995,6.76880514610416
"2389",15.8799999999995,6.76857466839778
"2390",15.8899999999995,6.76834397503776
"2391",15.8999999999995,6.76811305900218
"2392",15.9099999999995,6.7678819132691
"2393",15.9199999999995,6.76765053081658
"2394",15.9299999999995,6.7674189046227
"2395",15.9399999999995,6.76718702766552
"2396",15.9499999999995,6.76695489292311
"2397",15.9599999999995,6.76672249337353
"2398",15.9699999999995,6.76648982199486
"2399",15.9799999999995,6.76625687176516
"2400",15.9899999999995,6.7660236356625
"2401",15.9999999999995,6.76579010666495
"2402",16.0099999999995,6.76555627775057
"2403",16.0199999999995,6.76532214189743
"2404",16.0299999999995,6.7650876920836
"2405",16.0399999999995,6.76485292128714
"2406",16.0499999999995,6.76461782248613
"2407",16.0599999999995,6.76438238865862
"2408",16.0699999999995,6.7641466127827
"2409",16.0799999999995,6.76391048783642
"2410",16.0899999999995,6.76367400679785
"2411",16.0999999999995,6.76343716264506
"2412",16.1099999999995,6.76319994835612
"2413",16.1199999999995,6.76296235690909
"2414",16.1299999999995,6.76272438128204
"2415",16.1399999999995,6.76248601445304
"2416",16.1499999999995,6.76224724940016
"2417",16.1599999999995,6.76200807910146
"2418",16.1699999999995,6.76176849653502
"2419",16.1799999999995,6.76152849467889
"2420",16.1899999999995,6.76128806651115
"2421",16.1999999999995,6.76104720500986
"2422",16.2099999999995,6.76080590315309
"2423",16.2199999999995,6.76056415391891
"2424",16.2299999999995,6.76032195028538
"2425",16.2399999999995,6.76007928523058
"2426",16.2499999999995,6.75983622133891
"2427",16.2599999999995,6.75959282842506
"2428",16.2699999999995,6.75934911031253
"2429",16.2799999999995,6.75910507082483
"2430",16.2899999999995,6.75886071378544
"2431",16.2999999999995,6.75861604301786
"2432",16.3099999999995,6.7583710623456
"2433",16.3199999999995,6.75812577559216
"2434",16.3299999999995,6.75788018658102
"2435",16.3399999999995,6.75763429913568
"2436",16.3499999999995,6.75738811707965
"2437",16.3599999999995,6.75714164423643
"2438",16.3699999999995,6.7568948844295
"2439",16.3799999999995,6.75664784148237
"2440",16.3899999999995,6.75640051921854
"2441",16.3999999999995,6.7561529214615
"2442",16.4099999999995,6.75590505203475
"2443",16.4199999999995,6.75565691476179
"2444",16.4299999999995,6.75540851346612
"2445",16.4399999999995,6.75515985197123
"2446",16.4499999999995,6.75491093410062
"2447",16.4599999999995,6.7546617636778
"2448",16.4699999999995,6.75441234452625
"2449",16.4799999999995,6.75416268046948
"2450",16.4899999999995,6.75391277533097
"2451",16.4999999999995,6.75366263293424
"2452",16.5099999999995,6.75341225710279
"2453",16.5199999999995,6.75316165166009
"2454",16.5299999999995,6.75291082042966
"2455",16.5399999999995,6.75265976723499
"2456",16.5499999999995,6.75240849589959
"2457",16.5599999999995,6.75215701024694
"2458",16.5699999999995,6.75190531410054
"2459",16.5799999999995,6.7516534112839
"2460",16.5899999999995,6.75140130562051
"2461",16.5999999999995,6.75114900093387
"2462",16.6099999999995,6.75089650104747
"2463",16.6199999999995,6.75064380978482
"2464",16.6299999999995,6.75039093096941
"2465",16.6399999999995,6.75013786842475
"2466",16.6499999999995,6.74988462597431
"2467",16.6599999999995,6.74963120744162
"2468",16.6699999999995,6.74937761665016
"2469",16.6799999999995,6.74912385742342
"2470",16.6899999999995,6.74886993358492
"2471",16.6999999999995,6.74861584895814
"2472",16.7099999999995,6.74836160736659
"2473",16.7199999999995,6.74810721263376
"2474",16.7299999999995,6.74785266858315
"2475",16.7399999999995,6.74759797903826
"2476",16.7499999999995,6.74734314782258
"2477",16.7599999999995,6.74708815622416
"2478",16.7699999999995,6.74683297945261
"2479",16.7799999999995,6.74657761221378
"2480",16.7899999999995,6.74632204921355
"2481",16.7999999999995,6.74606628515776
"2482",16.8099999999995,6.74581031475227
"2483",16.8199999999995,6.74555413270294
"2484",16.8299999999995,6.74529773371563
"2485",16.8399999999995,6.74504111249621
"2486",16.8499999999995,6.74478426375052
"2487",16.8599999999995,6.74452718218442
"2488",16.8699999999995,6.74426986250378
"2489",16.8799999999995,6.74401229941445
"2490",16.8899999999995,6.74375448762229
"2491",16.8999999999995,6.74349642183316
"2492",16.9099999999995,6.74323809675291
"2493",16.9199999999995,6.74297950708741
"2494",16.9299999999995,6.74272064754251
"2495",16.9399999999995,6.74246151282408
"2496",16.9499999999995,6.74220209763797
"2497",16.9599999999995,6.74194239669003
"2498",16.9699999999995,6.74168240468613
"2499",16.9799999999995,6.74142211633213
"2500",16.9899999999995,6.74116152633388
"2501",16.9999999999995,6.74090062939724
"2502",17.0099999999995,6.74063942022807
"2503",17.0199999999995,6.74037789353223
"2504",17.0299999999995,6.74011604401558
"2505",17.0399999999995,6.73985386638397
"2506",17.0499999999995,6.73959135534327
"2507",17.0599999999995,6.73932850559933
"2508",17.0699999999995,6.73906531185801
"2509",17.0799999999995,6.73880176882517
"2510",17.0899999999995,6.73853787120666
"2511",17.0999999999995,6.73827361370835
"2512",17.1099999999995,6.7380089910361
"2513",17.1199999999995,6.73774399789575
"2514",17.1299999999995,6.73747862899318
"2515",17.1399999999995,6.73721287903423
"2516",17.1499999999995,6.73694674272477
"2517",17.1599999999995,6.73668021477066
"2518",17.1699999999995,6.73641328987775
"2519",17.1799999999995,6.73614596275191
"2520",17.1899999999995,6.73587822809898
"2521",17.1999999999995,6.73561008062483
"2522",17.2099999999995,6.73534151503532
"2523",17.2199999999995,6.7350725260363
"2524",17.2299999999995,6.73480310833364
"2525",17.2399999999995,6.73453325663319
"2526",17.2499999999995,6.73426296564082
"2527",17.2599999999995,6.73399223006237
"2528",17.2699999999995,6.7337210446037
"2529",17.2799999999995,6.73344945817575
"2530",17.2899999999995,6.73317752544136
"2531",17.2999999999995,6.7329052497343
"2532",17.3099999999995,6.73263263438831
"2533",17.3199999999995,6.73235968273716
"2534",17.3299999999995,6.73208639811461
"2535",17.3399999999995,6.73181278385441
"2536",17.3499999999995,6.73153884329032
"2537",17.3599999999995,6.7312645797561
"2538",17.3699999999995,6.7309899965855
"2539",17.3799999999995,6.73071509711229
"2540",17.3899999999995,6.73043988467022
"2541",17.3999999999995,6.73016436259305
"2542",17.4099999999995,6.72988853421453
"2543",17.4199999999995,6.72961240286843
"2544",17.4299999999995,6.7293359718885
"2545",17.4399999999995,6.7290592446085
"2546",17.4499999999995,6.72878222436218
"2547",17.4599999999995,6.72850491448331
"2548",17.4699999999995,6.72822731830565
"2549",17.4799999999995,6.72794943916294
"2550",17.4899999999995,6.72767128038894
"2551",17.4999999999995,6.72739284531743
"2552",17.5099999999995,6.72711413728214
"2553",17.5199999999995,6.72683515961685
"2554",17.5299999999995,6.7265559156553
"2555",17.5399999999995,6.72627640873126
"2556",17.5499999999995,6.72599664217848
"2557",17.5599999999995,6.72571661933072
"2558",17.5699999999995,6.72543634352174
"2559",17.5799999999995,6.72515581808529
"2560",17.5899999999995,6.72487504635514
"2561",17.5999999999995,6.72459403166504
"2562",17.6099999999995,6.72431277734875
"2563",17.6199999999995,6.72403128674002
"2564",17.6299999999995,6.72374956317262
"2565",17.6399999999995,6.7234676099803
"2566",17.6499999999995,6.72318543049682
"2567",17.6599999999995,6.72290302805593
"2568",17.6699999999995,6.7226204059914
"2569",17.6799999999995,6.72233756763698
"2570",17.6899999999995,6.72205451632643
"2571",17.6999999999995,6.7217712553935
"2572",17.7099999999995,6.72148778817196
"2573",17.7199999999995,6.72120411799557
"2574",17.7299999999994,6.72092024819807
"2575",17.7399999999995,6.72063618211323
"2576",17.7499999999995,6.72035192307481
"2577",17.7599999999995,6.72006747441655
"2578",17.7699999999994,6.71978283947223
"2579",17.7799999999995,6.7194980215756
"2580",17.7899999999995,6.71921302406041
"2581",17.7999999999995,6.71892770069438
"2582",17.8099999999994,6.71864190661504
"2583",17.8199999999994,6.71835564721091
"2584",17.8299999999995,6.7180689278705
"2585",17.8399999999994,6.71778175398233
"2586",17.8499999999994,6.7174941309349
"2587",17.8599999999994,6.71720606411673
"2588",17.8699999999995,6.71691755891634
"2589",17.8799999999994,6.71662862072223
"2590",17.8899999999994,6.71633925492291
"2591",17.8999999999994,6.71604946690691
"2592",17.9099999999994,6.71575926206273
"2593",17.9199999999994,6.71546864577889
"2594",17.9299999999994,6.7151776234439
"2595",17.9399999999994,6.71488620044626
"2596",17.9499999999994,6.7145943821745
"2597",17.9599999999994,6.71430217401713
"2598",17.9699999999994,6.71400958136266
"2599",17.9799999999994,6.71371660959959
"2600",17.9899999999994,6.71342326411646
"2601",17.9999999999994,6.71312955030176
"2602",18.0099999999994,6.71283547354401
"2603",18.0199999999994,6.71254103923172
"2604",18.0299999999994,6.71224625275341
"2605",18.0399999999994,6.71195111949759
"2606",18.0499999999994,6.71165564485276
"2607",18.0599999999994,6.71135983420745
"2608",18.0699999999994,6.71106369295017
"2609",18.0799999999994,6.71076722646942
"2610",18.0899999999994,6.71047044015373
"2611",18.0999999999994,6.7101733393916
"2612",18.1099999999994,6.70987592957155
"2613",18.1199999999994,6.70957821608208
"2614",18.1299999999994,6.70928020431172
"2615",18.1399999999994,6.70898189964897
"2616",18.1499999999994,6.70868330748235
"2617",18.1599999999994,6.70838443320038
"2618",18.1699999999994,6.70808528219155
"2619",18.1799999999994,6.70778585984439
"2620",18.1899999999994,6.70748617154741
"2621",18.1999999999994,6.70718622268911
"2622",18.2099999999994,6.70688601865803
"2623",18.2199999999994,6.70658556484265
"2624",18.2299999999994,6.70628486663151
"2625",18.2399999999994,6.70598392941311
"2626",18.2499999999994,6.70568275857596
"2627",18.2599999999994,6.70538135950858
"2628",18.2699999999994,6.70507973759948
"2629",18.2799999999994,6.70477789823718
"2630",18.2899999999994,6.70447584681017
"2631",18.2999999999994,6.70417358870699
"2632",18.3099999999994,6.70387112931613
"2633",18.3199999999994,6.7035683874918
"2634",18.3299999999994,6.70326527787507
"2635",18.3399999999994,6.70296179953483
"2636",18.3499999999994,6.70265795153997
"2637",18.3599999999994,6.70235373295935
"2638",18.3699999999994,6.70204914286187
"2639",18.3799999999994,6.7017441803164
"2640",18.3899999999994,6.70143884439181
"2641",18.3999999999994,6.701133134157
"2642",18.4099999999994,6.70082704868083
"2643",18.4199999999994,6.70052058703219
"2644",18.4299999999994,6.70021374827996
"2645",18.4399999999994,6.69990653149302
"2646",18.4499999999994,6.69959893574024
"2647",18.4599999999994,6.69929096009052
"2648",18.4699999999994,6.69898260361271
"2649",18.4799999999994,6.69867386537572
"2650",18.4899999999994,6.69836474444841
"2651",18.4999999999994,6.69805523989967
"2652",18.5099999999994,6.69774535079837
"2653",18.5199999999994,6.69743507621339
"2654",18.5299999999994,6.69712441521362
"2655",18.5399999999994,6.69681336686794
"2656",18.5499999999994,6.69650193024522
"2657",18.5599999999994,6.69619010441434
"2658",18.5699999999994,6.69587788844418
"2659",18.5799999999994,6.69556528140363
"2660",18.5899999999994,6.69525228236156
"2661",18.5999999999994,6.69493889038685
"2662",18.6099999999994,6.69462510454838
"2663",18.6199999999994,6.69431092391503
"2664",18.6299999999994,6.69399634755568
"2665",18.6399999999994,6.69368137453922
"2666",18.6499999999994,6.69336600393451
"2667",18.6599999999994,6.69305023481044
"2668",18.6699999999994,6.69273406623589
"2669",18.6799999999994,6.69241749727974
"2670",18.6899999999994,6.69210052701087
"2671",18.6999999999994,6.69178315449816
"2672",18.7099999999994,6.69146537881048
"2673",18.7199999999994,6.69114719901673
"2674",18.7299999999994,6.69082861418576
"2675",18.7399999999994,6.69050962338648
"2676",18.7499999999994,6.69019022568775
"2677",18.7599999999994,6.68987042015846
"2678",18.7699999999994,6.68955020586748
"2679",18.7799999999994,6.6892295818837
"2680",18.7899999999994,6.68890854727599
"2681",18.7999999999994,6.68858710111324
"2682",18.8099999999994,6.68826524246432
"2683",18.8199999999994,6.68794297039811
"2684",18.8299999999994,6.68762031624885
"2685",18.8399999999994,6.68729731091452
"2686",18.8499999999994,6.68697395280961
"2687",18.8599999999994,6.68665024034861
"2688",18.8699999999994,6.68632617194603
"2689",18.8799999999994,6.68600174601636
"2690",18.8899999999994,6.68567696097409
"2691",18.8999999999994,6.68535181523372
"2692",18.9099999999994,6.68502630720975
"2693",18.9199999999994,6.68470043531667
"2694",18.9299999999994,6.68437419796898
"2695",18.9399999999994,6.68404759358117
"2696",18.9499999999994,6.68372062056774
"2697",18.9599999999994,6.68339327734318
"2698",18.9699999999994,6.68306556232199
"2699",18.9799999999994,6.68273747391868
"2700",18.9899999999994,6.68240901054772
"2701",18.9999999999994,6.68208017062362
"2702",19.0099999999994,6.68175095256088
"2703",19.0199999999994,6.68142135477398
"2704",19.0299999999994,6.68109137567743
"2705",19.0399999999994,6.68076101368572
"2706",19.0499999999994,6.68043026721335
"2707",19.0599999999994,6.68009913467481
"2708",19.0699999999994,6.6797676144846
"2709",19.0799999999994,6.67943570505721
"2710",19.0899999999994,6.67910340480714
"2711",19.0999999999994,6.67877071214889
"2712",19.1099999999994,6.67843762549695
"2713",19.1199999999994,6.67810414326582
"2714",19.1299999999994,6.67777026386999
"2715",19.1399999999994,6.67743598572396
"2716",19.1499999999994,6.67710130724222
"2717",19.1599999999994,6.67676622683927
"2718",19.1699999999994,6.67643074292961
"2719",19.1799999999994,6.67609485392773
"2720",19.1899999999994,6.67575855824813
"2721",19.1999999999994,6.6754218543053
"2722",19.2099999999994,6.67508474051375
"2723",19.2199999999994,6.67474721528795
"2724",19.2299999999994,6.67440927704242
"2725",19.2399999999994,6.67407092419165
"2726",19.2499999999994,6.67373215515012
"2727",19.2599999999994,6.67339296833234
"2728",19.2699999999994,6.67305336215281
"2729",19.2799999999994,6.67271333502602
"2730",19.2899999999994,6.67237288536646
"2731",19.2999999999994,6.67203201158864
"2732",19.3099999999994,6.67169071210704
"2733",19.3199999999994,6.67134898533616
"2734",19.3299999999994,6.6710068296905
"2735",19.3399999999994,6.67066424358456
"2736",19.3499999999994,6.67032121811503
"2737",19.3599999999994,6.66997774672906
"2738",19.3699999999994,6.66963383136678
"2739",19.3799999999994,6.66928947396834
"2740",19.3899999999994,6.66894467647388
"2741",19.3999999999994,6.66859944082356
"2742",19.4099999999994,6.66825376895751
"2743",19.4199999999994,6.66790766281588
"2744",19.4299999999994,6.66756112433881
"2745",19.4399999999994,6.66721415546645
"2746",19.4499999999994,6.66686675813894
"2747",19.4599999999994,6.66651893429643
"2748",19.4699999999994,6.66617068587906
"2749",19.4799999999994,6.66582201482697
"2750",19.4899999999994,6.66547292308032
"2751",19.4999999999994,6.66512341257924
"2752",19.5099999999994,6.66477348526388
"2753",19.5199999999994,6.66442314307438
"2754",19.5299999999994,6.66407238795089
"2755",19.5399999999994,6.66372122183355
"2756",19.5499999999994,6.66336964666251
"2757",19.5599999999994,6.66301766437791
"2758",19.5699999999994,6.6626652769199
"2759",19.5799999999994,6.66231248622862
"2760",19.5899999999994,6.66195929424422
"2761",19.5999999999994,6.66160570290683
"2762",19.6099999999994,6.6612517141566
"2763",19.6199999999994,6.66089732993369
"2764",19.6299999999994,6.66054255217823
"2765",19.6399999999994,6.66018738283036
"2766",19.6499999999994,6.65983182383024
"2767",19.6599999999994,6.65947587711801
"2768",19.6699999999994,6.6591195446338
"2769",19.6799999999994,6.65876282831777
"2770",19.6899999999994,6.65840573011006
"2771",19.6999999999994,6.65804825195082
"2772",19.7099999999994,6.65769039578018
"2773",19.7199999999994,6.6573321635383
"2774",19.7299999999994,6.65697355716532
"2775",19.7399999999994,6.65661457860138
"2776",19.7499999999994,6.65625522978662
"2777",19.7599999999994,6.6558955126612
"2778",19.7699999999994,6.65553542916525
"2779",19.7799999999994,6.65517498123893
"2780",19.7899999999994,6.65481417082237
"2781",19.7999999999994,6.65445299985572
"2782",19.8099999999994,6.65409147027912
"2783",19.8199999999994,6.65372958403272
"2784",19.8299999999994,6.65336734305666
"2785",19.8399999999994,6.6530047492911
"2786",19.8499999999994,6.65264180467616
"2787",19.8599999999994,6.65227841682629
"2788",19.8699999999994,6.65191449426698
"2789",19.8799999999994,6.6515500403049
"2790",19.8899999999994,6.65118505824676
"2791",19.8999999999994,6.65081955139926
"2792",19.9099999999994,6.65045352306909
"2793",19.9199999999994,6.65008697656293
"2794",19.9299999999994,6.6497199151875
"2795",19.9399999999994,6.64935234224948
"2796",19.9499999999994,6.64898426105558
"2797",19.9599999999994,6.64861567491247
"2798",19.9699999999994,6.64824658712687
"2799",19.9799999999994,6.64787700100547
"2800",19.9899999999994,6.64750691985495
"2801",19.9999999999994,6.64713634698203
"2802",20.0099999999994,6.64676528569338
"2803",20.0199999999994,6.64639373929571
"2804",20.0299999999994,6.64602171109572
"2805",20.0399999999994,6.64564920440009
"2806",20.0499999999994,6.64527622251553
"2807",20.0599999999994,6.64490276874873
"2808",20.0699999999994,6.64452884640638
"2809",20.0799999999994,6.64415445879519
"2810",20.0899999999994,6.64377960922183
"2811",20.0999999999994,6.64340430099302
"2812",20.1099999999994,6.64302853741545
"2813",20.1199999999994,6.6426523217958
"2814",20.1299999999994,6.64227565744078
"2815",20.1399999999994,6.64189854765709
"2816",20.1499999999994,6.64152099575141
"2817",20.1599999999994,6.64114300503045
"2818",20.1699999999994,6.64076457880089
"2819",20.1799999999994,6.64038572036944
"2820",20.1899999999994,6.64000643304279
"2821",20.1999999999994,6.63962672012763
"2822",20.2099999999994,6.63924658493066
"2823",20.2199999999994,6.63886603075858
"2824",20.2299999999994,6.63848506091808
"2825",20.2399999999994,6.63810367871585
"2826",20.2499999999994,6.6377218874586
"2827",20.2599999999994,6.63733969045301
"2828",20.2699999999994,6.63695709100578
"2829",20.2799999999994,6.63657409242362
"2830",20.2899999999994,6.6361906980132
"2831",20.2999999999994,6.63580691108124
"2832",20.3099999999994,6.63542273493442
"2833",20.3199999999994,6.63503817287943
"2834",20.3299999999994,6.63465322822298
"2835",20.3399999999994,6.63426790427177
"2836",20.3499999999994,6.63388220433247
"2837",20.3599999999994,6.6334961317118
"2838",20.3699999999994,6.63310968971644
"2839",20.3799999999994,6.63272279637969
"2840",20.3899999999994,6.63233536864636
"2841",20.3999999999994,6.63194740819051
"2842",20.4099999999994,6.63155891668616
"2843",20.4199999999994,6.63116989580735
"2844",20.4299999999994,6.63078034722811
"2845",20.4399999999994,6.63039027262247
"2846",20.4499999999994,6.62999967366447
"2847",20.4599999999994,6.62960855202814
"2848",20.4699999999994,6.62921690938752
"2849",20.4799999999994,6.62882474741663
"2850",20.4899999999994,6.62843206778951
"2851",20.4999999999994,6.6280388721802
"2852",20.5099999999994,6.62764516226272
"2853",20.5199999999994,6.62725093971111
"2854",20.5299999999994,6.62685620619941
"2855",20.5399999999994,6.62646096340165
"2856",20.5499999999994,6.62606521299185
"2857",20.5599999999994,6.62566895664406
"2858",20.5699999999994,6.62527219603231
"2859",20.5799999999994,6.62487493283062
"2860",20.5899999999994,6.62447716871305
"2861",20.5999999999994,6.6240789053536
"2862",20.6099999999994,6.62368014442634
"2863",20.6199999999994,6.62328088760527
"2864",20.6299999999994,6.62288113656444
"2865",20.6399999999994,6.62248089297788
"2866",20.6499999999994,6.62208015851963
"2867",20.6599999999994,6.62167893486371
"2868",20.6699999999994,6.62127722368417
"2869",20.6799999999994,6.62087502665502
"2870",20.6899999999994,6.62047234545032
"2871",20.6999999999994,6.62006918174409
"2872",20.7099999999994,6.61966553721036
"2873",20.7199999999994,6.61926141352317
"2874",20.7299999999994,6.61885681235655
"2875",20.7399999999994,6.61845173538454
"2876",20.7499999999994,6.61804618428116
"2877",20.7599999999994,6.61764016072045
"2878",20.7699999999994,6.61723366637645
"2879",20.7799999999994,6.61682670292319
"2880",20.7899999999994,6.61641927203469
"2881",20.7999999999994,6.61601137538501
"2882",20.8099999999994,6.61560301464816
"2883",20.8199999999994,6.61519419149818
"2884",20.8299999999994,6.6147849076091
"2885",20.8399999999994,6.61437516465497
"2886",20.8499999999994,6.6139649643098
"2887",20.8599999999994,6.61355430824764
"2888",20.8699999999994,6.61314319814252
"2889",20.8799999999994,6.61273163566847
"2890",20.8899999999994,6.61231956872115
"2891",20.8999999999994,6.61190694474569
"2892",20.9099999999994,6.61149376474033
"2893",20.9199999999994,6.61108002970332
"2894",20.9299999999994,6.6106657406329
"2895",20.9399999999994,6.61025089852731
"2896",20.9499999999994,6.60983550438479
"2897",20.9599999999994,6.60941955920358
"2898",20.9699999999994,6.60900306398193
"2899",20.9799999999994,6.60858601971807
"2900",20.9899999999994,6.60816842741025
"2901",20.9999999999994,6.60775028805671
"2902",21.0099999999994,6.6073316026557
"2903",21.0199999999994,6.60691237220545
"2904",21.0299999999994,6.6064925977042
"2905",21.0399999999994,6.6060722801502
"2906",21.0499999999994,6.60565142054169
"2907",21.0599999999994,6.60523001987691
"2908",21.0699999999994,6.6048080791541
"2909",21.0799999999994,6.60438559937151
"2910",21.0899999999994,6.60396258152737
"2911",21.0999999999994,6.60353902661994
"2912",21.1099999999994,6.60311493564744
"2913",21.1199999999994,6.60269030960812
"2914",21.1299999999994,6.60226514950023
"2915",21.1399999999994,6.60183945632201
"2916",21.1499999999994,6.60141323107169
"2917",21.1599999999994,6.60098647474751
"2918",21.1699999999994,6.60055918834773
"2919",21.1799999999994,6.60013137287059
"2920",21.1899999999994,6.59970302931431
"2921",21.1999999999994,6.59927415867716
"2922",21.2099999999994,6.59884476195736
"2923",21.2199999999994,6.59841484015316
"2924",21.2299999999994,6.5979843942628
"2925",21.2399999999994,6.59755342528453
"2926",21.2499999999994,6.59712193421658
"2927",21.2599999999994,6.59668992205719
"2928",21.2699999999994,6.59625738980462
"2929",21.2799999999994,6.5958243384571
"2930",21.2899999999994,6.59539076901287
"2931",21.2999999999994,6.59495668247017
"2932",21.3099999999994,6.59452207982725
"2933",21.3199999999994,6.59408696208235
"2934",21.3299999999994,6.59365133023371
"2935",21.3399999999994,6.59321518527956
"2936",21.3499999999994,6.59277852821817
"2937",21.3599999999994,6.59234136004775
"2938",21.3699999999994,6.59190368176657
"2939",21.3799999999994,6.59146549437285
"2940",21.3899999999994,6.59102679886484
"2941",21.3999999999994,6.59058759624079
"2942",21.4099999999994,6.59014782050562
"2943",21.4199999999994,6.58970740687755
"2944",21.4299999999994,6.58926635817466
"2945",21.4399999999994,6.58882467721509
"2946",21.4499999999994,6.58838236681695
"2947",21.4599999999994,6.58793942979834
"2948",21.4699999999994,6.58749586897738
"2949",21.4799999999994,6.5870516871722
"2950",21.4899999999994,6.58660688720089
"2951",21.4999999999994,6.58616147188158
"2952",21.5099999999994,6.58571544403237
"2953",21.5199999999994,6.58526880647139
"2954",21.5299999999994,6.58482156201675
"2955",21.5399999999994,6.58437371348655
"2956",21.5499999999994,6.58392526369892
"2957",21.5599999999994,6.58347621547197
"2958",21.5699999999994,6.58302657162382
"2959",21.5799999999994,6.58257633497256
"2960",21.5899999999994,6.58212550833633
"2961",21.5999999999994,6.58167409453324
"2962",21.6099999999994,6.58122209638139
"2963",21.6199999999994,6.5807695166989
"2964",21.6299999999994,6.58031635830389
"2965",21.6399999999994,6.57986262401447
"2966",21.6499999999994,6.57940831664876
"2967",21.6599999999994,6.57895343902486
"2968",21.6699999999994,6.57849799396089
"2969",21.6799999999994,6.57804198427497
"2970",21.6899999999994,6.57758541278521
"2971",21.6999999999994,6.57712828230973
"2972",21.7099999999994,6.57667059566663
"2973",21.7199999999994,6.57621235567404
"2974",21.7299999999994,6.57575356515006
"2975",21.7399999999994,6.57529422691281
"2976",21.7499999999994,6.5748343437804
"2977",21.7599999999994,6.57437391857096
"2978",21.7699999999994,6.57391295410258
"2979",21.7799999999994,6.57345145319339
"2980",21.7899999999994,6.5729894186615
"2981",21.7999999999994,6.57252685332502
"2982",21.8099999999994,6.57206376000207
"2983",21.8199999999994,6.57160014151077
"2984",21.8299999999994,6.57113600066921
"2985",21.8399999999994,6.57067134029553
"2986",21.8499999999994,6.57020616320783
"2987",21.8599999999994,6.56974047222423
"2988",21.8699999999994,6.56927427016284
"2989",21.8799999999994,6.56880755984178
"2990",21.8899999999994,6.56834034407915
"2991",21.8999999999994,6.56787262569308
"2992",21.9099999999994,6.56740440750168
"2993",21.9199999999994,6.56693560657318
"2994",21.9299999999994,6.56646613920659
"2995",21.9399999999994,6.5659960070662
"2996",21.9499999999994,6.56552521181629
"2997",21.9599999999994,6.56505375512112
"2998",21.9699999999994,6.56458163864499
"2999",21.9799999999994,6.56410886405217
"3000",21.9899999999994,6.56363543300695
"3001",21.9999999999994,6.56316134717359
"3002",22.0099999999994,6.56268660821637
"3003",22.0199999999994,6.56221121779959
"3004",22.0299999999994,6.56173517758751
"3005",22.0399999999994,6.56125848924442
"3006",22.0499999999994,6.56078115443459
"3007",22.0599999999994,6.5603031748223
"3008",22.0699999999994,6.55982455207184
"3009",22.0799999999994,6.55934528784747
"3010",22.0899999999994,6.55886538381349
"3011",22.0999999999994,6.55838484163417
"3012",22.1099999999994,6.55790366297378
"3013",22.1199999999994,6.55742184949661
"3014",22.1299999999994,6.55693940286694
"3015",22.1399999999994,6.55645632474904
"3016",22.1499999999994,6.5559726168072
"3017",22.1599999999994,6.55548828070569
"3018",22.1699999999994,6.5550033181088
"3019",22.1799999999994,6.55451773068079
"3020",22.1899999999994,6.55403152008595
"3021",22.1999999999994,6.55354468798857
"3022",22.2099999999994,6.55305723605291
"3023",22.2199999999994,6.55256916594326
"3024",22.2299999999994,6.5520804793239
"3025",22.2399999999994,6.5515911778591
"3026",22.2499999999994,6.55110126321314
"3027",22.2599999999994,6.55061073705031
"3028",22.2699999999994,6.55011960103488
"3029",22.2799999999994,6.54962785683113
"3030",22.2899999999994,6.54913550610335
"3031",22.2999999999994,6.5486425505158
"3032",22.3099999999994,6.54814899173277
"3033",22.3199999999994,6.54765483141853
"3034",22.3299999999994,6.54716007123738
"3035",22.3399999999994,6.54666471285358
"3036",22.3499999999994,6.54616875793141
"3037",22.3599999999994,6.54567220813516
"3038",22.3699999999994,6.5451750651291
"3039",22.3799999999994,6.54467733057751
"3040",22.3899999999994,6.54417900614467
"3041",22.3999999999994,6.54368009349486
"3042",22.4099999999993,6.54318059429236
"3043",22.4199999999994,6.54268051020145
"3044",22.4299999999994,6.5421798428864
"3045",22.4399999999994,6.54167849094566
"3046",22.4499999999993,6.5411763536587
"3047",22.4599999999994,6.54067343371128
"3048",22.4699999999994,6.5401697337892
"3049",22.4799999999994,6.53966525657826
"3050",22.4899999999993,6.53916000476424
"3051",22.4999999999993,6.53865398103293
"3052",22.5099999999994,6.53814718807011
"3053",22.5199999999993,6.53763962856158
"3054",22.5299999999993,6.53713130519313
"3055",22.5399999999993,6.53662222065054
"3056",22.5499999999994,6.53611237761961
"3057",22.5599999999993,6.53560177878611
"3058",22.5699999999993,6.53509042683585
"3059",22.5799999999993,6.53457832445461
"3060",22.5899999999993,6.53406547432817
"3061",22.5999999999993,6.53355187914234
"3062",22.6099999999993,6.53303754158289
"3063",22.6199999999993,6.53252246433562
"3064",22.6299999999993,6.5320066500863
"3065",22.6399999999993,6.53149010152075
"3066",22.6499999999993,6.53097282132473
"3067",22.6599999999993,6.53045481218405
"3068",22.6699999999993,6.52993607678448
"3069",22.6799999999993,6.52941661781183
"3070",22.6899999999993,6.52889643795187
"3071",22.6999999999993,6.52837553989039
"3072",22.7099999999993,6.5278539263132
"3073",22.7199999999993,6.52733159990606
"3074",22.7299999999993,6.52680856335478
"3075",22.7399999999993,6.52628481934514
"3076",22.7499999999993,6.52576037056293
"3077",22.7599999999993,6.52523521969394
"3078",22.7699999999993,6.52470936942396
"3079",22.7799999999993,6.52418282243877
"3080",22.7899999999993,6.52365558142417
"3081",22.7999999999993,6.52312764906595
"3082",22.8099999999993,6.52259902804989
"3083",22.8199999999993,6.52206972106178
"3084",22.8299999999993,6.52153973078741
"3085",22.8399999999993,6.52100905991257
"3086",22.8499999999993,6.52047771112305
"3087",22.8599999999993,6.51994568710464
"3088",22.8699999999993,6.51941299054312
"3089",22.8799999999993,6.5188796241243
"3090",22.8899999999993,6.51834559053394
"3091",22.8999999999993,6.51781089245785
"3092",22.9099999999993,6.51727553258181
"3093",22.9199999999993,6.51673951359161
"3094",22.9299999999993,6.51620283817304
"3095",22.9399999999993,6.51566550901189
"3096",22.9499999999993,6.51512716213495
"3097",22.9599999999993,6.51458744631624
"3098",22.9699999999993,6.51404638336239
"3099",22.9799999999993,6.51350399508005
"3100",22.9899999999993,6.51296030327584
"3101",22.9999999999993,6.51241532975639
"3102",23.0099999999993,6.51186909632836
"3103",23.0199999999993,6.51132162479836
"3104",23.0299999999993,6.51077293697303
"3105",23.0399999999993,6.51022305465902
"3106",23.0499999999993,6.50967199966295
"3107",23.0599999999993,6.50911979379145
"3108",23.0699999999993,6.50856645885117
"3109",23.0799999999993,6.50801201664874
"3110",23.0899999999993,6.50745648899079
"3111",23.0999999999993,6.50689989768395
"3112",23.1099999999993,6.50634226453487
"3113",23.1199999999993,6.50578361135018
"3114",23.1299999999993,6.50522395993651
"3115",23.1399999999993,6.50466333210049
"3116",23.1499999999993,6.50410174964877
"3117",23.1599999999993,6.50353923438797
"3118",23.1699999999993,6.50297580812474
"3119",23.1799999999993,6.5024114926657
"3120",23.1899999999993,6.50184630981749
"3121",23.1999999999993,6.50128028138674
"3122",23.2099999999993,6.5007134291801
"3123",23.2199999999993,6.50014577500419
"3124",23.2299999999993,6.49957734066565
"3125",23.2399999999993,6.49900814797112
"3126",23.2499999999993,6.49843821872722
"3127",23.2599999999993,6.4978675747406
"3128",23.2699999999993,6.49729623781789
"3129",23.2799999999993,6.49672422976572
"3130",23.2899999999993,6.49615157239073
"3131",23.2999999999993,6.49557828749956
"3132",23.3099999999993,6.49500439689883
"3133",23.3199999999993,6.49442992239518
"3134",23.3299999999993,6.49385488579526
"3135",23.3399999999993,6.49327930890568
"3136",23.3499999999993,6.4927032135331
"3137",23.3599999999993,6.49212662148414
"3138",23.3699999999993,6.49154955456543
"3139",23.3799999999993,6.49097203458361
"3140",23.3899999999993,6.49039408334532
"3141",23.3999999999993,6.4898157226572
"3142",23.4099999999993,6.48923697432587
"3143",23.4199999999993,6.48865786015797
"3144",23.4299999999993,6.48807840196013
"3145",23.4399999999993,6.487498621539
"3146",23.4499999999993,6.4869185407012
"3147",23.4599999999993,6.48633818125338
"3148",23.4699999999993,6.48575666005764
"3149",23.4799999999993,6.48517312272083
"3150",23.4899999999993,6.48458763416667
"3151",23.4999999999993,6.48400025931888
"3152",23.5099999999993,6.48341106310118
"3153",23.5199999999993,6.48282011043729
"3154",23.5299999999993,6.48222746625092
"3155",23.5399999999993,6.48163319546579
"3156",23.5499999999993,6.48103736300563
"3157",23.5599999999993,6.48044003379416
"3158",23.5699999999993,6.47984127275508
"3159",23.5799999999993,6.47924114481213
"3160",23.5899999999993,6.47863971488902
"3161",23.5999999999993,6.47803704790946
"3162",23.6099999999993,6.47743320879719
"3163",23.6199999999993,6.47682826247591
"3164",23.6299999999993,6.47622227386935
"3165",23.6399999999993,6.47561530790123
"3166",23.6499999999993,6.47500742949526
"3167",23.6599999999993,6.47439870357516
"3168",23.6699999999993,6.47378919506466
"3169",23.6799999999993,6.47317896888747
"3170",23.6899999999993,6.47256808996732
"3171",23.6999999999993,6.47195662322791
"3172",23.7099999999993,6.47134463359297
"3173",23.7199999999993,6.47073218598622
"3174",23.7299999999993,6.47011934533138
"3175",23.7399999999993,6.46950617655216
"3176",23.7499999999993,6.46889274457229
"3177",23.7599999999993,6.46827911431549
"3178",23.7699999999993,6.46766535070547
"3179",23.7799999999993,6.46705151866595
"3180",23.7899999999993,6.46643768312066
"3181",23.7999999999993,6.4658239089933
"3182",23.8099999999993,6.46521026120761
"3183",23.8199999999993,6.4645968046873
"3184",23.8299999999993,6.46398360435608
"3185",23.8399999999993,6.46337072513768
"3186",23.8499999999993,6.46275823195582
"3187",23.8599999999993,6.46214618973422
"3188",23.8699999999993,6.46153466339659
"3189",23.8799999999993,6.46092371786665
"3190",23.8899999999993,6.46031341806813
"3191",23.8999999999993,6.45970382892474
"3192",23.9099999999993,6.4590950153602
"3193",23.9199999999993,6.45848704229823
"3194",23.9299999999993,6.45787997466255
"3195",23.9399999999993,6.45727387737688
"3196",23.9499999999993,6.45666881536494
"3197",23.9599999999993,6.45606485355044
"3198",23.9699999999993,6.45546205685711
"3199",23.9799999999993,6.45485953628299
"3200",23.9899999999993,6.45425637330306
"3201",23.9999999999993,6.45365258855642
"3202",24.0099999999993,6.45304820268218
"3203",24.0199999999993,6.45244323631944
"3204",24.0299999999993,6.45183771010732
"3205",24.0399999999993,6.45123164468493
"3206",24.0499999999993,6.45062506069137
"3207",24.0599999999993,6.45001797876574
"3208",24.0699999999993,6.44941041954716
"3209",24.0799999999993,6.44880240367474
"3210",24.0899999999993,6.44819395178757
"3211",24.0999999999993,6.44758508452478
"3212",24.1099999999993,6.44697582252546
"3213",24.1199999999993,6.44636618642874
"3214",24.1299999999993,6.4457561968737
"3215",24.1399999999993,6.44514587449946
"3216",24.1499999999993,6.44453523994513
"3217",24.1599999999993,6.44392431384982
"3218",24.1699999999993,6.44331311685263
"3219",24.1799999999993,6.44270166959268
"3220",24.1899999999993,6.44208999270906
"3221",24.1999999999993,6.44147810684089
"3222",24.2099999999993,6.44086603262727
"3223",24.2199999999993,6.44025379070732
"3224",24.2299999999993,6.43964140172014
"3225",24.2399999999993,6.43902888630484
"3226",24.2499999999993,6.43841626510052
"3227",24.2599999999993,6.4378035587463
"3228",24.2699999999993,6.43719078788127
"3229",24.2799999999993,6.43657797314456
"3230",24.2899999999993,6.43596513517526
"3231",24.2999999999993,6.43535229461249
"3232",24.3099999999993,6.43473947209535
"3233",24.3199999999993,6.43412668826295
"3234",24.3299999999993,6.4335139637544
"3235",24.3399999999993,6.4329013192088
"3236",24.3499999999993,6.43228877526527
"3237",24.3599999999993,6.43167635256291
"3238",24.3699999999993,6.43106407174082
"3239",24.3799999999993,6.43045195343813
"3240",24.3899999999993,6.42984001829392
"3241",24.3999999999993,6.42922828694732
"3242",24.4099999999993,6.42861678003744
"3243",24.4199999999993,6.42800551820336
"3244",24.4299999999993,6.42739452208421
"3245",24.4399999999993,6.4267838123191
"3246",24.4499999999993,6.42617340954712
"3247",24.4599999999993,6.4255633344074
"3248",24.4699999999993,6.42495360753903
"3249",24.4799999999993,6.42434424958113
"3250",24.4899999999993,6.42373528117279
"3251",24.4999999999993,6.42312621055332
"3252",24.5099999999993,6.42251654280383
"3253",24.5199999999993,6.42190629382625
"3254",24.5299999999993,6.42129547952246
"3255",24.5399999999993,6.42068411579436
"3256",24.5499999999993,6.42007221854386
"3257",24.5599999999993,6.41945980367284
"3258",24.5699999999993,6.41884688708322
"3259",24.5799999999993,6.41823348467687
"3260",24.5899999999993,6.41761961235572
"3261",24.5999999999993,6.41700528602164
"3262",24.6099999999993,6.41639052157655
"3263",24.6199999999993,6.41577533492234
"3264",24.6299999999993,6.4151597419609
"3265",24.6399999999993,6.41454375859414
"3266",24.6499999999993,6.41392740072396
"3267",24.6599999999993,6.41331068425225
"3268",24.6699999999993,6.41269362508091
"3269",24.6799999999993,6.41207623911184
"3270",24.6899999999993,6.41145854224694
"3271",24.6999999999993,6.4108405503881
"3272",24.7099999999993,6.41022227943723
"3273",24.7199999999993,6.40960374529622
"3274",24.7299999999993,6.40898496386697
"3275",24.7399999999993,6.40836595105138
"3276",24.7499999999993,6.40774672275135
"3277",24.7599999999993,6.40712729486877
"3278",24.7699999999993,6.40650768330555
"3279",24.7799999999993,6.40588790396359
"3280",24.7899999999993,6.40526797274477
"3281",24.7999999999993,6.404647905551
"3282",24.8099999999993,6.40402771828418
"3283",24.8199999999993,6.40340742684621
"3284",24.8299999999993,6.40278704713898
"3285",24.8399999999993,6.4021665950644
"3286",24.8499999999993,6.40154608652435
"3287",24.8599999999993,6.40092553742074
"3288",24.8699999999993,6.40030496365547
"3289",24.8799999999993,6.39968438113044
"3290",24.8899999999993,6.39906380574755
"3291",24.8999999999993,6.39844325340868
"3292",24.9099999999993,6.39782274001575
"3293",24.9199999999993,6.39720228147064
"3294",24.9299999999993,6.39658189367526
"3295",24.9399999999993,6.39596159253151
"3296",24.9499999999993,6.39534139394129
"3297",24.9599999999993,6.39472131380648
"3298",24.9699999999993,6.394101368029
"3299",24.9799999999993,6.39348157251074
"3300",24.9899999999993,6.39286194315359
"3301",24.9999999999993,6.39224249585946
