"","xout_vals","mat_sim_mean","mat_sim_sd"
"1",422855.326475336,0.897002787850167,0.0569630620584255
"2",422855.937913178,0.898064285669203,0.0551712962432642
"3",422856.549351021,0.898898536204321,0.0538273156763729
"4",422857.160788864,0.899990729439463,0.0523839058347304
"5",422857.772226706,0.90097826094914,0.0511952342911683
"6",422858.383664549,0.901680803065654,0.0506254503626349
"7",422858.995102392,0.902333602992612,0.050120643708007
"8",422859.606540234,0.902980781741733,0.0496258422551533
"9",422860.217978077,0.9035133060633,0.0494628482152159
"10",422860.82941592,0.904112056722443,0.0491476714972473
"11",422861.440853762,0.904606765080773,0.0487205024626
"12",422862.052291605,0.905074195344939,0.0483929615685526
"13",422862.663729448,0.905483761058332,0.0483945016346357
"14",422863.27516729,0.905740508995631,0.0484630402300632
"15",422863.886605133,0.905614798151823,0.0492839178621308
"16",422864.498042976,0.905133283015464,0.0513978882515948
"17",422865.109480818,0.904542690471661,0.054100472486656
"18",422865.720918661,0.904160518911695,0.0570943612398814
"19",422866.332356504,0.904153398756113,0.0578464414171683
"20",422866.943794346,0.904167832533318,0.0583475563151153
"21",422867.555232189,0.904063464445016,0.0591499937307758
"22",422868.166670032,0.903511531710912,0.0611420432025627
"23",422868.778107874,0.902575833040423,0.0647484839525235
"24",422869.389545717,0.901274773400743,0.0696980177663652
"25",422870.00098356,0.899389736657405,0.0767732718604151
"26",422870.612421402,0.897540206091118,0.0841412257989029
"27",422871.223859245,0.895099537607236,0.0945897611761641
"28",422871.835297088,0.89334327831995,0.103110781616782
"29",422872.44673493,0.892505327734009,0.10923802609387
"30",422873.058172773,0.892805518128179,0.110512093374454
"31",422873.669610616,0.893885230157165,0.10957823460472
"32",422874.281048458,0.896353063999114,0.102486247387034
"33",422874.892486301,0.898697167756588,0.0967847155980289
"34",422875.503924144,0.900699713593744,0.0930084391046391
"35",422876.115361986,0.90279194673472,0.0888891125311797
"36",422876.726799829,0.905064179249153,0.0837515725695653
"37",422877.338237672,0.907324318243177,0.0784357491444417
"38",422877.949675514,0.909429922678592,0.0733693858037072
"39",422878.561113357,0.91127868427403,0.0694274259292989
"40",422879.1725512,0.913052150809274,0.0657365773970509
"41",422879.783989043,0.914853067543789,0.0612775392155831
"42",422880.395426885,0.916740327784205,0.0555464319964501
"43",422881.006864728,0.918644396210206,0.0474941553087277
"44",422881.61830257,0.920025369153639,0.0420400866990297
"45",422882.229740413,0.920962515628445,0.0388327206074708
"46",422882.841178256,0.921519012840033,0.0371121624781308
"47",422883.452616099,0.921866732658581,0.0360859974446842
"48",422884.064053941,0.922370660587157,0.0339611801181715
"49",422884.675491784,0.922901463451225,0.0324171859481036
"50",422885.286929626,0.923480675020985,0.0311530885752171
"51",422885.898367469,0.923946692487203,0.0307064332344825
"52",422886.509805312,0.924453458764772,0.0307295743387472
"53",422887.121243155,0.924704848179577,0.0304654454078117
"54",422887.732680997,0.924852555652859,0.0296787519721069
"55",422888.34411884,0.924648931244756,0.0305225339068354
"56",422888.955556682,0.924051865176999,0.0355856574408547
"57",422889.566994525,0.923058023728074,0.0480852908100198
"58",422890.178432368,0.923770184252626,0.0474384485361152
"59",422890.789870211,0.925915297464759,0.0336546113803357
"60",422891.401308053,0.927647356353483,0.0261151309607353
"61",422892.012745896,0.928867650196301,0.0224497798336907
"62",422892.624183738,0.929854300603258,0.0205648605197814
"63",422893.235621581,0.930650840820222,0.0193166759373568
"64",422893.847059424,0.931313296465395,0.0183748562179873
"65",422894.458497267,0.931797793695242,0.0177154357708958
"66",422895.069935109,0.932109495242241,0.017342658931371
"67",422895.681372952,0.932297107083835,0.017138578314444
"68",422896.292810795,0.93237470692983,0.0170685096116286
"69",422896.904248637,0.932262921370158,0.0175937904147273
"70",422897.51568648,0.931897840165094,0.0191995437086067
"71",422898.127124323,0.931163510309278,0.0230212614656906
"72",422898.738562165,0.929776552652029,0.0319000331540576
"73",422899.350000008,0.927083321263578,0.0524706623031125
"74",422899.961437851,0.923796427587448,0.0728412699371266
"75",422900.572875693,0.921940218039793,0.0842430255605399
"76",422901.184313536,0.923037178996291,0.0757531207476895
"77",422901.795751379,0.926689388238764,0.0535749024647879
"78",422902.407189221,0.929734595971065,0.033938920850695
"79",422903.018627064,0.931514967686244,0.0247235231056227
"80",422903.630064907,0.932705854495025,0.0202402898370488
"81",422904.241502749,0.933628214870262,0.0176776596625423
"82",422904.852940592,0.934302871898559,0.0161979844491102
"83",422905.464378435,0.93485624447128,0.0153419859064911
"84",422906.075816277,0.935291060287344,0.0149564403796841
"85",422906.68725412,0.935605029648915,0.0149300748643501
"86",422907.298691963,0.935823958470811,0.015251791552012
"87",422907.910129805,0.935871881202426,0.0159025432648345
"88",422908.521567648,0.935787497364222,0.0167925124039051
"89",422909.133005491,0.935548640675432,0.0182119365420643
"90",422909.744443333,0.935092911768377,0.0208344269134064
"91",422910.355881176,0.934188739422278,0.0263845461002782
"92",422910.967319019,0.932463794963846,0.0385762207335551
"93",422911.578756861,0.93049236442379,0.0486486183291089
"94",422912.190194704,0.929881456938119,0.0495701594856392
"95",422912.801632547,0.929581976393514,0.0492629861938485
"96",422913.413070389,0.929793996494743,0.0462348563067028
"97",422914.024508232,0.929710766768741,0.0456720552466185
"98",422914.635946075,0.929599984634604,0.0432071540077816
"99",422915.247383917,0.928899582306695,0.0450146289031509
"100",422915.85882176,0.928245724053923,0.0457834149116274
"101",422916.470259603,0.927762027963136,0.0459045493969841
"102",422917.081697445,0.926453534755104,0.0489330320515839
"103",422917.693135288,0.925418766496457,0.0504979084260462
"104",422918.304573131,0.92456404741727,0.0509908123423071
"105",422918.916010973,0.92401333202489,0.0500491048812944
"106",422919.527448816,0.9236396107493,0.0484824985286386
"107",422920.138886659,0.922861198969735,0.0511701351538312
"108",422920.750324501,0.923023434327706,0.0504773814329108
"109",422921.361762344,0.923708659856911,0.0515879905920193
"110",422921.973200187,0.92339290710284,0.0554950852718293
"111",422922.584638029,0.922428053085022,0.0593959708295247
"112",422923.196075872,0.922432241822815,0.0627217523616502
"113",422923.807513715,0.92335837742056,0.0601697598962202
"114",422924.418951557,0.922868762099672,0.0667286656602581
"115",422925.0303894,0.921661663965901,0.0735776890079675
"116",422925.641827243,0.921132724362909,0.0741484326085987
"117",422926.253265085,0.921136353884357,0.0721539401958792
"118",422926.864702928,0.921048332732108,0.0720477553684836
"119",422927.476140771,0.921123530109293,0.0721018075116434
"120",422928.087578613,0.921485140875446,0.0746851288382898
"121",422928.699016456,0.922584889841614,0.0713370654664476
"122",422929.310454299,0.922883180923967,0.0739319261671425
"123",422929.921892141,0.923322411432641,0.0737667900607349
"124",422930.533329984,0.923586032630216,0.073889672295536
"125",422931.144767827,0.92415000582747,0.0722646886150826
"126",422931.756205669,0.925840606013654,0.0664369620812328
"127",422932.367643512,0.929064541211095,0.0474905101771822
"128",422932.979081355,0.931328569018193,0.0333331354436239
"129",422933.590519197,0.93262032945637,0.0267611024234665
"130",422934.20195704,0.933353563879205,0.0235658093232635
"131",422934.813394883,0.934066043379068,0.0195448095769131
"132",422935.424832725,0.934520280749038,0.017135605720059
"133",422936.036270568,0.934731471248027,0.0160109925035955
"134",422936.647708411,0.934680987525405,0.0156860838700542
"135",422937.259146253,0.934478464411501,0.0158243665340251
"136",422937.870584096,0.934121870881346,0.0164109948486827
"137",422938.482021939,0.933627480535565,0.0172783716608239
"138",422939.093459781,0.932895421774517,0.0187091217653174
"139",422939.704897624,0.931927014003452,0.0211144349046074
"140",422940.316335467,0.930567893705925,0.0256957976194599
"141",422940.927773309,0.928631396043734,0.034634231368668
"142",422941.539211152,0.926038723373229,0.0492348987568164
"143",422942.150648995,0.923483765239285,0.0636682290829773
"144",422942.762086837,0.922860424929019,0.0615315679795381
"145",422943.37352468,0.923472438828394,0.0514541068357204
"146",422943.984962523,0.923708696606809,0.0468184306028775
"147",422944.596400365,0.923522296243217,0.045564049435228
"148",422945.207838208,0.923124752031119,0.0455669627123295
"149",422945.819276051,0.922571853584698,0.0460852080493424
"150",422946.430713893,0.921972681566613,0.046922309268042
"151",422947.042151736,0.921289012612242,0.0486741845433593
"152",422947.653589579,0.920790165720347,0.0501401414331728
"153",422948.265027421,0.920714383435944,0.0494875638169652
"154",422948.876465264,0.920947875996646,0.0473860953166543
"155",422949.487903107,0.921154513443314,0.0457019406072134
"156",422950.099340949,0.921275913831334,0.0453000750763393
"157",422950.710778792,0.92145544595893,0.0450239976581584
"158",422951.322216635,0.921864033584677,0.0440314548245882
"159",422951.933654477,0.922365576271964,0.0431726132259909
"160",422952.54509232,0.923073272553443,0.0408070548217929
"161",422953.156530163,0.923713881885174,0.0373727149972017
"162",422953.767968005,0.924236519243465,0.0349625098943118
"163",422954.379405848,0.924840710451518,0.0331487541743206
"164",422954.990843691,0.925594584856018,0.0295883222605015
"165",422955.602281533,0.926431440165337,0.0251885446688339
"166",422956.213719376,0.927133775612767,0.0226443270960317
"167",422956.825157219,0.927646034867858,0.0215846525580135
"168",422957.436595061,0.927985697528086,0.0215336337999687
"169",422958.048032904,0.928091446217873,0.0223115380009396
"170",422958.659470747,0.928096000730138,0.0227088421986217
"171",422959.270908589,0.927960391647239,0.0226773150925352
"172",422959.882346432,0.927789420767673,0.0221810772046964
"173",422960.493784275,0.927489615762598,0.0216030325126407
"174",422961.105222117,0.927046473462499,0.0216064725906403
"175",422961.71665996,0.926442771397301,0.0229024722760916
"176",422962.328097803,0.925407182447801,0.0269942926000049
"177",422962.939535645,0.923532538775379,0.0362703386203082
"178",422963.550973488,0.920929293880407,0.0508038177150845
"179",422964.162411331,0.919061785487311,0.0635537725181834
"180",422964.773849173,0.918371192140423,0.0694433817917589
"181",422965.385287016,0.920460579463595,0.0569820794273444
"182",422965.996724859,0.922891928885603,0.0409737356935598
"183",422966.608162701,0.924435112619152,0.0339002529966023
"184",422967.219600544,0.925716709088574,0.0284027041305435
"185",422967.831038387,0.926736152460704,0.0238919322648023
"186",422968.442476229,0.927424939801722,0.0214541209009976
"187",422969.053914072,0.927868793196831,0.0201475536912255
"188",422969.665351915,0.928128507144537,0.0193497657228635
"189",422970.276789757,0.928236134844128,0.018980351714136
"190",422970.8882276,0.92816554267083,0.019110359101234
"191",422971.499665443,0.92789920384572,0.0197567957972198
"192",422972.111103285,0.927430926336523,0.0210961848916449
"193",422972.722541128,0.926776654380763,0.0235889560185274
"194",422973.333978971,0.925840338598459,0.0281461388685344
"195",422973.945416813,0.924489540239235,0.0365717412753785
"196",422974.556854656,0.922877673434692,0.0494576607153424
"197",422975.168292499,0.922898647776013,0.046257667842002
"198",422975.779730341,0.924023824439598,0.0355106038940626
"199",422976.391168184,0.925094457301861,0.0280768702700066
"200",422977.002606027,0.926026517444401,0.0231661321002111
"201",422977.614043869,0.926760560132553,0.0203277393812776
"202",422978.225481712,0.927179406203264,0.0190007126733806
"203",422978.836919555,0.927562936956658,0.0182454013499947
"204",422979.448357397,0.927751053102031,0.0179414556599734
"205",422980.05979524,0.927844576086014,0.0176759127967606
"206",422980.671233083,0.92778867881655,0.0174881014478786
"207",422981.282670925,0.927600133904886,0.0174614527443907
"208",422981.894108768,0.927181157106433,0.0180541881957339
"209",422982.505546611,0.926512467655236,0.0198881427094991
"210",422983.116984453,0.925431136105717,0.0243828338665936
"211",422983.728422296,0.923566709480787,0.0356644722820472
"212",422984.339860139,0.920401561691442,0.0562305640040395
"213",422984.951297981,0.917217125965246,0.0707487693329489
"214",422985.562735824,0.915324668291761,0.0752693402792283
"215",422986.174173667,0.914077730316271,0.0741290114985326
"216",422986.785611509,0.9143973011747,0.0678524804884774
"217",422987.397049352,0.915113319047979,0.064271827385427
"218",422988.008487195,0.915604407309128,0.0659693521164577
"219",422988.619925037,0.914098812731091,0.0669687974179616
"220",422989.23136288,0.91302700918177,0.0676244159550415
"221",422989.842800723,0.911882031411104,0.0705331113747015
"222",422990.454238565,0.911233576970298,0.0705071177288138
"223",422991.065676408,0.911334105322743,0.0675753966175024
"224",422991.677114251,0.913124361387994,0.0587942424146051
"225",422992.288552093,0.915158683558314,0.0437385733093231
"226",422992.899989936,0.915589089952739,0.0391685925852584
"227",422993.511427779,0.915466140318544,0.0379260156067247
"228",422994.122865621,0.915172439398424,0.0372474580579348
"229",422994.734303464,0.914716363645352,0.0380580155842542
"230",422995.345741307,0.91428678545792,0.0398139657983369
"231",422995.957179149,0.913934920350522,0.0434535708554468
"232",422996.568616992,0.913580627825625,0.0446192874166191
"233",422997.180054835,0.91357844045761,0.0424065473712346
"234",422997.791492677,0.913638427631955,0.0413788284135009
"235",422998.40293052,0.913605190739066,0.0416132998871268
"236",422999.014368363,0.913744607146059,0.0418123949191017
"237",422999.625806205,0.914181213729794,0.0409350150336778
"238",423000.237244048,0.914905550408259,0.0380820548511705
"239",423000.848681891,0.914932818485257,0.0393443638883239
"240",423001.460119733,0.915007769897845,0.0402872824141248
"241",423002.071557576,0.915127362449487,0.0404450410647333
"242",423002.682995419,0.914954636616034,0.0418287298936661
"243",423003.294433262,0.914417851025262,0.0438988082082342
"244",423003.905871104,0.912763472977984,0.0518527262535544
"245",423004.517308947,0.910529810885022,0.0643049157734621
"246",423005.128746789,0.909643738984652,0.0672092674801032
"247",423005.740184632,0.910190702577089,0.0711646881224683
"248",423006.351622475,0.911971117786051,0.0737496735583052
"249",423006.963060318,0.912226425629974,0.0699106793017124
"250",423007.57449816,0.912995028896408,0.0638703906636849
"251",423008.185936003,0.914831878364078,0.0569823993650654
"252",423008.797373845,0.917774569501461,0.0360840841804358
"253",423009.408811688,0.919236054857619,0.0266786158626401
"254",423010.020249531,0.919927217760517,0.0231417250931344
"255",423010.631687374,0.920232344939948,0.0216863541139503
"256",423011.243125216,0.920328094690139,0.0210603601877629
"257",423011.854563059,0.920215657619886,0.020817629077172
"258",423012.466000901,0.919925353097181,0.0206366797575409
"259",423013.077438744,0.919510172930803,0.0203870833793486
"260",423013.688876587,0.918973946190224,0.0202853364861842
"261",423014.30031443,0.918289005289974,0.020413312346303
"262",423014.911752272,0.917508225116522,0.020895575244189
"263",423015.523190115,0.916520048649643,0.0219627370147048
"264",423016.134627958,0.915271863212864,0.024232541263864
"265",423016.7460658,0.913545259789276,0.0291520604928561
"266",423017.357503643,0.910905845199465,0.0417557137484451
"267",423017.968941486,0.907325906551208,0.062664280430688
"268",423018.580379328,0.905162112899439,0.0743912904566886
"269",423019.191817171,0.906057735285957,0.0629521967831528
"270",423019.803255014,0.908518729233787,0.0411034389760206
"271",423020.414692856,0.909673544843955,0.0307248215878353
"272",423021.026130699,0.909831301541172,0.0274309825896953
"273",423021.637568542,0.909503102076721,0.0260771440795135
"274",423022.249006384,0.908898081889013,0.0255298031451912
"275",423022.860444227,0.908075071207556,0.0254877803861105
"276",423023.47188207,0.907183616891669,0.0256839296301797
"277",423024.083319912,0.906434335871614,0.0252235176955252
"278",423024.694757755,0.905701277307121,0.0248449212407731
"279",423025.306195598,0.905004465736442,0.02433220956757
"280",423025.91763344,0.904134692357648,0.0243953995859547
"281",423026.529071283,0.903129017273653,0.0248274930728466
"282",423027.140509126,0.90224546078125,0.0249726635260289
"283",423027.751946968,0.90142022707077,0.025306338078628
"284",423028.363384811,0.900522911676684,0.0265351632721852
"285",423028.974822654,0.899572132617072,0.0264501879266377
"286",423029.586260496,0.898478510680092,0.0264653637637017
"287",423030.197698339,0.89735584479305,0.026835973597136
"288",423030.809136182,0.895955750504693,0.027969098536225
"289",423031.420574024,0.894150696946684,0.0305418528673773
"290",423032.032011867,0.891338251054849,0.0392112085087537
"291",423032.64344971,0.887149993198928,0.0578629516822531
"292",423033.254887552,0.882365255753179,0.075803180053744
"293",423033.866325395,0.87822148707021,0.0861099903055306
"294",423034.477763238,0.875004628021652,0.0900417140893755
"295",423035.08920108,0.873253308476639,0.0881602891177186
"296",423035.700638923,0.87243871035505,0.0878213060414735
"297",423036.312076766,0.871260340775786,0.0838849111689534
"298",423036.923514608,0.869509597037247,0.0847639676260536
"299",423037.534952451,0.868711264670808,0.0831641423579611
"300",423038.146390294,0.868137596078411,0.0812890213263363
"301",423038.757828136,0.868714401159805,0.0741622544528884
"302",423039.369265979,0.870075971225643,0.0594927059581916
"303",423039.980703822,0.870284471298012,0.0514758232253705
"304",423040.592141664,0.869375637472298,0.051167334404901
"305",423041.203579507,0.867574931076509,0.0533575457864166
"306",423041.81501735,0.865794712989752,0.0546638867900211
"307",423042.426455192,0.864159289764604,0.0557111801027968
"308",423043.037893035,0.862434842021623,0.0572162296722958
"309",423043.649330878,0.86050066036826,0.0592926925318839
"310",423044.26076872,0.858559081901584,0.0617370813010572
"311",423044.872206563,0.856658597810674,0.0643403015879849
"312",423045.483644406,0.854642071295861,0.0662645388587398
"313",423046.095082248,0.852446234138232,0.0691686953138148
"314",423046.706520091,0.85024687113979,0.0723442578695593
"315",423047.317957934,0.847829417971659,0.0765565640161293
"316",423047.929395776,0.845270661355919,0.0820875750642294
"317",423048.540833619,0.842946239691377,0.0872731995137508
"318",423049.152271462,0.841584448097203,0.0886867945095876
"319",423049.763709304,0.840269702379666,0.0895943292692247
"320",423050.375147147,0.838487129837357,0.0936875729274302
"321",423050.98658499,0.83766162917992,0.0918332961156411
"322",423051.598022832,0.837418384827162,0.0883194688031863
"323",423052.209460675,0.837286332666974,0.0853742521678815
"324",423052.820898518,0.837022829254779,0.0833131118026266
"325",423053.43233636,0.836713491940691,0.0822861071098121
"326",423054.043774203,0.835993243813536,0.0821196124802816
"327",423054.655212046,0.835082031963426,0.0816110274827441
"328",423055.266649888,0.83430054630237,0.0818850880733882
"329",423055.878087731,0.833594003955747,0.0823149748335413
"330",423056.489525574,0.833261526597818,0.0817586988017885
"331",423057.100963416,0.833143399462158,0.0804876472991008
"332",423057.712401259,0.833352594951831,0.0773274855168044
"333",423058.323839102,0.833511309667177,0.0749419248285557
"334",423058.935276944,0.832979267643957,0.0749795363496191
"335",423059.546714787,0.832539095200789,0.0746763334427366
"336",423060.15815263,0.831937586838177,0.0748048967014125
"337",423060.769590472,0.831542177942411,0.0745540428257222
"338",423061.381028315,0.831440521144657,0.0740049361298341
"339",423061.992466158,0.83097797309107,0.0733688079502292
"340",423062.603904,0.830190362696078,0.0734811415110905
"341",423063.215341843,0.829398313214054,0.0735697895567155
"342",423063.826779686,0.828727486158189,0.0735340001224425
"343",423064.438217528,0.828311854562686,0.0730777555449723
"344",423065.049655371,0.827970763829519,0.0720717257508342
"345",423065.661093214,0.827141509331692,0.0724357449484608
"346",423066.272531056,0.826484097271598,0.0727211483657005
"347",423066.883968899,0.826043719022881,0.0723789375914848
"348",423067.495406742,0.825466496427367,0.0720359745333576
"349",423068.106844584,0.8245578051052,0.0730022163079553
"350",423068.718282427,0.823724607598658,0.0735793145007793
"351",423069.32972027,0.823093041987725,0.0743448706642996
"352",423069.941158112,0.82275187951771,0.0742114864628309
"353",423070.552595955,0.822688854254402,0.0734227324323949
"354",423071.164033798,0.822389194364522,0.07302534685478
"355",423071.77547164,0.822126342796271,0.0728117646666305
"356",423072.386909483,0.821796586847085,0.0724809709972906
"357",423072.998347326,0.821657095946699,0.0716986892102212
"358",423073.609785168,0.821363488797338,0.0718709272575829
"359",423074.221223011,0.821488077811185,0.070890670552237
"360",423074.832660854,0.821486254528596,0.0694547061121787
"361",423075.444098696,0.821714808838017,0.0679200550492458
"362",423076.055536539,0.822187367926552,0.0650326685457875
"363",423076.666974382,0.822416874116372,0.0633688990105829
"364",423077.278412224,0.822514683574604,0.0621129577133599
"365",423077.889850067,0.822612323952373,0.0608584601515874
"366",423078.50128791,0.822762416360367,0.0597032933600528
"367",423079.112725752,0.822906061974993,0.0586954745600904
"368",423079.724163595,0.823144703421248,0.0573879983232851
"369",423080.335601438,0.823264779115997,0.0560958909222466
"370",423080.94703928,0.823415691579381,0.0547467898030394
"371",423081.558477123,0.823612315675351,0.0536367424856132
"372",423082.169914966,0.823838193959182,0.0527010904423339
"373",423082.781352808,0.824015520816209,0.0516758227983142
"374",423083.392790651,0.824186664457659,0.0507511925995567
"375",423084.004228494,0.824251667943257,0.0498255423930329
"376",423084.615666336,0.824333731638049,0.0491135390134923
"377",423085.227104179,0.824431641562284,0.0483501312572025
"378",423085.838542022,0.824373346177957,0.0485730397885572
"379",423086.449979864,0.824225386007112,0.048801223159565
"380",423087.061417707,0.824497773084397,0.0470509709523667
"381",423087.67285555,0.825159231080175,0.0449794635847009
"382",423088.284293392,0.825751363476743,0.0444340256473925
"383",423088.895731235,0.826224213320302,0.0440832871118358
"384",423089.507169078,0.826397896163972,0.0439649967451233
"385",423090.11860692,0.826391321982748,0.043445235450564
"386",423090.730044763,0.82632672408214,0.0427926398491417
"387",423091.341482606,0.826199493830129,0.0424484787932948
"388",423091.952920448,0.826056585458219,0.0425640260593712
"389",423092.564358291,0.826016463378526,0.0429962596084214
"390",423093.175796134,0.826138389181254,0.043305793192627
"391",423093.787233976,0.82631037875401,0.0433767927507556
"392",423094.398671819,0.826421816089381,0.0423603407300853
"393",423095.010109662,0.826526415295229,0.0416498895385441
"394",423095.621547504,0.82672712102178,0.0410847919564377
"395",423096.232985347,0.826714278724069,0.0412911671730192
"396",423096.84442319,0.826828004394932,0.0411937753940292
"397",423097.455861032,0.826653646565876,0.04115255593162
"398",423098.067298875,0.826046323665724,0.040742889287514
"399",423098.678736718,0.825196821724882,0.0405076130435802
"400",423099.29017456,0.82422736547872,0.041555026022729
"401",423099.901612403,0.823051532138518,0.044617628933269
"402",423100.513050246,0.822139790580075,0.0492505685985428
"403",423101.124488088,0.822650248365169,0.0453067559134508
"404",423101.735925931,0.823437620408907,0.0410823483965837
"405",423102.347363774,0.824021279288377,0.039639030326915
"406",423102.958801616,0.824325458798418,0.0393751339722855
"407",423103.570239459,0.824302311979111,0.0393292695283769
"408",423104.181677302,0.824032617810278,0.0391757434962271
"409",423104.793115144,0.823631291440817,0.0388132013778769
"410",423105.404552987,0.82331099949854,0.0386281583843881
"411",423106.01599083,0.822889785161708,0.0388988694409201
"412",423106.627428672,0.822511042096,0.0395030548451474
"413",423107.238866515,0.822170998253668,0.0401302460669618
"414",423107.850304358,0.821829573629622,0.0400398069618886
"415",423108.4617422,0.821524245411893,0.0396560109140478
"416",423109.073180043,0.821118010815345,0.0393192475022748
"417",423109.684617886,0.820532884592341,0.0392135950098203
"418",423110.296055728,0.820183685526176,0.039408687437821
"419",423110.907493571,0.819896389976014,0.0397500304379313
"420",423111.518931414,0.819574029188826,0.0403110297972419
"421",423112.130369256,0.818980582728814,0.0402463963977752
"422",423112.741807099,0.81830205789829,0.0402430898341229
"423",423113.353244942,0.817535811081125,0.0417011335064652
"424",423113.964682784,0.817254619584233,0.0431110739649588
"425",423114.576120627,0.81734528192964,0.0423564067091106
"426",423115.18755847,0.817021962741328,0.0425274896999577
"427",423115.798996312,0.816540098619724,0.0433353578594557
"428",423116.410434155,0.81624598167392,0.0434235869917045
"429",423117.021871998,0.816063453255741,0.0431243858633982
"430",423117.63330984,0.815853644951721,0.0432230882677934
"431",423118.244747683,0.815726931037377,0.0438030091606249
"432",423118.856185526,0.815655380211553,0.04419304327063
"433",423119.467623368,0.815851946665796,0.0430173272514098
"434",423120.079061211,0.816093190028293,0.0424298861760057
"435",423120.690499054,0.816142577443389,0.042840113217466
"436",423121.301936896,0.816254747370574,0.0430044819562838
"437",423121.913374739,0.81635090858099,0.0428392171595286
"438",423122.524812582,0.81652192150187,0.0422620674043518
"439",423123.136250424,0.816832236015098,0.0410739196579612
"440",423123.747688267,0.817103486401208,0.0396121856173699
"441",423124.35912611,0.81714155832706,0.0391701658064757
"442",423124.970563952,0.817114633236691,0.0392070713720283
"443",423125.582001795,0.81742625979022,0.0387384961207846
"444",423126.193439638,0.817697083758884,0.0382165402188918
"445",423126.80487748,0.818140129674067,0.0371545073964059
"446",423127.416315323,0.818812678368361,0.0365065281794608
"447",423128.027753166,0.819458116733863,0.0363066260277841
"448",423128.639191008,0.819985285075406,0.0363005869666269
"449",423129.250628851,0.820381776888392,0.0363069610060863
"450",423129.862066694,0.820844937481239,0.0364034117315521
"451",423130.473504536,0.821102208960598,0.0367255309884785
"452",423131.084942379,0.821328038888373,0.0368255333335516
"453",423131.696380222,0.821519367134558,0.0360806170071303
"454",423132.307818064,0.821803613667139,0.0358487183653389
"455",423132.919255907,0.822188050775457,0.0359584191628077
"456",423133.53069375,0.82222103545379,0.0361302341480951
"457",423134.142131592,0.821780998208848,0.0362139247751965
"458",423134.753569435,0.821103851793087,0.0368045528162418
"459",423135.365007278,0.819685240155144,0.0426776548237569
"460",423135.976445121,0.81777472474062,0.0570672970244792
"461",423136.587882963,0.818519394010523,0.0515635775983759
"462",423137.199320806,0.82060533837723,0.0400163498759552
"463",423137.810758648,0.822040675057014,0.0372605261538365
"464",423138.422196491,0.822668999648042,0.0375993825491987
"465",423139.033634334,0.822968359991931,0.0380663584852201
"466",423139.645072177,0.823063550822327,0.0381696227047585
"467",423140.256510019,0.822823423426528,0.0380452682569443
"468",423140.867947862,0.822526501908038,0.0380738454939137
"469",423141.479385705,0.822300838726059,0.0383358478238766
"470",423142.090823547,0.822229995151851,0.0383763068984429
"471",423142.70226139,0.822013081700554,0.0383421674497861
"472",423143.313699233,0.82180574562957,0.0379661615236766
"473",423143.925137075,0.82159161045355,0.0374713852638518
"474",423144.536574918,0.821175417645,0.0372705531723236
"475",423145.148012761,0.820681933891973,0.0372770718956452
"476",423145.759450603,0.820337144952104,0.0369418871023583
"477",423146.370888446,0.820012757446343,0.0371538050673053
"478",423146.982326289,0.819596465550473,0.037538945452418
"479",423147.593764131,0.819103428111524,0.0377864137357161
"480",423148.205201974,0.818571568888175,0.0383976622287514
"481",423148.816639817,0.817874252273549,0.0390720297719526
"482",423149.428077659,0.816946364826497,0.0410967657399823
"483",423150.039515502,0.815658029961459,0.0447997393003
"484",423150.650953345,0.813837606176899,0.0510986446182373
"485",423151.262391187,0.812164415241921,0.0552771709714296
"486",423151.87382903,0.81091653132431,0.0581740013870551
"487",423152.485266873,0.80996192037106,0.0613157696089282
"488",423153.096704715,0.808558226012598,0.0636001616222429
"489",423153.708142558,0.807376676905545,0.0656046089845235
"490",423154.319580401,0.806073567948741,0.0687413647856982
"491",423154.931018243,0.805016871104351,0.0709875971526419
"492",423155.542456086,0.804244520485712,0.0733247479961942
"493",423156.153893929,0.802977518293907,0.0766487019080411
"494",423156.765331771,0.801906528704634,0.0796287341667734
"495",423157.376769614,0.801318632134749,0.0804427424274543
"496",423157.988207457,0.800439731739269,0.0823297553668635
"497",423158.599645299,0.799837164939129,0.0838022128543871
"498",423159.211083142,0.79902823495214,0.0859751538101319
"499",423159.822520985,0.79892054123049,0.0855138997245479
"500",423160.433958827,0.799344470925189,0.083828870877097
"501",423161.04539667,0.800508213303401,0.0803397111010667
"502",423161.656834513,0.801321367891082,0.0777544574167351
"503",423162.268272355,0.801641255697884,0.0775143372729274
"504",423162.879710198,0.80209914168315,0.0770196297276873
"505",423163.491148041,0.802481126554049,0.0765989037992926
"506",423164.102585883,0.802891118286122,0.0755771385653676
"507",423164.714023726,0.803452819311814,0.0741909544499127
"508",423165.325461569,0.803985992497615,0.0732894789920831
"509",423165.936899411,0.80458423620585,0.0725252722473585
"510",423166.548337254,0.805237349480955,0.0715585415798715
"511",423167.159775097,0.805955108657287,0.0702412366932354
"512",423167.771212939,0.806958380659269,0.0687668666522663
"513",423168.382650782,0.808075031179229,0.0669848326063042
"514",423168.994088625,0.808998409908422,0.066000033189739
"515",423169.605526467,0.809557584510581,0.0658560295665911
"516",423170.21696431,0.810088754304388,0.0655066669944316
"517",423170.828402153,0.81089894963591,0.0641495689841436
"518",423171.439839995,0.811641356515995,0.0629657535127799
"519",423172.051277838,0.812648089621456,0.0616362705580824
"520",423172.662715681,0.813549660636258,0.0612239786215952
"521",423173.274153523,0.814403513663456,0.0596875282600325
"522",423173.885591366,0.815079065572419,0.0583040285667888
"523",423174.497029209,0.8155189606588,0.0581512565591509
"524",423175.108467051,0.815817384261615,0.0587475293699277
"525",423175.719904894,0.816005095171344,0.0606268773132397
"526",423176.331342737,0.816255448461152,0.0626116499696211
"527",423176.942780579,0.816678019865618,0.062988488258383
"528",423177.554218422,0.817513700616848,0.0599526024470636
"529",423178.165656265,0.818618980867857,0.0567154614657319
"530",423178.777094107,0.819598456308272,0.0546343121313541
"531",423179.38853195,0.820323358558707,0.0537885118442651
"532",423179.999969793,0.820812003376965,0.0536142961458984
"533",423180.611407635,0.820999241844625,0.0542889373555756
"534",423181.222845478,0.82147012904094,0.053561198174555
"535",423181.834283321,0.82210297505943,0.0527403531187311
"536",423182.445721163,0.823019529474555,0.050473699842691
"537",423183.057159006,0.823945878661432,0.048078463861306
"538",423183.668596849,0.82477727561898,0.0470229139226355
"539",423184.280034691,0.825758165505534,0.0452653619367076
"540",423184.891472534,0.826885485569475,0.043205601345918
"541",423185.502910377,0.828099085018835,0.041202371019368
"542",423186.114348219,0.829164604396648,0.0401193676836093
"543",423186.725786062,0.830028869776817,0.0396314774456968
"544",423187.337223905,0.83067636845011,0.0395062276108148
"545",423187.948661747,0.83097824975956,0.0392322285907836
"546",423188.56009959,0.830915431989262,0.0392069980546224
"547",423189.171537433,0.830515067283541,0.0399051219053102
"548",423189.782975275,0.829962704369459,0.0418515238392744
"549",423190.394413118,0.829174871191364,0.0463606956665694
"550",423191.005850961,0.828287050103857,0.0535210868075013
"551",423191.617288803,0.828928740642071,0.0491743602702738
"552",423192.228726646,0.830286672898731,0.043155238200824
"553",423192.840164489,0.8314401428325,0.0400745410281803
"554",423193.451602331,0.832434498729807,0.038763029428386
"555",423194.063040174,0.833134409651927,0.0386370959311576
"556",423194.674478017,0.833640083113757,0.0391732297962568
"557",423195.285915859,0.833947580197259,0.0393722461548616
"558",423195.897353702,0.834030526869223,0.0391972797119438
"559",423196.508791545,0.833858230902999,0.0384365256881666
"560",423197.120229387,0.833571066460178,0.0378539336466667
"561",423197.73166723,0.833169552168808,0.0377050948813801
"562",423198.343105073,0.832694749684848,0.0385042712071235
"563",423198.954542915,0.832428282521809,0.0390527116364864
"564",423199.565980758,0.831839100408922,0.0402225429465018
"565",423200.177418601,0.830904537658465,0.042650682361478
"566",423200.788856443,0.830213750248674,0.0444785706208784
"567",423201.400294286,0.829586011686217,0.0459943817935116
"568",423202.011732129,0.829011639724405,0.0476260491626074
"569",423202.623169971,0.828479621596159,0.049162543748159
"570",423203.234607814,0.827944361166772,0.0513701606076013
"571",423203.846045657,0.827426702655809,0.0531321605848629
"572",423204.457483499,0.827095346069592,0.0540540493068047
"573",423205.068921342,0.826947174521195,0.0547006315418514
"574",423205.680359185,0.826849022470009,0.0559366487364927
"575",423206.291797027,0.826822182057108,0.0572609500315879
"576",423206.90323487,0.826783854301318,0.0591582818489747
"577",423207.514672713,0.826767226047976,0.0604076190558296
"578",423208.126110555,0.826963835025901,0.0591476881676945
"579",423208.737548398,0.827168520110245,0.0562859320346628
"580",423209.348986241,0.827401373823805,0.0536819850710228
"581",423209.960424083,0.827779374145559,0.0501158548940871
"582",423210.571861926,0.828015905380233,0.0479397011682989
"583",423211.183299769,0.828209941013597,0.0470154172537465
"584",423211.794737611,0.828216362644454,0.0468247795232893
"585",423212.406175454,0.828234761776676,0.0469527694780683
"586",423213.017613297,0.827845861673804,0.0478281282551212
"587",423213.629051139,0.82707184790938,0.0492047645782941
"588",423214.240488982,0.826306771783856,0.0503898339324991
"589",423214.851926825,0.825310548550934,0.051921156001937
"590",423215.463364667,0.824453246802898,0.0532969680537175
"591",423216.07480251,0.822894517938742,0.0585117470524738
"592",423216.686240353,0.821443012491267,0.0625135355423935
"593",423217.297678195,0.820924139217978,0.0634555034399331
"594",423217.909116038,0.821499387323274,0.0619003225539408
"595",423218.520553881,0.822046919479648,0.0611879506739066
"596",423219.131991723,0.822581750612848,0.0591210073185868
"597",423219.743429566,0.823002302004717,0.0565267886197552
"598",423220.354867409,0.823252919644145,0.0562930518598177
"599",423220.966305251,0.823509189338122,0.0574490237472642
"600",423221.577743094,0.824152273074894,0.0561449019764058
"601",423222.189180937,0.824781110346942,0.0529404132962187
"602",423222.800618779,0.82505412585584,0.0514344781585108
"603",423223.412056622,0.824837102801101,0.0509166908749311
"604",423224.023494465,0.824276060786619,0.0516361140079849
"605",423224.634932307,0.823350688503202,0.0537875708872701
"606",423225.24637015,0.822288644901104,0.055987116126438
"607",423225.857807993,0.821275505689186,0.0582882545740487
"608",423226.469245835,0.820749932778145,0.0601911730036693
"609",423227.080683678,0.820363535420743,0.0617454479619763
"610",423227.692121521,0.820225233235418,0.0624733529077303
"611",423228.303559363,0.820298988744924,0.0624016438726428
"612",423228.914997206,0.820611436753581,0.0616888111942754
"613",423229.526435049,0.820928091120706,0.0610380387289085
"614",423230.137872891,0.821310529466325,0.0602990919475453
"615",423230.749310734,0.822048638167535,0.0588472400721831
"616",423231.360748577,0.822978305501361,0.0561170559647364
"617",423231.972186419,0.824198049699859,0.0525901699568253
"618",423232.583624262,0.825187408962375,0.0500031394105302
"619",423233.195062105,0.825727198458908,0.0491754878239445
"620",423233.806499947,0.825901986399312,0.0502203455888197
"621",423234.41793779,0.825792640658485,0.0528540587270257
"622",423235.029375633,0.825141871584773,0.0583440299280881
"623",423235.640813475,0.823736395097203,0.0668029466125218
"624",423236.252251318,0.822842626810316,0.069873587586365
"625",423236.863689161,0.822154188740334,0.0715858582746986
"626",423237.475127003,0.82196069069499,0.0703193850869785
"627",423238.086564846,0.821619710432679,0.069759590084262
"628",423238.698002689,0.821272742799655,0.0697162507307692
"629",423239.309440531,0.82065974735896,0.0715857975880398
"630",423239.920878374,0.819579999348604,0.0745507050810744
"631",423240.532316217,0.817386649070857,0.0835360383061496
"632",423241.143754059,0.814780728859857,0.0935865103830775
"633",423241.755191902,0.81331930175099,0.0980510339908087
"634",423242.366629745,0.812353565623347,0.0988719282810293
"635",423242.978067587,0.813364401841293,0.0923922310984287
"636",423243.58950543,0.813792322369321,0.0898190287850289
"637",423244.200943273,0.813398619791241,0.0907773812560974
"638",423244.812381115,0.813384056099245,0.0909352067188118
"639",423245.423818958,0.814397402269681,0.0882039814170143
"640",423246.035256801,0.815537305755883,0.0866590762564428
"641",423246.646694643,0.816757086752032,0.0854433909904475
"642",423247.258132486,0.818708953487839,0.0809187191987897
"643",423247.869570329,0.821234644074329,0.0746686376631448
"644",423248.481008171,0.823569255384607,0.070574221482782
"645",423249.092446014,0.825175274602771,0.0685417227078904
"646",423249.703883857,0.826764241104768,0.0671928344702999
"647",423250.315321699,0.828350708571302,0.0665484765476646
"648",423250.926759542,0.830106768451496,0.0654699451038257
"649",423251.538197385,0.831815363820753,0.0641392069619081
"650",423252.149635227,0.833524442462668,0.0621333283950093
"651",423252.76107307,0.835670058586578,0.0572682440803628
"652",423253.372510913,0.837732712690832,0.0518476091180863
"653",423253.983948755,0.839911719858126,0.0465720846534239
"654",423254.595386598,0.841539751331637,0.0427072493778137
"655",423255.206824441,0.842778486271793,0.0407007368062924
"656",423255.818262283,0.843679590373112,0.0390735820268239
"657",423256.429700126,0.844762656516678,0.0371922897040651
"658",423257.041137969,0.845808006524839,0.0351919593618583
"659",423257.652575811,0.846396935160757,0.0343416041225498
"660",423258.264013654,0.846655212166901,0.0338857963921575
"661",423258.875451497,0.846841141495421,0.0337344224351731
"662",423259.48688934,0.846823591982815,0.0335548400818647
"663",423260.098327182,0.846597701156144,0.0341027939254005
"664",423260.709765025,0.84608671699098,0.0356091693257226
"665",423261.321202867,0.845533441658469,0.0384363981778657
"666",423261.93264071,0.84518306310815,0.0412436740135676
"667",423262.544078553,0.845368087099235,0.0416652121057136
"668",423263.155516396,0.846077435913811,0.0379890294224818
"669",423263.766954238,0.846736454557815,0.0354467937268388
"670",423264.378392081,0.847268808948309,0.0342682453526572
"671",423264.989829923,0.847670652801497,0.0339373037195504
"672",423265.601267766,0.848043939708419,0.0338323958269312
"673",423266.212705609,0.848479301571907,0.0339551651084543
"674",423266.824143452,0.848834872759001,0.0342271269326184
"675",423267.435581294,0.849258687505073,0.0341759536201616
"676",423268.047019137,0.849628576889485,0.0337195316820867
"677",423268.658456979,0.849883164704504,0.0333056293396724
"678",423269.269894822,0.850130123562985,0.0328881911617829
"679",423269.881332665,0.850140816113283,0.0326842639822647
"680",423270.492770508,0.849827184417075,0.0335296811165285
"681",423271.10420835,0.849148067765884,0.0358304212990209
"682",423271.715646193,0.848502154657079,0.0382652305968626
"683",423272.327084036,0.848370598795586,0.0392382240288526
"684",423272.938521878,0.848552050395031,0.0370361993744196
"685",423273.549959721,0.848808418539213,0.0350345331009037
"686",423274.161397564,0.849112437052352,0.034267117607164
"687",423274.772835406,0.849324780947936,0.0340469555460186
"688",423275.384273249,0.849170475340415,0.0344782603461713
"689",423275.995711092,0.849040178614845,0.0354948786654307
"690",423276.607148934,0.848980833778955,0.0380667657942924
"691",423277.218586777,0.849179161236103,0.0390355272477431
"692",423277.83002462,0.849431476711296,0.0365212647912727
"693",423278.441462462,0.849697396134416,0.0355096742397596
"694",423279.052900305,0.849821172973393,0.0351144851167005
"695",423279.664338148,0.849625585003119,0.0346803498248127
"696",423280.27577599,0.848857896794144,0.0357458944070474
"697",423280.887213833,0.847895283017858,0.0404386330505019
"698",423281.498651676,0.847013168061012,0.0488954540204278
"699",423282.110089518,0.847188036375025,0.0536104395793393
"700",423282.721527361,0.849059453822003,0.04394102233428
"701",423283.332965204,0.850736648864795,0.0361762682457344
"702",423283.944403046,0.851604541845058,0.0342364881877503
"703",423284.555840889,0.851816615886635,0.0337423809137367
"704",423285.167278732,0.851610192315521,0.0334580942321364
"705",423285.778716574,0.851256552355013,0.0329479598352442
"706",423286.390154417,0.850998444066611,0.032490343150105
"707",423287.00159226,0.850523560517838,0.0321934199515092
"708",423287.613030102,0.849837387521172,0.0319699136916512
"709",423288.224467945,0.848878711475696,0.0315098159948593
"710",423288.835905788,0.847959048587,0.0313425765889213
"711",423289.44734363,0.846991436866945,0.0319015346197208
"712",423290.058781473,0.846266805260414,0.032270003178736
"713",423290.670219316,0.845468040541852,0.0326375398950244
"714",423291.281657158,0.844518777241158,0.033562992667784
"715",423291.893095001,0.843423261657407,0.0351626481153042
"716",423292.504532844,0.84245272931033,0.037045984262984
"717",423293.115970686,0.841665227015751,0.0390492347041285
"718",423293.727408529,0.841027317325546,0.0390317583859348
"719",423294.338846372,0.840539115448961,0.0391864591666362
"720",423294.950284214,0.840131872112827,0.0397469594362236
"721",423295.561722057,0.839686322435831,0.0402693670089875
"722",423296.1731599,0.838952183946519,0.0412838606020035
"723",423296.784597742,0.837970750581621,0.0432499111250919
"724",423297.396035585,0.836828092271967,0.0459545967570674
"725",423298.007473428,0.835421958188038,0.0495650968204388
"726",423298.61891127,0.833766823995849,0.054051483234659
"727",423299.230349113,0.832208610341899,0.0577757719640695
"728",423299.841786956,0.830945318869721,0.0598746504575103
"729",423300.453224798,0.829701307188264,0.0619974326093366
"730",423301.064662641,0.828583827212525,0.0632318658348483
"731",423301.676100484,0.827715669444231,0.0647027565316847
"732",423302.287538326,0.827198686081766,0.0645229275805818
"733",423302.898976169,0.826733261596843,0.0639269722439961
"734",423303.510414012,0.82621975574447,0.0638314328531021
"735",423304.121851854,0.825764604390875,0.0642403352047271
"736",423304.733289697,0.826056498989847,0.061772633758877
"737",423305.34472754,0.82658134507942,0.0575448006944379
"738",423305.956165382,0.827341138087305,0.0525494836819737
"739",423306.567603225,0.827884572991488,0.0484043778293902
"740",423307.179041068,0.82828253083517,0.0449453347766577
"741",423307.79047891,0.828489293789518,0.0422830097193871
"742",423308.401916753,0.828693807734773,0.0401080276757862
"743",423309.013354596,0.828697240385477,0.038954544167823
"744",423309.624792438,0.828403419499175,0.0386599110548292
"745",423310.236230281,0.827685119000066,0.0392502629038691
"746",423310.847668124,0.82646716814702,0.0416202828161844
"747",423311.459105966,0.8248566335934,0.044711124448757
"748",423312.070543809,0.823328733323987,0.0467903085030799
"749",423312.681981652,0.821911371417776,0.0481599522738546
"750",423313.293419494,0.820491848193173,0.0495370398901021
"751",423313.904857337,0.818798251831402,0.050766774066496
"752",423314.51629518,0.815926196401452,0.0581718995363506
"753",423315.127733022,0.811884689664813,0.0736602721102045
"754",423315.739170865,0.808514184511422,0.0835895206762893
"755",423316.350608708,0.80596932643908,0.0886918296557547
"756",423316.96204655,0.805728570087519,0.0850166271225591
"757",423317.573484393,0.806787118074002,0.0823971521219957
"758",423318.184922236,0.806894435776004,0.0773059350651356
"759",423318.796360078,0.806781419364595,0.0770863022114517
"760",423319.407797921,0.807059525183045,0.0765404255921588
"761",423320.019235764,0.808185408331365,0.0714631641675224
"762",423320.630673606,0.810087658510989,0.0606380834962616
"763",423321.242111449,0.811492521961418,0.051746854295541
"764",423321.853549292,0.811522269095237,0.0506413723920266
"765",423322.464987134,0.810708052490805,0.0512772841830896
"766",423323.076424977,0.809490621374176,0.0520710636652633
"767",423323.68786282,0.807855074071074,0.0530447806794154
"768",423324.299300662,0.806248955866152,0.0540306276188626
"769",423324.910738505,0.804677798949028,0.05469605395065
"770",423325.522176348,0.802969162255613,0.0553774980330583
"771",423326.13361419,0.80106519947106,0.0564265247312035
"772",423326.745052033,0.799012500402959,0.0577724760790369
"773",423327.356489876,0.796944390533418,0.0591535926530357
"774",423327.967927718,0.794826146809687,0.0608862968741273
"775",423328.579365561,0.792715785399817,0.0630319260262195
"776",423329.190803404,0.790755543656335,0.0651091209143745
"777",423329.802241246,0.788880875809844,0.0672065776118002
"778",423330.413679089,0.787403486818917,0.0680284473400541
"779",423331.025116932,0.785974861758852,0.0689599325342238
"780",423331.636554774,0.784358790935815,0.0706595831318042
"781",423332.247992617,0.782169581396579,0.0732986247750706
"782",423332.85943046,0.779582064156408,0.0783612038980721
"783",423333.470868302,0.777113417887606,0.0836493586496867
"784",423334.082306145,0.774840731843361,0.0875216748201377
"785",423334.693743988,0.773153648454107,0.0891403034404825
"786",423335.30518183,0.771476851825458,0.0902536153977456
"787",423335.916619673,0.769964977127392,0.0906800859565442
"788",423336.528057516,0.768224702287368,0.0913775909278072
"789",423337.139495358,0.766568715321442,0.0919486764274206
"790",423337.750933201,0.765111258398129,0.0921245381552936
"791",423338.362371044,0.76328751392375,0.0931672395724303
"792",423338.973808886,0.760643606779586,0.0967885462673402
"793",423339.585246729,0.758076032734331,0.101337173086332
"794",423340.196684572,0.756038824755243,0.1041491333373
"795",423340.808122414,0.753967991974765,0.106536070950581
"796",423341.419560257,0.751918716956182,0.108374579701367
"797",423342.0309981,0.749754132543098,0.111105257948392
"798",423342.642435942,0.747927808782075,0.113237726485096
"799",423343.253873785,0.747024997551573,0.112181851506928
"800",423343.865311628,0.746363750384345,0.110806795930166
"801",423344.47674947,0.745770419835823,0.109840839112328
"802",423345.088187313,0.745185805292318,0.110108804339706
"803",423345.699625156,0.745736717818702,0.107012478657296
"804",423346.311062998,0.747453502325199,0.101016523738589
"805",423346.922500841,0.74876643388586,0.0969222157767528
"806",423347.533938684,0.748802703866962,0.0965949381041404
"807",423348.145376526,0.747901998683959,0.0968785768348894
"808",423348.756814369,0.746657293757352,0.0973654478838207
"809",423349.368252212,0.745360934199304,0.0980564941521302
"810",423349.979690054,0.744104108691939,0.0984821728336977
"811",423350.591127897,0.742636631498986,0.0988823298288293
"812",423351.20256574,0.741164448407558,0.0992097720897508
"813",423351.814003582,0.739916630701401,0.0997029576989035
"814",423352.425441425,0.738451642639081,0.100633568121071
"815",423353.036879268,0.737165819950952,0.101268793999995
"816",423353.64831711,0.735900943217791,0.101923248821202
"817",423354.259754953,0.734495336880268,0.102882862043226
"818",423354.871192796,0.732790643776661,0.104566495887964
"819",423355.482630638,0.731175104938199,0.106324117631613
"820",423356.094068481,0.729594978434332,0.108067636146201
"821",423356.705506324,0.728188552579603,0.109519881842916
"822",423357.316944166,0.726911768090608,0.111056348231904
"823",423357.928382009,0.725697909357879,0.112471501793767
"824",423358.539819852,0.724618473845389,0.113793700483804
"825",423359.151257694,0.723919226392872,0.11408156329701
"826",423359.762695537,0.723402225361971,0.113839620742168
"827",423360.37413338,0.723038725101323,0.113597526509387
"828",423360.985571222,0.722645604668236,0.113291817164143
"829",423361.597009065,0.722244220742443,0.112783203248464
"830",423362.208446908,0.722194234352072,0.111591501723711
"831",423362.81988475,0.722188280016799,0.109912435793232
"832",423363.431322593,0.72241587783736,0.107628469491682
"833",423364.042760436,0.722567393037082,0.105698814468089
"834",423364.654198278,0.722781326971193,0.10366308535444
"835",423365.265636121,0.723126687862005,0.101780989219654
"836",423365.877073964,0.72338459253687,0.10005356605787
"837",423366.488511806,0.723510506111715,0.0985195182569997
"838",423367.099949649,0.72320075595976,0.0983806741068886
"839",423367.711387492,0.723200862255042,0.0967045838508387
"840",423368.322825334,0.72326640495308,0.0954846066967717
"841",423368.934263177,0.723582999862349,0.0931524247861076
"842",423369.54570102,0.723461624168013,0.0921915977073837
"843",423370.157138862,0.724392171533787,0.0895481112559287
"844",423370.768576705,0.725461944660502,0.0884477713047109
"845",423371.380014548,0.725507741988128,0.0871149660619207
"846",423371.99145239,0.725241484257735,0.0853744991453568
"847",423372.602890233,0.725862057362027,0.0840841519939279
"848",423373.214328076,0.727274186205732,0.0808177727478172
"849",423373.825765918,0.728636271224533,0.076809816879688
"850",423374.437203761,0.729934253879925,0.0747692600726315
"851",423375.048641604,0.731217182742516,0.073148751740445
"852",423375.660079446,0.733051796512546,0.0709165785852359
"853",423376.271517289,0.73456609121217,0.0706331298378095
"854",423376.882955132,0.735960764401298,0.070839799892377
"855",423377.494392974,0.737369493162735,0.0711402323795962
"856",423378.105830817,0.73890962485704,0.0704671517527676
"857",423378.71726866,0.740558931724288,0.0692120932524273
"858",423379.328706503,0.742391125325129,0.0667050225066896
"859",423379.940144345,0.743978052082236,0.0647468034541236
"860",423380.551582188,0.744772874532215,0.0648021654871389
"861",423381.16302003,0.745109611385621,0.0654783299509186
"862",423381.774457873,0.745233964024046,0.0661764582109571
"863",423382.385895716,0.745299983158648,0.0669115308694123
"864",423382.997333559,0.745332182618843,0.0677667603920712
"865",423383.608771401,0.745374290106535,0.068807236014402
"866",423384.220209244,0.745359280502258,0.0697883257139952
"867",423384.831647086,0.745380626161482,0.0702059215496305
"868",423385.443084929,0.745288187318847,0.0709138355880692
"869",423386.054522772,0.745089786923642,0.0718817103457668
"870",423386.665960615,0.745055680775963,0.0728399215118786
"871",423387.277398457,0.745043635434183,0.0737076210622254
"872",423387.8888363,0.745106476514905,0.0746141409037005
"873",423388.500274142,0.745012117602232,0.0751068260659516
"874",423389.111711985,0.745221720772157,0.0757714914872715
"875",423389.723149828,0.745505279072658,0.0765666722451914
"876",423390.334587671,0.745616557787666,0.0773393144920602
"877",423390.946025513,0.745534028620816,0.0779287679775082
"878",423391.557463356,0.745392319810754,0.0781434856588043
"879",423392.168901198,0.745041765804583,0.0779615527125531
"880",423392.780339041,0.744577406992499,0.0777643347388441
"881",423393.391776884,0.743735847939121,0.0772944596670438
"882",423394.003214727,0.742798807903771,0.0765744317980251
"883",423394.614652569,0.741553066132573,0.0757302437684614
"884",423395.226090412,0.739252102939974,0.0768197378075508
"885",423395.837528255,0.735532874449582,0.0844096294412217
"886",423396.448966097,0.732283141450703,0.0884286006991672
"887",423397.06040394,0.729670308196359,0.0908938133554368
"888",423397.671841783,0.727570952516266,0.0880677415570802
"889",423398.283279625,0.727685566163061,0.0798894743184409
"890",423398.894717468,0.72687568717707,0.0749726266743892
"891",423399.506155311,0.724621486833742,0.0743077499908768
"892",423400.117593153,0.722576501048316,0.0724669468854389
"893",423400.729030996,0.720158329395115,0.0719399700733688
"894",423401.340468839,0.716952110342809,0.0749863760023435
"895",423401.951906681,0.713163506106313,0.0815739715321945
"896",423402.563344524,0.709016560653964,0.0904767611978654
"897",423403.174782367,0.705068852556083,0.0991984019905927
"898",423403.786220209,0.701552189947358,0.105072216079458
"899",423404.397658052,0.697831822435191,0.110962579794332
"900",423405.009095895,0.694481765860348,0.115431655636534
"901",423405.620533737,0.690696631760422,0.120418310039253
"902",423406.23197158,0.686886460522414,0.125850911359965
"903",423406.843409423,0.682672803079099,0.133092351831553
"904",423407.454847265,0.679119175871062,0.138907243371261
"905",423408.066285108,0.676084095300233,0.14367063748254
"906",423408.677722951,0.673139649314804,0.147930694368161
"907",423409.289160793,0.670865304821196,0.149942088262833
"908",423409.900598636,0.66893244023108,0.151659340460158
"909",423410.512036479,0.667851667165817,0.151548863201586
"910",423411.123474321,0.667304295355375,0.151329144242595
"911",423411.734912164,0.667516392577349,0.149575746740581
"912",423412.346350007,0.667626565366799,0.148681960412812
"913",423412.957787849,0.66794362344643,0.147534112899101
"914",423413.569225692,0.668554334191062,0.145953930781755
"915",423414.180663535,0.668704071321677,0.144914265686197
"916",423414.792101377,0.668833164483217,0.144068021128881
"917",423415.40353922,0.668935847924378,0.143315182313017
"918",423416.014977063,0.669207089296728,0.142728234968648
"919",423416.626414905,0.669507016123572,0.141839240063704
"920",423417.237852748,0.669950556242641,0.140734008759552
"921",423417.849290591,0.670917219537524,0.138613961675719
"922",423418.460728433,0.671943355469298,0.135870858254033
"923",423419.072166276,0.673016536495807,0.133330032428424
"924",423419.683604119,0.674395077309427,0.12937644014255
"925",423420.295041961,0.676196544809407,0.124472473519562
"926",423420.906479804,0.67815301815457,0.119142112089933
"927",423421.517917647,0.679384227899737,0.115744061125336
"928",423422.129355489,0.680160997190394,0.114206312573574
"929",423422.740793332,0.680639687032264,0.113302022524219
"930",423423.352231175,0.681090116184463,0.112118865573071
"931",423423.963669017,0.68166211825346,0.112318956590076
"932",423424.57510686,0.683034808579572,0.109708587771265
"933",423425.186544703,0.685480826297349,0.10524254738151
"934",423425.797982545,0.688331523211023,0.0999848999185372
"935",423426.409420388,0.691066084436926,0.0948448994145486
"936",423427.020858231,0.693749592843487,0.0885993690618271
"937",423427.632296073,0.695121749758408,0.0868557629899973
"938",423428.243733916,0.695794068179511,0.0867303282282115
"939",423428.855171759,0.695979607491379,0.0867779176300276
"940",423429.466609601,0.696104442845661,0.0867938606055323
"941",423430.078047444,0.696112275963023,0.0867755830881356
"942",423430.689485287,0.696080400019768,0.0866793197708922
"943",423431.300923129,0.69634742508689,0.0867382334487476
"944",423431.912360972,0.696467041643733,0.0869327342425934
"945",423432.523798815,0.696537002484542,0.0874359734069191
"946",423433.135236657,0.69646619259428,0.0878066947036604
"947",423433.7466745,0.696278221244306,0.0881594826040353
"948",423434.358112343,0.696102648421596,0.0883741365296449
"949",423434.969550185,0.695547551344683,0.0888622696506723
"950",423435.580988028,0.694909003568862,0.0894646275550794
"951",423436.192425871,0.694333511817907,0.0904431019236756
"952",423436.803863713,0.694015333704691,0.0911963833897247
"953",423437.415301556,0.693769611213072,0.0919586352810942
"954",423438.026739399,0.693686410235757,0.0925977978467696
"955",423438.638177241,0.693433711931508,0.0936373901698374
"956",423439.249615084,0.693517965462914,0.0945563810125295
"957",423439.861052927,0.693568833015362,0.0954145057761541
"958",423440.472490769,0.693555248601463,0.0966845036079851
"959",423441.083928612,0.693610098602108,0.0973284648069927
"960",423441.695366455,0.693841058794249,0.0973764843847976
"961",423442.306804297,0.694015319713389,0.0976752565764893
"962",423442.91824214,0.693982766312691,0.0983233512312093
"963",423443.529679983,0.693862880272087,0.0992096927114654
"964",423444.141117825,0.693658563422238,0.100537929444966
"965",423444.752555668,0.693458121276076,0.101581456095145
"966",423445.363993511,0.693405753367542,0.102508787341495
"967",423445.975431353,0.693431192268736,0.103485904815841
"968",423446.586869196,0.693406455688329,0.104493558478727
"969",423447.198307039,0.693613706681492,0.105011664996836
"970",423447.809744881,0.694383565750395,0.104661363319254
"971",423448.421182724,0.69515363792921,0.104277195964484
"972",423449.032620567,0.695928874565242,0.10374663381871
"973",423449.644058409,0.696427855688067,0.103707069203926
"974",423450.255496252,0.696728422898922,0.104105732195764
"975",423450.866934095,0.69705276613652,0.104565989801293
"976",423451.478371937,0.697733230376249,0.104554349750916
"977",423452.08980978,0.698480607168605,0.104399086976647
"978",423452.701247623,0.699354111896025,0.104099315469928
"979",423453.312685465,0.700289061490915,0.103574906881542
"980",423453.924123308,0.700924636306085,0.103569860140793
"981",423454.535561151,0.701908815183331,0.102844385049849
"982",423455.146998993,0.702632759212767,0.102789308914103
"983",423455.758436836,0.702901599034669,0.103860697218432
"984",423456.369874679,0.703438022280321,0.103742779361761
"985",423456.981312521,0.704166139442506,0.103630072787146
"986",423457.592750364,0.704762741784153,0.10442175480298
"987",423458.204188207,0.705812552152566,0.10293837677855
"988",423458.815626049,0.706220418209143,0.103653448108761
"989",423459.427063892,0.706572966387428,0.10481381609624
"990",423460.038501735,0.707664350153464,0.104302094943721
"991",423460.649939577,0.708526964719466,0.104390731909936
"992",423461.26137742,0.709853081826414,0.103245468445433
"993",423461.872815263,0.711229812586599,0.103002709876825
"994",423462.484253105,0.711856674307475,0.102873540897307
"995",423463.095690948,0.711187662019378,0.10714752903118
"996",423463.707128791,0.712145259392106,0.106999414017452
"997",423464.318566633,0.713855991446057,0.104911879245899
"998",423464.930004476,0.715749584673973,0.10263249177568
"999",423465.541442319,0.717874989950752,0.0992293202810178
"1000",423466.152880161,0.718785790437154,0.098998953215759
"1001",423466.764318004,0.719170680609703,0.0997858145612843
"1002",423467.375755847,0.719637547115858,0.100447930849827
"1003",423467.987193689,0.720090332349902,0.101113566331451
"1004",423468.598631532,0.720715316070744,0.10115175164848
"1005",423469.210069375,0.721376911958791,0.100928686993277
"1006",423469.821507217,0.722084064805147,0.100895594638623
"1007",423470.43294506,0.722873351995678,0.101171106827779
"1008",423471.044382903,0.723895265846236,0.100767085279115
"1009",423471.655820745,0.724651362579587,0.101213651754199
"1010",423472.267258588,0.725376796564755,0.101576590538914
"1011",423472.878696431,0.726232059919339,0.102026790282764
"1012",423473.490134273,0.72716772785334,0.10259426947655
"1013",423474.101572116,0.728282176794681,0.102738364733167
"1014",423474.713009959,0.729720365760611,0.102560540010558
"1015",423475.324447801,0.731246705702173,0.102585414710368
"1016",423475.935885644,0.731976144869227,0.105666036814969
"1017",423476.547323487,0.732678157176443,0.107750465949428
"1018",423477.158761329,0.733948324661571,0.108471300528174
"1019",423477.770199172,0.735312407677656,0.109139346807322
"1020",423478.381637015,0.736368411043279,0.109777838075374
"1021",423478.993074857,0.737803014913764,0.110090025915201
"1022",423479.6045127,0.739261755163761,0.111019768717669
"1023",423480.215950543,0.740709901968244,0.112985375324579
"1024",423480.827388385,0.741773663510803,0.115580154859247
"1025",423481.438826228,0.742578927556851,0.119121051165228
"1026",423482.050264071,0.743216061600802,0.122852036303729
"1027",423482.661701913,0.744044893628804,0.125809412053346
"1028",423483.273139756,0.745127324922093,0.128122061050117
"1029",423483.884577599,0.746763182659151,0.128503698711201
"1030",423484.496015441,0.748195344248032,0.129409466147323
"1031",423485.107453284,0.749457781356959,0.13067277587722
"1032",423485.718891127,0.751172723880817,0.130906727600085
"1033",423486.330328969,0.75325548182794,0.13055940527111
"1034",423486.941766812,0.755980131546182,0.127829429252261
"1035",423487.553204655,0.759262051294291,0.124657950859749
"1036",423488.164642497,0.763087096359262,0.12041572372759
"1037",423488.77608034,0.765839731334174,0.119353296884241
"1038",423489.387518183,0.768525812031303,0.118049580403044
"1039",423489.998956025,0.771348464792641,0.115992990136163
"1040",423490.610393868,0.774235265554407,0.114239803765906
"1041",423491.221831711,0.777522252418303,0.109865769546465
"1042",423491.833269553,0.780502367448327,0.107311638645266
"1043",423492.444707396,0.783422043025786,0.104608173347703
"1044",423493.056145239,0.786395311319879,0.101183072880751
"1045",423493.667583081,0.788785026294262,0.0997258568614498
"1046",423494.279020924,0.791076890946011,0.0982314196146099
"1047",423494.890458767,0.793785370211278,0.0941601890419256
"1048",423495.501896609,0.797085313145128,0.0895341127512501
"1049",423496.113334452,0.799560952537713,0.0855483180397136
"1050",423496.724772295,0.803805142703434,0.0752291877621545
"1051",423497.336210137,0.806898317205093,0.0704593719372719
"1052",423497.94764798,0.808687895642641,0.0702702001551516
"1053",423498.559085823,0.810119517853367,0.0709840944016186
"1054",423499.170523665,0.811073471733338,0.0717105464794933
"1055",423499.781961508,0.811888971257457,0.0723695766445585
"1056",423500.393399351,0.812566998741019,0.0729523438460287
"1057",423501.004837193,0.813026712251971,0.0732574184256613
"1058",423501.616275036,0.813369708366525,0.0733151117412315
"1059",423502.227712879,0.813546438290801,0.0731844862009811
"1060",423502.839150721,0.813526247972918,0.0729413682428576
"1061",423503.450588564,0.813243014024559,0.0724130216407615
"1062",423504.062026407,0.812768593132882,0.071949264603742
"1063",423504.673464249,0.812039060516082,0.0718019332313409
"1064",423505.284902092,0.81090919366892,0.0730679835950461
"1065",423505.896339935,0.809470424982918,0.0775628919056104
"1066",423506.507777778,0.809791760136612,0.0770632264120849
"1067",423507.11921562,0.811681199060337,0.0725087937941733
"1068",423507.730653463,0.813341935571842,0.0710883587216537
"1069",423508.342091305,0.814602527744363,0.0709499479234885
"1070",423508.953529148,0.81538368485264,0.0711617902369589
"1071",423509.564966991,0.815970729903185,0.0713610134849677
"1072",423510.176404834,0.816449883690856,0.0715808225842094
"1073",423510.787842676,0.816815895011534,0.0717350638644117
"1074",423511.399280519,0.817017292087588,0.0716193607902389
"1075",423512.010718361,0.81699382860733,0.0713180654848909
"1076",423512.622156204,0.816785897614061,0.0708823892291627
"1077",423513.233594047,0.816418410571629,0.0703252963363494
"1078",423513.84503189,0.815880826824475,0.0696139284241655
"1079",423514.456469732,0.815196775855217,0.0689001151077562
"1080",423515.067907575,0.814273594788025,0.0687594603125145
"1081",423515.679345418,0.812223271154066,0.0717221400916231
"1082",423516.29078326,0.808815100455876,0.0826985583161513
"1083",423516.902221103,0.806138660318525,0.0877304012663727
"1084",423517.513658946,0.804553185822849,0.0892800005705393
"1085",423518.125096788,0.802910365336662,0.090227143937071
"1086",423518.736534631,0.801100199962024,0.0885329436222785
"1087",423519.347972474,0.801748835411814,0.0823503253213076
"1088",423519.959410316,0.802585735603274,0.0794014634399529
"1089",423520.570848159,0.803525437547849,0.0731145287121294
"1090",423521.182286002,0.803811624148766,0.0716372101214502
"1091",423521.793723844,0.802952894521669,0.0741130627539104
"1092",423522.405161687,0.801350599268894,0.0796982843893085
"1093",423523.01659953,0.801272507970051,0.0833011766628748
"1094",423523.628037372,0.798314922883123,0.085880189721306
"1095",423524.239475215,0.795356778396939,0.0906200751571344
"1096",423524.850913058,0.792695562223672,0.0933945990467111
"1097",423525.4623509,0.788577541252558,0.100723341266257
"1098",423526.073788743,0.786092966547408,0.101964228825975
"1099",423526.685226586,0.782895370502399,0.10475374091284
"1100",423527.296664428,0.779736899286767,0.108769704417357
"1101",423527.908102271,0.776765875000992,0.11241009688547
"1102",423528.519540114,0.773731102428881,0.11678995483804
"1103",423529.130977956,0.771759611248965,0.118872544897754
"1104",423529.742415799,0.770434609058709,0.119354519588638
"1105",423530.353853642,0.770493406491468,0.115143270523448
"1106",423530.965291484,0.769579818692333,0.115069848859666
"1107",423531.576729327,0.768574671220168,0.115434224281507
"1108",423532.18816717,0.767653429789398,0.115284329966945
"1109",423532.799605012,0.766714630575047,0.115566163760433
"1110",423533.411042855,0.765664270856231,0.116228506297854
"1111",423534.022480698,0.76455915244452,0.117317746724891
"1112",423534.63391854,0.763831799169993,0.118358571429359
"1113",423535.245356383,0.763307563970097,0.119696747001897
"1114",423535.856794226,0.763001184543137,0.119700647651131
"1115",423536.468232068,0.76244469993651,0.120730461972749
"1116",423537.079669911,0.76216586118088,0.121134139098192
"1117",423537.691107754,0.762052343209895,0.12092526429497
"1118",423538.302545596,0.761451740547169,0.121594389822794
"1119",423538.913983439,0.760881441997318,0.122535498322654
"1120",423539.525421282,0.760483126558965,0.123018788660578
"1121",423540.136859124,0.759646403039363,0.125020847587807
"1122",423540.748296967,0.757803288432245,0.131048181893357
"1123",423541.35973481,0.757831300581978,0.131808642723449
"1124",423541.971172652,0.758398336943092,0.133633333021846
"1125",423542.582610495,0.759810023724203,0.133566160273817
"1126",423543.194048338,0.761312156536808,0.132800306379859
"1127",423543.80548618,0.762381398533739,0.130597729671074
"1128",423544.416924023,0.76285638044062,0.131222038776544
"1129",423545.028361866,0.763336846793424,0.131519910676457
"1130",423545.639799708,0.765396775886326,0.130299373340016
"1131",423546.251237551,0.766740110021594,0.130403149166188
"1132",423546.862675394,0.767432280495701,0.1319405143423
"1133",423547.474113236,0.768678614575572,0.133613894792597
"1134",423548.085551079,0.767896446171816,0.13147768834351
"1135",423548.696988922,0.766524627677833,0.132667003037753
"1136",423549.308426764,0.765411891439754,0.133258268657129
"1137",423549.919864607,0.763033780252369,0.136824557893803
"1138",423550.53130245,0.761626834179135,0.137597945969852
"1139",423551.142740292,0.759403146671196,0.138785173512848
"1140",423551.754178135,0.757416508076295,0.139877220542235
"1141",423552.365615978,0.754981575813651,0.142845874300275
"1142",423552.97705382,0.753464203159217,0.14413488940915
"1143",423553.588491663,0.75260692720122,0.144813743765845
"1144",423554.199929506,0.752534669272518,0.144702182746633
"1145",423554.811367348,0.754192706168514,0.141043233385259
"1146",423555.422805191,0.754817423600633,0.141036434182815
"1147",423556.034243034,0.755211840837432,0.141603943900815
"1148",423556.645680876,0.756063063770901,0.141122794804895
"1149",423557.257118719,0.756921862520893,0.140808741868983
"1150",423557.868556562,0.757863930006622,0.140591272816837
"1151",423558.479994404,0.758790606329941,0.140216664425574
"1152",423559.091432247,0.759783953197847,0.139843858171954
"1153",423559.70287009,0.760355919779698,0.14007698252839
"1154",423560.314307932,0.761013653392445,0.140044151113841
"1155",423560.925745775,0.761764167538118,0.139941151273512
"1156",423561.537183618,0.762647569242143,0.139549152378113
"1157",423562.14862146,0.763321135441481,0.139621633665028
"1158",423562.760059303,0.763727443215163,0.139904486871
"1159",423563.371497146,0.76433176650937,0.139729558777024
"1160",423563.982934988,0.764814735154452,0.139849197899943
"1161",423564.594372831,0.765214653017486,0.140369922524344
"1162",423565.205810674,0.764996654586445,0.142553608072092
"1163",423565.817248516,0.765710191992679,0.142252005371242
"1164",423566.428686359,0.767538298435417,0.140430880307976
"1165",423567.040124202,0.76844367276263,0.140088189791483
"1166",423567.651562044,0.770434930892966,0.137878571820998
"1167",423568.262999887,0.771556230480895,0.137233379572801
"1168",423568.87443773,0.772514411222639,0.136708222703007
"1169",423569.485875572,0.773509039286894,0.136338614804337
"1170",423570.097313415,0.774771159172148,0.135966885436391
"1171",423570.708751258,0.775926851049429,0.135811905951882
"1172",423571.3201891,0.777044497833426,0.135420188844588
"1173",423571.931626943,0.778017993928711,0.135417331271438
"1174",423572.543064786,0.779301314459971,0.13480140364274
"1175",423573.154502628,0.780742459638505,0.134011763500892
"1176",423573.765940471,0.781704827661117,0.134305489488808
"1177",423574.377378314,0.782648098897932,0.134909472398851
"1178",423574.988816156,0.783422995408747,0.135618718943258
"1179",423575.600253999,0.784519648406501,0.135603877655812
"1180",423576.211691842,0.785519477456915,0.135978407838721
"1181",423576.823129684,0.786447434717455,0.136847906080572
"1182",423577.434567527,0.786802682475465,0.13871802695277
"1183",423578.04600537,0.786794735526766,0.141433309448271
"1184",423578.657443212,0.787443584820863,0.142618184145942
"1185",423579.268881055,0.788605169465791,0.142952730953918
"1186",423579.880318898,0.790239742298714,0.142248621108739
"1187",423580.49175674,0.791727054241491,0.142603270631165
"1188",423581.103194583,0.792916037595114,0.143149738915286
"1189",423581.714632426,0.793430463200386,0.145211302225854
"1190",423582.326070268,0.793765698229332,0.148658029352049
"1191",423582.937508111,0.794376087919711,0.152075097019934
"1192",423583.548945954,0.795107601328442,0.155992416672371
"1193",423584.160383796,0.796400591428197,0.158240053908827
"1194",423584.771821639,0.797625262680131,0.160593931408641
"1195",423585.383259482,0.799280270040441,0.16150411030366
"1196",423585.994697324,0.801208155665587,0.161405899738938
"1197",423586.606135167,0.803147968017526,0.161591001407868
"1198",423587.21757301,0.805910299567817,0.158710401048609
"1199",423587.829010852,0.809465993854866,0.153722962475205
"1200",423588.440448695,0.812462945165797,0.151321606983562
"1201",423589.051886538,0.81559258421734,0.148540742000513
"1202",423589.66332438,0.819044989841008,0.144718446026169
"1203",423590.274762223,0.822739536354262,0.13947821040847
"1204",423590.886200066,0.826294340712475,0.133665950057372
"1205",423591.497637908,0.829642970518765,0.128294242238721
"1206",423592.109075751,0.833115875322874,0.123431969760258
"1207",423592.720513594,0.836914635203495,0.116541227305225
"1208",423593.331951436,0.84032416141798,0.111187964138956
"1209",423593.943389279,0.843188406511815,0.107639103247623
"1210",423594.554827122,0.846503744207882,0.101117311515071
"1211",423595.166264964,0.850506765296143,0.0909654400715522
"1212",423595.777702807,0.854370609315867,0.0809359565154735
"1213",423596.38914065,0.859097709140755,0.06672686402084
"1214",423597.000578492,0.86253744475591,0.058160692160983
"1215",423597.612016335,0.864789153691493,0.0554268699240468
"1216",423598.223454178,0.86673967586334,0.0535864393971767
"1217",423598.83489202,0.868330453532235,0.0522300939419456
"1218",423599.446329863,0.869558290923623,0.0510219682817852
"1219",423600.057767706,0.870779303928732,0.0496574812506215
"1220",423600.669205548,0.871942100887179,0.0485042332255557
"1221",423601.280643391,0.873223767189356,0.0472973737410301
"1222",423601.892081234,0.874508587949697,0.0462396233663508
"1223",423602.503519076,0.875611331164649,0.0453915554183833
"1224",423603.114956919,0.876667802345358,0.0446022308012379
"1225",423603.726394762,0.877844352307712,0.04374266137754
"1226",423604.337832604,0.879038302521257,0.04287707473041
"1227",423604.949270447,0.879966898093105,0.0414995083094597
"1228",423605.56070829,0.880720227217839,0.0405053842872536
"1229",423606.172146132,0.881757339274863,0.039511976621572
"1230",423606.783583975,0.882829420304388,0.0385306683917843
"1231",423607.395021818,0.883570916387409,0.038021438656942
"1232",423608.00645966,0.883920294059992,0.0380084786079033
"1233",423608.617897503,0.883880229522089,0.0390809880034503
"1234",423609.229335346,0.882940724223562,0.044790711244581
"1235",423609.840773188,0.88101830516827,0.0584796091542965
"1236",423610.452211031,0.879071473564648,0.0684437895822342
"1237",423611.063648874,0.878373538942155,0.0721207260385435
"1238",423611.675086716,0.878053128806261,0.0751974144277614
"1239",423612.286524559,0.878939935482816,0.0769518320844466
"1240",423612.897962402,0.878885145791329,0.0773472176862499
"1241",423613.509400244,0.879525543131688,0.0764320988711105
"1242",423614.120838087,0.881426808860517,0.0718275224715135
"1243",423614.73227593,0.883874572836202,0.0649450068467785
"1244",423615.343713772,0.887224890961812,0.0474576160852585
"1245",423615.955151615,0.889293318502723,0.0386323428445905
"1246",423616.566589458,0.890303209687989,0.0367842848671063
"1247",423617.1780273,0.890854242944655,0.0360862514400927
"1248",423617.789465143,0.891054590040674,0.0367192386505694
"1249",423618.400902986,0.891063699527941,0.0378091239859127
"1250",423619.012340828,0.89109372426061,0.0386860194800088
"1251",423619.623778671,0.891285214656629,0.0390423343638159
"1252",423620.235216514,0.891360893054496,0.0399993306378529
"1253",423620.846654356,0.891331787464178,0.0414026694739377
"1254",423621.458092199,0.891318372118503,0.0426659761983987
"1255",423622.069530042,0.891415898105169,0.0433163370461578
"1256",423622.680967884,0.891486626419802,0.044430976780936
"1257",423623.292405727,0.891553376420523,0.0459444160785686
"1258",423623.90384357,0.891742255310303,0.0474271866074039
"1259",423624.515281412,0.892101736105825,0.0482805722394178
"1260",423625.126719255,0.892925192761324,0.0471623255569204
"1261",423625.738157098,0.893699539195512,0.0462297173400434
"1262",423626.34959494,0.894199082201909,0.046650132209673
"1263",423626.961032783,0.894262066323452,0.0493200356460018
"1264",423627.572470626,0.894032919241167,0.0531713235778032
"1265",423628.183908468,0.894080525308928,0.05469253146365
"1266",423628.795346311,0.894241974226628,0.055416863324279
"1267",423629.406784154,0.894599537411921,0.055478493790565
"1268",423630.018221996,0.895169009697724,0.0555561318631796
"1269",423630.629659839,0.896181401663639,0.0527867486471907
"1270",423631.241097682,0.89742202470427,0.0496818903222029
"1271",423631.852535524,0.898865948158377,0.0467988658674065
"1272",423632.463973367,0.900491585406246,0.0428050296437971
"1273",423633.07541121,0.902147340241795,0.0378769766839754
"1274",423633.686849052,0.903917579482073,0.0320877966189791
"1275",423634.298286895,0.905646974090622,0.0268501450210362
"1276",423634.909724738,0.907067618683081,0.0243570024806036
"1277",423635.521162581,0.908071825061452,0.0235595731443801
"1278",423636.132600423,0.908780176530629,0.0233690139258709
"1279",423636.744038266,0.909346747913357,0.0234893853836652
"1280",423637.355476108,0.909731973083623,0.0235434992707089
"1281",423637.966913951,0.90989990818497,0.023626740054517
"1282",423638.578351794,0.909928449312762,0.0237057680847588
"1283",423639.189789637,0.909864988605069,0.023908314370165
"1284",423639.801227479,0.909587202197335,0.0242817245717828
"1285",423640.412665322,0.909137317721722,0.0250137058289094
"1286",423641.024103164,0.90836261179713,0.0266808351725263
"1287",423641.635541007,0.907045494314658,0.0311479812379385
"1288",423642.24697885,0.904816518558189,0.0434703218098829
"1289",423642.858416693,0.901690496929132,0.0609442067710484
"1290",423643.469854535,0.899907524112768,0.0659353449994411
"1291",423644.081292378,0.899599870978903,0.0655556139722468
"1292",423644.692730221,0.899683197149929,0.0647170144278304
"1293",423645.304168063,0.89977743972954,0.0643567039926692
"1294",423645.915605906,0.899437998556559,0.0620912468350929
"1295",423646.527043749,0.897800758409327,0.0655368724819152
"1296",423647.138481591,0.896324465072922,0.0650219873458337
"1297",423647.749919434,0.894072315925184,0.0645947711620839
"1298",423648.361357277,0.890968477573847,0.0708267553360109
"1299",423648.972795119,0.888603097258318,0.0740424041586549
"1300",423649.584232962,0.886513300571162,0.0780232930840445
"1301",423650.195670805,0.885163017212875,0.0772672054092114
"1302",423650.807108647,0.883730287598761,0.0773954510862555
"1303",423651.41854649,0.881295645335537,0.0842132228576288
"1304",423652.029984333,0.88068082377141,0.0848346668663706
"1305",423652.641422175,0.881297918828674,0.081906267163207
"1306",423653.252860018,0.881409051670145,0.0812787049602141
"1307",423653.864297861,0.882589718399102,0.0782142849680458
"1308",423654.475735703,0.88316999317792,0.079717138125534
"1309",423655.087173546,0.884032791445718,0.0801274538648045
"1310",423655.698611389,0.885282582524145,0.0795294057977323
"1311",423656.310049231,0.886777830872996,0.0773488159732207
"1312",423656.921487074,0.88876462590482,0.0727536565755392
"1313",423657.532924917,0.89011890266079,0.070792032225745
"1314",423658.144362759,0.891016435922587,0.0710804184262607
"1315",423658.755800602,0.892818877169388,0.0664792451896589
"1316",423659.367238445,0.893968048361809,0.0654397101092024
"1317",423659.978676287,0.894958004257097,0.0642677601766617
"1318",423660.59011413,0.896012166666923,0.0632952849640224
"1319",423661.201551973,0.897349434572957,0.0602850649729848
"1320",423661.812989815,0.89900945497146,0.0541596335011209
"1321",423662.424427658,0.901141973735041,0.0420842353278139
"1322",423663.035865501,0.902824013559842,0.0323164996909585
"1323",423663.647303343,0.903647100264262,0.028463935070525
"1324",423664.258741186,0.904174325143962,0.025439349420174
"1325",423664.870179029,0.904519346816948,0.0232153385300128
"1326",423665.481616871,0.90464986246926,0.0221202618248862
"1327",423666.093054714,0.904504852969227,0.0214510877013291
"1328",423666.704492557,0.904134690149679,0.0212900100094422
"1329",423667.315930399,0.9035711554583,0.0214481398759662
"1330",423667.927368242,0.902861336478101,0.0218695467654585
"1331",423668.538806085,0.901947637317312,0.0227682365326569
"1332",423669.150243927,0.90076451873638,0.0247932382734789
"1333",423669.76168177,0.899164957415527,0.0284968533379518
"1334",423670.373119613,0.897239870735236,0.0341813277375543
"1335",423670.984557455,0.894470126761081,0.0452642251820103
"1336",423671.595995298,0.89031636901136,0.0670442524374673
"1337",423672.207433141,0.885970066020309,0.089242463450887
"1338",423672.818870983,0.884510808575821,0.0932511674024252
"1339",423673.430308826,0.885623974024466,0.07844494816687
"1340",423674.041746669,0.88727310422545,0.0599728716257537
"1341",423674.653184511,0.887699974260262,0.052320071139469
"1342",423675.264622354,0.886907743879379,0.0524029532726186
"1343",423675.876060197,0.885853191185161,0.053592242294768
"1344",423676.487498039,0.88472010573165,0.0547818961771273
"1345",423677.098935882,0.883515144641267,0.0563236823618119
"1346",423677.710373725,0.882423632409767,0.0575352037388968
"1347",423678.321811567,0.881403587122274,0.0584625431233075
"1348",423678.93324941,0.880456397512816,0.0593989738229348
"1349",423679.544687253,0.879433056105787,0.060916825284717
"1350",423680.156125095,0.878278401843477,0.063239850670421
"1351",423680.767562938,0.877333107333488,0.0652544330978976
"1352",423681.379000781,0.876598164307766,0.0665487075173255
"1353",423681.990438623,0.875917638722205,0.0664781254737699
"1354",423682.601876466,0.875304886275101,0.0671100790451629
"1355",423683.213314309,0.874212459881772,0.0695057899418387
"1356",423683.824752151,0.873433786898695,0.0716043585511628
"1357",423684.436189994,0.87229293190431,0.0746129400582888
"1358",423685.047627837,0.870544715949065,0.0799974276547529
"1359",423685.659065679,0.869912183712091,0.0812124457527635
"1360",423686.270503522,0.869859220794533,0.0815845557672805
"1361",423686.881941365,0.869872166272624,0.0812035616871349
"1362",423687.493379207,0.869996554506669,0.0796584454099134
"1363",423688.10481705,0.869907577415495,0.0807942773029564
"1364",423688.716254893,0.869060209395735,0.079545543334204
"1365",423689.327692735,0.868454681826766,0.0823606646228468
"1366",423689.939130578,0.868460712074534,0.0840862697288722
"1367",423690.550568421,0.869080524970493,0.0828327607942956
"1368",423691.162006263,0.870867897757202,0.0754756188966241
"1369",423691.773444106,0.872376644942618,0.0672269647019758
"1370",423692.384881949,0.872951857967649,0.0655088434361724
"1371",423692.996319791,0.873040386846413,0.0656240258264623
"1372",423693.607757634,0.872671265156631,0.0664052247358896
"1373",423694.219195477,0.872393053967998,0.0668411669243457
"1374",423694.830633319,0.872268274504668,0.0663679086752075
"1375",423695.442071162,0.872083711343501,0.0665177238725921
"1376",423696.053509005,0.871747020255929,0.0673595177166878
"1377",423696.664946847,0.871458107254644,0.0680386908783643
"1378",423697.27638469,0.871266322323863,0.0683268349013778
"1379",423697.887822533,0.871219932257017,0.0681086347975859
"1380",423698.499260375,0.87110891833053,0.0679322005802965
"1381",423699.110698218,0.870917751642844,0.0683200756459615
"1382",423699.722136061,0.870764466522074,0.068821825647757
"1383",423700.333573903,0.870567941691257,0.0698429161717858
"1384",423700.945011746,0.870906173889282,0.06993437454719
"1385",423701.556449589,0.871547799182361,0.0694902389277158
"1386",423702.167887431,0.871665127907508,0.0695138577358411
"1387",423702.779325274,0.871609699654289,0.0719127603431861
"1388",423703.390763117,0.871787468663496,0.0738108320691947
"1389",423704.002200959,0.872333654300128,0.0724216592483008
"1390",423704.613638802,0.872977877472414,0.0702241292438621
"1391",423705.225076645,0.873584548649048,0.0680075325515978
"1392",423705.836514487,0.874082402442747,0.0669503447358312
"1393",423706.44795233,0.874556149350005,0.0669406552078366
"1394",423707.059390173,0.875117923403952,0.0661323112488146
"1395",423707.670828015,0.87573485210956,0.0649405223468939
"1396",423708.282265858,0.876092785154541,0.0653685461556001
"1397",423708.893703701,0.876393113241008,0.0677200541827158
"1398",423709.505141543,0.877179796691163,0.0690608574332377
"1399",423710.116579386,0.87929185151297,0.060826356401082
"1400",423710.728017229,0.881502400994684,0.0522201560683934
"1401",423711.339455071,0.883120377849654,0.0477727505973487
"1402",423711.950892914,0.884323274350424,0.0452793473465491
"1403",423712.562330757,0.885353272223394,0.0434502015397433
"1404",423713.173768599,0.886481922157164,0.0418266054104934
"1405",423713.785206442,0.887485288086069,0.0405896027530026
"1406",423714.396644285,0.888318665123094,0.0395124312777719
"1407",423715.008082127,0.889041113069257,0.03844877632835
"1408",423715.61951997,0.889689932659459,0.0373177775875891
"1409",423716.230957813,0.890202098369554,0.0365734603310301
"1410",423716.842395655,0.890675915049338,0.0362390744494362
"1411",423717.453833498,0.891156116144826,0.0360743746279951
"1412",423718.065271341,0.891660009347203,0.035893487194238
"1413",423718.676709183,0.892111088288203,0.0355442703325089
"1414",423719.288147026,0.89272745523166,0.0342608205092699
"1415",423719.899584869,0.893714140081623,0.0321986910391747
"1416",423720.511022711,0.894599944884678,0.031217735586714
"1417",423721.122460554,0.89531911545137,0.0308105531839406
"1418",423721.733898397,0.895945139178135,0.0300421435815755
"1419",423722.345336239,0.896458706544801,0.0286795317188783
"1420",423722.956774082,0.89661792882648,0.0282935580875049
"1421",423723.568211925,0.896778035445976,0.0291157536529522
"1422",423724.179649767,0.897077810868048,0.0308393066171998
"1423",423724.79108761,0.897727109718239,0.0306403849697531
"1424",423725.402525453,0.898613152381938,0.0278292674046346
"1425",423726.013963295,0.899463880835249,0.0258355542774265
"1426",423726.625401138,0.900259071118179,0.0248978147210323
"1427",423727.236838981,0.900940299173628,0.0247433573661559
"1428",423727.848276823,0.901321445141578,0.0244208428773615
"1429",423728.459714666,0.901693787290758,0.0236252721165344
"1430",423729.071152509,0.901940421598834,0.0237177075711712
"1431",423729.682590351,0.902083433919722,0.0251662958980525
"1432",423730.294028194,0.902387224345381,0.0269585388566049
"1433",423730.905466037,0.903148747815411,0.0262298922976502
"1434",423731.516903879,0.903979763949869,0.0243226734750249
"1435",423732.128341722,0.904794335837078,0.022623086608091
"1436",423732.739779565,0.905504300232329,0.0214177822748781
"1437",423733.351217407,0.906171967050325,0.0207695058479701
"1438",423733.96265525,0.906848308143454,0.0203838771601793
"1439",423734.574093093,0.907381749161942,0.019981747929198
"1440",423735.185530935,0.907725789990384,0.0198112516003163
"1441",423735.796968778,0.907938976423393,0.0197231197029263
"1442",423736.408406621,0.908068993624596,0.0198528676038485
"1443",423737.019844463,0.908130916048727,0.0202050370615744
"1444",423737.631282306,0.907990600798064,0.0210463651786787
"1445",423738.242720149,0.907526209508146,0.023267269686999
"1446",423738.854157991,0.906575760700426,0.0291479298894246
"1447",423739.465595834,0.904476016985479,0.0448742702259873
"1448",423740.077033677,0.901303747230431,0.066269164392731
"1449",423740.688471519,0.899041596213094,0.0793864107124035
"1450",423741.299909362,0.899423469258108,0.0806661548351614
"1451",423741.911347205,0.901466817176338,0.0711759123434292
"1452",423742.522785047,0.905389104776319,0.0492613031745033
"1453",423743.13422289,0.908464761891736,0.0308648534593832
"1454",423743.745660733,0.910183470078951,0.0236852175463298
"1455",423744.357098575,0.911453371884179,0.0207335095247263
"1456",423744.968536418,0.912281902441842,0.0194781830486723
"1457",423745.579974261,0.912936319606795,0.0189312072550289
"1458",423746.191412103,0.913486362890552,0.0187350225616404
"1459",423746.802849946,0.913816966274361,0.0188030159634991
"1460",423747.414287789,0.914029769613635,0.0189534458701422
"1461",423748.025725631,0.914035758781973,0.0191823360595427
"1462",423748.637163474,0.913905972601986,0.0194833095529841
"1463",423749.248601317,0.913707278900313,0.0196707418707218
"1464",423749.860039159,0.913367361649966,0.0205126498151254
"1465",423750.471477002,0.912582165047745,0.0228348607930774
"1466",423751.082914845,0.911240734781048,0.0290404436023969
"1467",423751.694352687,0.908668564069006,0.0458964077646999
"1468",423752.30579053,0.905508966249327,0.0626460936819748
"1469",423752.917228373,0.90385946997035,0.0686685585808975
"1470",423753.528666215,0.903086249589062,0.0721700157244544
"1471",423754.140104058,0.903189947019572,0.0724427791600048
"1472",423754.751541901,0.903796922602714,0.076962306015439
"1473",423755.362979743,0.903606343651482,0.0750672907070972
"1474",423755.974417586,0.903178595054157,0.076377861324907
"1475",423756.585855429,0.903342345318747,0.0774691064535107
"1476",423757.197293271,0.904737900573325,0.0734415676339478
"1477",423757.808731114,0.9079216335768,0.058600574866972
"1478",423758.420168957,0.911261382877797,0.036652071483812
"1479",423759.0316068,0.913099852446332,0.0273655156641848
"1480",423759.643044642,0.914216844399278,0.0235838246221635
"1481",423760.254482485,0.914853621665164,0.0216150251366667
"1482",423760.865920327,0.915238537956169,0.0204803841515336
"1483",423761.47735817,0.915579821128339,0.0198557756993356
"1484",423762.088796013,0.915774308388807,0.0195412566018142
"1485",423762.700233856,0.915776041628699,0.0196504920669216
"1486",423763.311671698,0.915722659546541,0.020035041447037
"1487",423763.923109541,0.915573330917236,0.0207467975660593
"1488",423764.534547383,0.915272747665909,0.0216346790384316
"1489",423765.145985226,0.914799300845725,0.0234966511573069
"1490",423765.757423069,0.914069015339845,0.0273411032457035
"1491",423766.368860912,0.913207986285235,0.0343715611336107
"1492",423766.980298754,0.912520181319778,0.0427554714354682
"1493",423767.591736597,0.913188159023554,0.0372317575370013
"1494",423768.203174439,0.914644115464399,0.0278699406354507
"1495",423768.814612282,0.915842721863426,0.0226447704037563
"1496",423769.426050125,0.916752870592295,0.0200616592506917
"1497",423770.037487968,0.917414148253559,0.0189746297969294
"1498",423770.64892581,0.917861979295174,0.0185833319750464
"1499",423771.260363653,0.918152695879293,0.0185831714650151
"1500",423771.871801496,0.91837953045989,0.0187324842099001
"1501",423772.483239338,0.918426395914434,0.0184357085661538
"1502",423773.094677181,0.918323005112672,0.0182098503022878
"1503",423773.706115024,0.918083995261116,0.0184040902264137
"1504",423774.317552866,0.917620397416686,0.0197332662783996
"1505",423774.928990709,0.916861105477131,0.0233463529403679
"1506",423775.540428552,0.915674939052514,0.0311752102080945
"1507",423776.151866394,0.914422649871043,0.0429167187032973
"1508",423776.763304237,0.915001673172542,0.0380961008200726
"1509",423777.37474208,0.916533252561435,0.0267591546269813
"1510",423777.986179922,0.917630621702635,0.0212851661865763
"1511",423778.597617765,0.918455611642358,0.0186846518917352
"1512",423779.209055608,0.919035178834462,0.0176782321595977
"1513",423779.82049345,0.919422159470693,0.0176454016057877
"1514",423780.431931293,0.919710862290344,0.0178271165994035
"1515",423781.043369136,0.919857851539179,0.0174088529973586
"1516",423781.654806978,0.919875340641825,0.0171589063055411
"1517",423782.266244821,0.91982953219093,0.0171222581532627
"1518",423782.877682664,0.919636489456503,0.0172567418455047
"1519",423783.489120506,0.919266700672735,0.0178436785154124
"1520",423784.100558349,0.918579316131552,0.0195404212446139
"1521",423784.711996192,0.917509574929926,0.0236052378772203
"1522",423785.323434034,0.915679485730071,0.0343361951566065
"1523",423785.934871877,0.912386571449291,0.056611187852776
"1524",423786.54630972,0.908883329813394,0.0713872100685525
"1525",423787.157747562,0.906623587352094,0.0769059807821295
"1526",423787.769185405,0.904546555044233,0.0806062905339187
"1527",423788.380623248,0.902282583718612,0.0854577564455224
"1528",423788.99206109,0.90003697979916,0.0923221475303678
"1529",423789.603498933,0.898326575187273,0.0997051346576024
"1530",423790.214936776,0.898445729594679,0.0988962695958713
"1531",423790.826374618,0.899848380310421,0.0952673103227534
"1532",423791.437812461,0.901625724472707,0.0913752210147021
"1533",423792.049250304,0.90361544626097,0.0865874785667896
"1534",423792.660688146,0.906413728701394,0.077598491735797
"1535",423793.272125989,0.90954692323645,0.0641576444678645
"1536",423793.883563832,0.912344295478374,0.0483753385909773
"1537",423794.495001674,0.914472551209812,0.0336845830720596
"1538",423795.106439517,0.915544128881293,0.027719393639656
"1539",423795.71787736,0.916228591812305,0.0246409567008913
"1540",423796.329315202,0.916603206631808,0.0227742505732301
"1541",423796.940753045,0.916739427935208,0.0215728031771498
"1542",423797.552190888,0.916733808990724,0.0210335107424615
"1543",423798.16362873,0.916582195687254,0.0210960306380903
"1544",423798.775066573,0.916275405551635,0.0216775964591099
"1545",423799.386504416,0.915815831297153,0.0227754467105665
"1546",423799.997942258,0.915121505766949,0.0245373706591893
"1547",423800.609380101,0.914298300041726,0.0268192126413954
"1548",423801.220817944,0.913126506360401,0.0311848587316228
"1549",423801.832255786,0.911450438179684,0.0395795965898871
"1550",423802.443693629,0.909198879725327,0.0523221753403966
"1551",423803.055131472,0.906627761959294,0.0714157484027188
"1552",423803.666569314,0.906931506247759,0.0692386724432763
"1553",423804.278007157,0.909632330611445,0.0477160961212178
"1554",423804.889445,0.911879780163717,0.0326446383082251
"1555",423805.500882842,0.913227660130671,0.0262993938233637
"1556",423806.112320685,0.914072570182026,0.0234692436005081
"1557",423806.723758528,0.914578392565275,0.0224547768356581
"1558",423807.33519637,0.914765488752271,0.0225002486594675
"1559",423807.946634213,0.914896863052479,0.0228043768239436
"1560",423808.558072056,0.914865777833061,0.0230658828992789
"1561",423809.169509898,0.914703919562994,0.0232715131068701
"1562",423809.780947741,0.914434519854255,0.0234677105779256
"1563",423810.392385584,0.913951296340367,0.0238813500924316
"1564",423811.003823426,0.913199772440896,0.0250474545134136
"1565",423811.615261269,0.9121764526466,0.0276194695682213
"1566",423812.226699112,0.910811199683242,0.0324742332608096
"1567",423812.838136954,0.909184101976775,0.040137310546148
"1568",423813.449574797,0.907090435050284,0.0511533743258667
"1569",423814.06101264,0.905762956206402,0.0540398119136774
"1570",423814.672450482,0.904861292891499,0.0555442941057326
"1571",423815.283888325,0.903911016927272,0.0572048736903927
"1572",423815.895326168,0.902949034316651,0.0590458386733863
"1573",423816.50676401,0.901892268970103,0.0615475297954602
"1574",423817.118201853,0.900762784683984,0.064726975713285
"1575",423817.729639696,0.899876383342195,0.0667982256798372
"1576",423818.341077538,0.899464706959978,0.0677778732447568
"1577",423818.952515381,0.899336517745664,0.0686539696524884
"1578",423819.563953224,0.899300833427726,0.0686700553874608
"1579",423820.175391066,0.899266510612198,0.0700507142024278
"1580",423820.786828909,0.899157979960253,0.0726816502220055
"1581",423821.398266752,0.89882946984213,0.0755641799184141
"1582",423822.009704594,0.898703172830097,0.0760453042886539
"1583",423822.621142437,0.899141810762633,0.073780799600642
"1584",423823.23258028,0.90033767129413,0.0669710693890853
"1585",423823.844018122,0.901702236467257,0.0589996819837056
"1586",423824.455455965,0.902918765139209,0.0530746743395745
"1587",423825.066893808,0.904437524217515,0.0472305014624049
"1588",423825.67833165,0.905688967063986,0.0437112181265985
"1589",423826.289769493,0.906699807658389,0.0411472312506024
"1590",423826.901207336,0.907444420359582,0.0392527206047264
"1591",423827.512645178,0.90781445316676,0.0384111792305779
"1592",423828.124083021,0.90834062498062,0.0379856924664755
"1593",423828.735520864,0.909053783196212,0.037495862132285
"1594",423829.346958706,0.909957852670893,0.0359044397731458
"1595",423829.958396549,0.910838882402621,0.0337662589240834
"1596",423830.569834392,0.911680849900148,0.0313413254367037
"1597",423831.181272234,0.912570577271262,0.0286370453715184
"1598",423831.792710077,0.913414482614123,0.0262820412041411
"1599",423832.40414792,0.913990024531313,0.0249190271026748
"1600",423833.015585762,0.914376861649318,0.0243049377105778
"1601",423833.627023605,0.914744762518864,0.0238540007720878
"1602",423834.238461448,0.915018602406902,0.0234239753794385
"1603",423834.84989929,0.915209305439975,0.0234058483561218
"1604",423835.461337133,0.915205015104703,0.0242825348485763
"1605",423836.072774976,0.914990809121507,0.0268202630825968
"1606",423836.684212818,0.914616198620171,0.0313229986091246
"1607",423837.295650661,0.914861564083159,0.0312241054805064
"1608",423837.907088504,0.915843263064299,0.0257031898450333
"1609",423838.518526346,0.916733558582804,0.0215444086387
"1610",423839.129964189,0.917504661810358,0.0187801354711559
"1611",423839.741402032,0.918061532785954,0.0172206704541844
"1612",423840.352839874,0.918379127883174,0.0167095649814431
"1613",423840.964277717,0.918549135820732,0.0169259765751633
"1614",423841.57571556,0.918548127423761,0.0175417610535129
"1615",423842.187153402,0.918328784939253,0.0185988695719827
"1616",423842.798591245,0.917919987300129,0.0199050062836271
"1617",423843.410029088,0.91738510778153,0.0211570962427493
"1618",423844.02146693,0.916566444276382,0.0238366438784801
"1619",423844.632904773,0.915984072780199,0.0247436461355572
"1620",423845.244342616,0.915049709739363,0.0276884829305461
"1621",423845.855780458,0.913692327869385,0.0330233681411254
"1622",423846.467218301,0.911357084931971,0.0466295519903095
"1623",423847.078656144,0.909634340878256,0.053858015889556
"1624",423847.690093986,0.909409582716002,0.0483628059920871
"1625",423848.301531829,0.909641746212505,0.0461917924673771
"1626",423848.912969672,0.909815852488885,0.0478797547300346
"1627",423849.524407514,0.909759117135336,0.0482588961318619
"1628",423850.135845357,0.910029575545639,0.0507090686018236
"1629",423850.7472832,0.910724319114855,0.0479635246846651
"1630",423851.358721042,0.911497726422306,0.0461929434062199
"1631",423851.970158885,0.912071709471391,0.047220958678741
"1632",423852.581596728,0.912538863199013,0.0485199405694821
"1633",423853.19303457,0.913133177552946,0.0496651911334539
"1634",423853.804472413,0.913816247165675,0.0522647082803441
"1635",423854.415910256,0.91579265907885,0.041377841358191
"1636",423855.027348098,0.917353681528363,0.0319082135533458
"1637",423855.638785941,0.918213586858571,0.027427821407128
"1638",423856.250223784,0.918664380264314,0.0254493201294773
"1639",423856.861661626,0.918935565991321,0.0238059324669661
"1640",423857.473099469,0.919075693603482,0.0226540447932527
"1641",423858.084537312,0.919156069617828,0.0217421348407768
"1642",423858.695975154,0.919113826950713,0.0211389023444519
"1643",423859.307412997,0.918953295117558,0.0209065646620325
"1644",423859.91885084,0.918571593734019,0.0212615413429379
"1645",423860.530288682,0.91788408741901,0.0226124233358734
"1646",423861.141726525,0.917062479876398,0.0244519683674862
"1647",423861.753164368,0.916089768177913,0.026976571337194
"1648",423862.36460221,0.914875877593971,0.0309327338245691
"1649",423862.976040053,0.912964622769413,0.0399493475822725
"1650",423863.587477896,0.909683723674444,0.0606356849490897
"1651",423864.198915738,0.906130805864164,0.0779534957576092
"1652",423864.810353581,0.904473532739979,0.0824643740533043
"1653",423865.421791424,0.904376178022136,0.0824536407647142
"1654",423866.033229266,0.905330219518867,0.0736153805907817
"1655",423866.644667109,0.906874045675021,0.0670525527471058
"1656",423867.256104952,0.90955884270662,0.0569211875805925
"1657",423867.867542794,0.912646375252709,0.0410361977913141
"1658",423868.478980637,0.914987522515477,0.0266439525587843
"1659",423869.09041848,0.916348473053337,0.0203148459814474
"1660",423869.701856322,0.917093540326679,0.0181172507378904
"1661",423870.313294165,0.917523224394798,0.0173577072659396
"1662",423870.924732008,0.917813643132531,0.0169823283340537
"1663",423871.53616985,0.917980229946301,0.0169610337903332
"1664",423872.147607693,0.917991526052286,0.0167630338186264
"1665",423872.759045536,0.917813195995526,0.0167913163896617
"1666",423873.370483378,0.917542688171595,0.0166811590509039
"1667",423873.981921221,0.917123688632386,0.0167881173618135
"1668",423874.593359064,0.916528369603188,0.0174789764628026
"1669",423875.204796906,0.915658631527062,0.0185619565079238
"1670",423875.816234749,0.914451993556696,0.0210754493241934
"1671",423876.427672592,0.912670424690405,0.0273657899416085
"1672",423877.039110434,0.910006077493615,0.0412261880707954
"1673",423877.650548277,0.90613440987431,0.0628262537657881
"1674",423878.26198612,0.902455539332167,0.0780301605200727
"1675",423878.873423963,0.901039278447722,0.074666244923286
"1676",423879.484861805,0.901746296334748,0.0613330960305287
"1677",423880.096299648,0.901920539580823,0.0550967864603504
"1678",423880.70773749,0.900775357256357,0.0547702519759773
"1679",423881.319175333,0.898840957124345,0.0586316828480702
"1680",423881.930613176,0.896586221217483,0.0632879580368108
"1681",423882.542051019,0.893972657179709,0.0698642417960793
"1682",423883.153488861,0.891520160932658,0.0755344582888524
"1683",423883.764926704,0.889198592013747,0.0808251085036646
"1684",423884.376364546,0.887367480929345,0.0836153845146363
"1685",423884.987802389,0.886188339817985,0.0844867757723248
"1686",423885.599240232,0.885102904720774,0.0860479350286144
"1687",423886.210678075,0.884202545507179,0.088272067950662
"1688",423886.822115917,0.883917718611828,0.089775257941561
"1689",423887.43355376,0.884251661251156,0.08836432675296
"1690",423888.044991602,0.885033782414832,0.0858891072021381
"1691",423888.656429445,0.88613533794166,0.0830536209032516
"1692",423889.267867288,0.886983822115532,0.0811750747286929
"1693",423889.879305131,0.887796210858244,0.0795609794542234
"1694",423890.490742973,0.888803371113907,0.0772026665388097
"1695",423891.102180816,0.88971580313834,0.0750866458923358
"1696",423891.713618658,0.890529377891693,0.0727592414040786
"1697",423892.325056501,0.891450993358244,0.0696326360485601
"1698",423892.936494344,0.892578029193004,0.0649633126534019
"1699",423893.547932187,0.893331398212234,0.0625107978957621
"1700",423894.159370029,0.894027987010056,0.0605844192959654
"1701",423894.770807872,0.894376611046044,0.0603819966158856
"1702",423895.382245715,0.894658634028993,0.0609909498666135
"1703",423895.993683557,0.895173204191228,0.0597697354221823
"1704",423896.6051214,0.896180086039498,0.0561980628431803
"1705",423897.216559243,0.897685092140714,0.0491631805769245
"1706",423897.827997085,0.898707491784896,0.0440954729468332
"1707",423898.439434928,0.899148666399431,0.0418970506463283
"1708",423899.050872771,0.899108728700139,0.0422783228879534
"1709",423899.662310613,0.898814313706288,0.0440367244089953
"1710",423900.273748456,0.898555779685578,0.0446921126860113
"1711",423900.885186299,0.898267134213028,0.0456724695484732
"1712",423901.496624141,0.898070375106278,0.0464274832065885
"1713",423902.108061984,0.897863578931878,0.0485966158429677
"1714",423902.719499827,0.897528498458332,0.0520995034318967
"1715",423903.330937669,0.897367660329483,0.0540327497432682
"1716",423903.942375512,0.897362946006674,0.0560629601868107
"1717",423904.553813355,0.897827638758393,0.0573093899812068
"1718",423905.165251197,0.898911695607756,0.0560675204995521
"1719",423905.77668904,0.901175486989348,0.0446402976131828
"1720",423906.388126883,0.903237572877958,0.0335439858357285
"1721",423906.999564725,0.904706690066742,0.0273186566169381
"1722",423907.611002568,0.905751021124379,0.0242361898082118
"1723",423908.222440411,0.906555155515842,0.0225784625783828
"1724",423908.833878253,0.907074993708575,0.0215991946266417
"1725",423909.445316096,0.907332944282548,0.0212544304851443
"1726",423910.056753939,0.90749583562859,0.0211265765862243
"1727",423910.668191781,0.907508595322771,0.0211177517968946
"1728",423911.279629624,0.907348341076975,0.021111983237847
"1729",423911.891067467,0.907090525555073,0.0211422793574176
"1730",423912.502505309,0.906585213624732,0.0220672353585097
"1731",423913.113943152,0.905835394459476,0.0244598892590255
"1732",423913.725380995,0.904544211053745,0.0299200616021875
"1733",423914.336818837,0.90243016185659,0.0430271987798065
"1734",423914.94825668,0.899007950846522,0.0676509360301795
"1735",423915.559694523,0.898246367772537,0.0730703633110104
"1736",423916.171132365,0.899305905480318,0.0639671340165457
"1737",423916.782570208,0.902429832621917,0.0420492385571577
"1738",423917.394008051,0.904532760885962,0.0288973405613373
"1739",423918.005445893,0.905746292845578,0.0236778025936464
"1740",423918.616883736,0.906540187529977,0.0213059778096001
"1741",423919.228321579,0.907112181086983,0.0200775836843998
"1742",423919.839759421,0.907471792088842,0.0196718612361484
"1743",423920.451197264,0.907663522256536,0.0196619299646001
"1744",423921.062635107,0.907701883969935,0.0198333446193956
"1745",423921.674072949,0.907644103180745,0.0197388295454969
"1746",423922.285510792,0.907440114246199,0.0199029146553064
"1747",423922.896948635,0.907035201415527,0.0205737959016924
"1748",423923.508386477,0.906479947174605,0.0214963320401397
"1749",423924.11982432,0.905674105518359,0.0235268534366605
"1750",423924.731262163,0.904417336149835,0.0285181446361057
"1751",423925.342700005,0.902309555589246,0.0411639184136968
"1752",423925.954137848,0.899348400699244,0.0639668555340839
"1753",423926.565575691,0.898629390192075,0.0686215465122597
"1754",423927.177013533,0.901143757535047,0.0462344372941271
"1755",423927.788451376,0.9031902808519,0.0311468141476068
"1756",423928.399889219,0.90418377009468,0.02631585578409
"1757",423929.011327061,0.90460863512176,0.0250386907262709
"1758",423929.622764904,0.904669580697194,0.0245292655710033
"1759",423930.234202747,0.904537312562114,0.0243457482090089
"1760",423930.845640589,0.904199695871885,0.024855062542306
"1761",423931.457078432,0.903798571097959,0.0256030095027679
"1762",423932.068516275,0.903607242899424,0.025810710353252
"1763",423932.679954117,0.903557251990327,0.0259065575097567
"1764",423933.29139196,0.903449939645165,0.0262665132792056
"1765",423933.902829803,0.903352825867688,0.026996349719299
"1766",423934.514267645,0.903260898803073,0.0271930198933032
"1767",423935.125705488,0.90319711903392,0.02600223041532
"1768",423935.737143331,0.903179680851676,0.0252301240972051
"1769",423936.348581173,0.903209270488444,0.0246817585031956
"1770",423936.960019016,0.903399813466747,0.0241250780533966
"1771",423937.571456859,0.903585669366845,0.0238246047428751
"1772",423938.182894701,0.903633975894314,0.023871299684033
"1773",423938.794332544,0.903426052747317,0.0248524676124822
"1774",423939.405770387,0.902950315182896,0.0267012996721988
"1775",423940.017208229,0.901964167221161,0.0308469663861092
"1776",423940.628646072,0.899902910805712,0.045239494904704
"1777",423941.240083915,0.896532558348602,0.0693513749807884
"1778",423941.851521757,0.894677333550592,0.0825765157805016
"1779",423942.4629596,0.896900203621393,0.0669498228101226
"1780",423943.074397443,0.900422753827721,0.0424696159339496
"1781",423943.685835285,0.902762125190299,0.0279252052990205
"1782",423944.297273128,0.903986672825865,0.0227152269286631
"1783",423944.908710971,0.904617215029741,0.0209335283459066
"1784",423945.520148813,0.905103942889722,0.0204401737122974
"1785",423946.131586656,0.905370126938087,0.0203812218780098
"1786",423946.743024499,0.905512939222458,0.0204570154091339
"1787",423947.354462341,0.905482091984145,0.0196695470185255
"1788",423947.965900184,0.905294417108457,0.0189881943100419
"1789",423948.577338027,0.904989584470709,0.018770121093657
"1790",423949.188775869,0.904575928025297,0.0193971415817889
"1791",423949.800213712,0.904088310798243,0.0203366467383552
"1792",423950.411651555,0.903659460975511,0.0213069591479281
"1793",423951.023089397,0.903128820564595,0.0225265133894219
"1794",423951.63452724,0.902381237856914,0.024705501366216
"1795",423952.245965083,0.901534146588766,0.0273124452876555
"1796",423952.857402925,0.901041509199962,0.0280724874613652
"1797",423953.468840768,0.900756551020166,0.0279830258157884
"1798",423954.080278611,0.900560666527061,0.0280735050489576
"1799",423954.691716453,0.90039229170465,0.0286196508007291
"1800",423955.303154296,0.900289717019413,0.0298977415774634
"1801",423955.914592139,0.900125382835317,0.0298900900595496
"1802",423956.526029981,0.900014554657396,0.0286328473470049
"1803",423957.137467824,0.899987680920723,0.028273876099459
"1804",423957.748905667,0.89995043095718,0.0287755873242986
"1805",423958.360343509,0.900041997067822,0.0290400233908543
"1806",423958.971781352,0.900518582268791,0.0274265404592694
"1807",423959.583219195,0.901083722660694,0.0255504921540254
"1808",423960.194657037,0.901596814210491,0.0236460675624261
"1809",423960.80609488,0.901938045208102,0.0220687711007433
"1810",423961.417532723,0.902175222835029,0.0209391162011166
"1811",423962.028970565,0.902501522847289,0.0199377008215675
"1812",423962.640408408,0.902777964835173,0.0195855444653144
"1813",423963.251846251,0.902931112576155,0.0195189602496261
"1814",423963.863284093,0.902951993974654,0.0191276464621483
"1815",423964.474721936,0.902824248033468,0.0189639893081868
"1816",423965.086159779,0.902581965513958,0.0189843475388602
"1817",423965.697597621,0.902160148673465,0.0194874625425029
"1818",423966.309035464,0.901548520468314,0.0207618983052523
"1819",423966.920473307,0.900561675139344,0.0231657423143621
"1820",423967.531911149,0.898853190707786,0.0299470724213365
"1821",423968.143348992,0.896389179237098,0.0432954432134091
"1822",423968.754786835,0.893449209479469,0.0563104661750169
"1823",423969.366224677,0.889608393123076,0.0740813314324977
"1824",423969.97766252,0.886450037461512,0.0831955870756606
"1825",423970.589100363,0.883328918307432,0.0926329592580867
"1826",423971.200538205,0.881701282214418,0.0963380066761377
"1827",423971.811976048,0.882549063661203,0.0878547484190253
"1828",423972.423413891,0.88411188102478,0.0780805719676856
"1829",423973.034851733,0.88583308580379,0.067816176164829
"1830",423973.646289576,0.887443041606896,0.056046433981129
"1831",423974.257727419,0.888457114431657,0.048202363501336
"1832",423974.869165261,0.888880516090085,0.0442679682736211
"1833",423975.480603104,0.888843639898595,0.0433666687249972
"1834",423976.092040947,0.888462673265219,0.0452281599345738
"1835",423976.703478789,0.888216058335121,0.047186601767154
"1836",423977.314916632,0.888198611812894,0.0460871143012752
"1837",423977.926354475,0.888355888708242,0.0451619850289099
"1838",423978.537792317,0.888658443578828,0.0446503863350547
"1839",423979.14923016,0.888958163477281,0.0444574580840009
"1840",423979.760668003,0.889469634685733,0.0429636702310724
"1841",423980.372105845,0.889864591483962,0.0421103974157801
"1842",423980.983543688,0.89010108888676,0.042027758529474
"1843",423981.594981531,0.890391967270175,0.0411864857109859
"1844",423982.206419373,0.890520206884416,0.0412543717539842
"1845",423982.817857216,0.890688261524232,0.0412691210833366
"1846",423983.429295059,0.890781746406648,0.0421751654926229
"1847",423984.040732901,0.890908525285064,0.0417668100907851
"1848",423984.652170744,0.890944311623689,0.0416923981514888
"1849",423985.263608587,0.891079318835212,0.0442023817975178
"1850",423985.875046429,0.892112718466977,0.0360676255380241
"1851",423986.486484272,0.893235919402075,0.0288987645132967
"1852",423987.097922115,0.894050719552687,0.0253777015833455
"1853",423987.709359957,0.894560637443555,0.0235173187766073
"1854",423988.3207978,0.894778995845493,0.0228353429905714
"1855",423988.932235643,0.894926099458491,0.0230239613597371
"1856",423989.543673485,0.895016440854811,0.0229912508994756
"1857",423990.155111328,0.895057819177096,0.0228099504930102
"1858",423990.766549171,0.894895938476152,0.0222906426289246
"1859",423991.377987013,0.89458507861149,0.0222242205273864
"1860",423991.989424856,0.894111183198207,0.0230888048734179
"1861",423992.600862699,0.893464549502059,0.0255016478224153
"1862",423993.212300541,0.892567938023556,0.0306301546600438
"1863",423993.823738384,0.891302251330149,0.0394200694218252
"1864",423994.435176227,0.890219095568344,0.0493980595997137
"1865",423995.046614069,0.890971009647166,0.0430782724333287
"1866",423995.658051912,0.892660602371962,0.0314186341965413
"1867",423996.269489755,0.893858606117446,0.0255382510770794
"1868",423996.880927597,0.89460163796888,0.0224694437059366
"1869",423997.49236544,0.895126377591343,0.0210790869076813
"1870",423998.103803283,0.895544345432572,0.0204721663359823
"1871",423998.715241125,0.895718156306549,0.0203462856219804
"1872",423999.326678968,0.895705014023309,0.0204795619847812
"1873",423999.938116811,0.89549064282499,0.0208749910538773
"1874",424000.549554653,0.895103005812957,0.0213781508345644
"1875",424001.160992496,0.89461438864149,0.0218343589088693
"1876",424001.772430339,0.893874123443281,0.0229621023854658
"1877",424002.383868181,0.892767070980412,0.0255132441316298
"1878",424002.995306024,0.891105489495944,0.0323053414177025
"1879",424003.606743867,0.888852702154825,0.0434863224816856
"1880",424004.218181709,0.885776235005945,0.0626086376114169
"1881",424004.829619552,0.883082410865099,0.0818293500503101
"1882",424005.441057395,0.884110825721213,0.0753215176189181
"1883",424006.052495237,0.887643754664707,0.0530288080630758
"1884",424006.66393308,0.890593568058936,0.0331854826944836
"1885",424007.275370923,0.892171427054461,0.024903245119154
"1886",424007.886808765,0.893077090945005,0.0224412490379161
"1887",424008.498246608,0.893535453908027,0.0217508945688492
"1888",424009.109684451,0.893872479660195,0.0218065334077843
"1889",424009.721122294,0.893945139826617,0.0220774650150622
"1890",424010.332560136,0.89390174747685,0.0224307695442098
"1891",424010.943997979,0.893720264387728,0.0227970709854962
"1892",424011.555435821,0.893393625966998,0.0229121019899877
"1893",424012.166873664,0.892924606283641,0.0229671983648633
"1894",424012.778311507,0.892332719383199,0.022832782957246
"1895",424013.38974935,0.891468331624312,0.0231596360659379
"1896",424014.001187192,0.890305887275736,0.0245371846842096
"1897",424014.612625035,0.888722912727819,0.0286765268380358
"1898",424015.224062878,0.88628270199431,0.0395220275600958
"1899",424015.83550072,0.883243311361458,0.0522346919962453
"1900",424016.446938563,0.881151622717053,0.0557345331615779
"1901",424017.058376406,0.879697413660125,0.0571098417352078
"1902",424017.669814248,0.87802393839375,0.0578803792753582
"1903",424018.281252091,0.87615556848148,0.0590532432434539
"1904",424018.892689934,0.874037020273434,0.0637145047120297
"1905",424019.504127776,0.871818616667245,0.0691174890620953
"1906",424020.115565619,0.869448685102069,0.0744860000742963
"1907",424020.727003462,0.867024787726149,0.0794405459145074
"1908",424021.338441304,0.864848840874039,0.0863131753354238
"1909",424021.949879147,0.862847562351914,0.0942094278187842
"1910",424022.56131699,0.861384391929575,0.100155346628637
"1911",424023.172754832,0.860115459487132,0.105429346171983
"1912",424023.784192675,0.860073278436292,0.104533927674396
"1913",424024.395630518,0.861588390463093,0.0969752364816399
"1914",424025.00706836,0.863453813067455,0.0896387180714079
"1915",424025.618506203,0.864490288601863,0.0863913123153912
"1916",424026.229944046,0.865681723856113,0.0832145557130414
"1917",424026.841381888,0.866678340752183,0.0809936383470113
"1918",424027.452819731,0.867606795652446,0.0790360596604775
"1919",424028.064257574,0.869094515473819,0.0741306429771432
"1920",424028.675695416,0.870259492906756,0.0697681533050356
"1921",424029.287133259,0.871293591851975,0.0657230516317347
"1922",424029.898571102,0.872433567432532,0.0607479111966805
"1923",424030.510008944,0.873896216104101,0.0525363899893031
"1924",424031.121446787,0.874843044853975,0.0466566166363023
"1925",424031.73288463,0.875494061752211,0.0427745003989276
"1926",424032.344322472,0.87598109564536,0.0399097689953299
"1927",424032.955760315,0.876168996178307,0.0382056439331138
"1928",424033.567198158,0.876109007107297,0.0374891752965716
"1929",424034.178636,0.8760392344391,0.037238884333619
"1930",424034.790073843,0.876026932628845,0.037066835412129
"1931",424035.401511686,0.876135212782812,0.0364820154365595
"1932",424036.012949528,0.876215651957819,0.0361085315668376
"1933",424036.624387371,0.876178399231752,0.0361917247273256
"1934",424037.235825214,0.876205596996277,0.0361561948252594
"1935",424037.847263056,0.875905053903862,0.036605962428805
"1936",424038.458700899,0.875367192989928,0.0388621361608527
"1937",424039.070138742,0.873641225878137,0.0500897545591438
"1938",424039.681576584,0.871512235524919,0.0683583136407663
"1939",424040.293014427,0.871795965405594,0.0684250493899741
"1940",424040.90445227,0.874644334890335,0.0493410359405156
"1941",424041.515890112,0.877181777143701,0.0355691467655373
"1942",424042.127327955,0.878612868323374,0.030850703992795
"1943",424042.738765798,0.879462905847629,0.0293939835869201
"1944",424043.35020364,0.880060746956386,0.0291371185640696
"1945",424043.961641483,0.880541076826747,0.0289169084584523
"1946",424044.573079326,0.880785417678417,0.0290226783894836
"1947",424045.184517168,0.880880595212321,0.0293962366962393
"1948",424045.795955011,0.880730169695425,0.0298120088335876
"1949",424046.407392854,0.880442634988814,0.0302229918553824
"1950",424047.018830696,0.879927235306858,0.030558953219011
"1951",424047.630268539,0.879208088091112,0.0313726575529313
"1952",424048.241706382,0.878298519904128,0.0326329964028768
"1953",424048.853144224,0.877042290430873,0.0355217022193874
"1954",424049.464582067,0.875028338064803,0.0431797580901351
"1955",424050.07601991,0.871690330023579,0.0610216521520428
"1956",424050.687457752,0.868398015383167,0.0747346195327763
"1957",424051.298895595,0.866039363112211,0.0859248790422069
"1958",424051.910333438,0.865683099111364,0.0880677751937055
"1959",424052.52177128,0.86726980413419,0.0781426713380091
"1960",424053.133209123,0.869826505909594,0.0677473960534975
"1961",424053.744646966,0.873115216454889,0.0486933721694096
"1962",424054.356084808,0.875178318835196,0.03884106102658
"1963",424054.967522651,0.8762827366814,0.0351529409014768
"1964",424055.578960494,0.876966235961783,0.033549003778095
"1965",424056.190398336,0.877397440847992,0.0330863513545211
"1966",424056.801836179,0.877635525547245,0.0330423974808935
"1967",424057.413274022,0.877709799920117,0.0331060530312291
"1968",424058.024711864,0.877532262442466,0.0334527600593411
"1969",424058.636149707,0.876956170473954,0.033981219680698
"1970",424059.24758755,0.876382784413923,0.0343791302378106
"1971",424059.859025392,0.875708077968175,0.0349898736394869
"1972",424060.470463235,0.874823683876824,0.03578369599814
"1973",424061.081901078,0.873713737933699,0.037407848721252
"1974",424061.69333892,0.872118866339113,0.0413852425030678
"1975",424062.304776763,0.869542396200294,0.0512534486501758
"1976",424062.916214606,0.866067363412262,0.0664931975922903
"1977",424063.527652448,0.863431548643251,0.0758819278073375
"1978",424064.139090291,0.861549755333876,0.0791599238108507
"1979",424064.750528134,0.860505721104156,0.0796747655079628
"1980",424065.361965976,0.859841707324729,0.0796667494375136
"1981",424065.973403819,0.858771558765819,0.0825289674815021
"1982",424066.584841662,0.85707671552104,0.088149234914805
"1983",424067.196279504,0.855594474815265,0.0927853513270137
"1984",424067.807717347,0.854377345335642,0.0974240834309753
"1985",424068.41915519,0.853683976453168,0.101663781156039
"1986",424069.030593032,0.853914811933112,0.101536318835067
"1987",424069.642030875,0.854584293226835,0.101195997881648
"1988",424070.253468718,0.855881719650498,0.0984582416517436
"1989",424070.86490656,0.857730847528856,0.0933788878864948
"1990",424071.476344403,0.859293258011489,0.0893470143867898
"1991",424072.087782246,0.861171167010129,0.0841731942921454
"1992",424072.699220088,0.86294108791583,0.0787914850316713
"1993",424073.310657931,0.86470773032626,0.0724945250167445
"1994",424073.922095774,0.866378283638551,0.0662854618034142
"1995",424074.533533616,0.868285967457454,0.0582435506293411
"1996",424075.144971459,0.869860012818791,0.0515771273461384
"1997",424075.756409302,0.87094889785365,0.0472995548870064
"1998",424076.367847144,0.871907176532581,0.0441034597458989
"1999",424076.979284987,0.872564018151717,0.042359977976171
"2000",424077.59072283,0.873004776858598,0.0414949510107504
"2001",424078.202160672,0.873282864528907,0.0412566946961059
"2002",424078.813598515,0.873489131040531,0.0414137990117067
"2003",424079.425036358,0.873831027882747,0.0413135792791718
"2004",424080.0364742,0.874060556331344,0.0414989474351816
"2005",424080.647912043,0.874154861837573,0.0417003986590076
"2006",424081.259349886,0.874074318268693,0.0416850440207335
"2007",424081.870787728,0.873772479420959,0.0424462305514505
"2008",424082.482225571,0.873339068734348,0.0452221186841588
"2009",424083.093663414,0.873103488582585,0.0487077846524074
"2010",424083.705101256,0.873724685717906,0.0462634818638984
"2011",424084.316539099,0.874953438190033,0.0412670106009047
"2012",424084.927976942,0.876030954538873,0.0386888166834488
"2013",424085.539414784,0.876955955245542,0.0377171534739751
"2014",424086.150852627,0.87750126350009,0.0376541177403529
"2015",424086.76229047,0.877968934795317,0.0375358732626584
"2016",424087.373728312,0.878172362297141,0.0372202273276742
"2017",424087.985166155,0.878426797492678,0.0368238248349986
"2018",424088.596603998,0.87871531834773,0.0371973773220917
"2019",424089.20804184,0.878823262350638,0.038493501492024
"2020",424089.819479683,0.879080605517809,0.0399340102485629
"2021",424090.430917526,0.879150092334206,0.0423114919580766
"2022",424091.042355368,0.87926019095877,0.0442948329539227
"2023",424091.653793211,0.879060603541392,0.0472693741274209
"2024",424092.265231054,0.878535850209378,0.0515841404088659
"2025",424092.876668896,0.878157203818077,0.0540311412269777
"2026",424093.488106739,0.877906907112856,0.055281221779718
"2027",424094.099544582,0.877698446339121,0.0560738490919598
"2028",424094.710982424,0.877555060036225,0.0562727814469267
"2029",424095.322420267,0.877360115150411,0.0570795678167522
"2030",424095.93385811,0.877146666340386,0.0582226339032491
"2031",424096.545295952,0.876942546811369,0.0596012578614032
"2032",424097.156733795,0.87722840473552,0.0600474945650912
"2033",424097.768171638,0.877837191435032,0.0591670145011292
"2034",424098.37960948,0.879015857327953,0.055454092515152
"2035",424098.991047323,0.880227181999166,0.0527362411973126
"2036",424099.602485166,0.880606108209504,0.0563070190914095
"2037",424100.213923008,0.879645400940342,0.0701522491229487
"2038",424100.825360851,0.879467635203934,0.0765406368402729
"2039",424101.436798694,0.879677409306741,0.0814361315247067
"2040",424102.048236536,0.883369392310738,0.0663961317683939
"2041",424102.659674379,0.88785760239223,0.0450264587914163
"2042",424103.271112222,0.891213136064272,0.0303829644764491
"2043",424103.882550064,0.893500162539914,0.0234777657302638
"2044",424104.493987907,0.895080253221025,0.0216363570765335
"2045",424105.10542575,0.896178464859939,0.0215808722009645
"2046",424105.716863592,0.897002966596198,0.0221004808896846
"2047",424106.328301435,0.897725202580773,0.0226813680491429
"2048",424106.939739278,0.898340115421825,0.0231867608203585
"2049",424107.55117712,0.898933103104486,0.0234792091142345
"2050",424108.162614963,0.899379565540733,0.0233215379599022
"2051",424108.774052806,0.89964750963742,0.0231883871219381
"2052",424109.385490648,0.899854006266025,0.0233789370785665
"2053",424109.996928491,0.899926856675398,0.0240130262313343
"2054",424110.608366334,0.899735600438551,0.0257756270243318
"2055",424111.219804176,0.899310223107269,0.0299256510469604
"2056",424111.831242019,0.899160715542428,0.0336072003678051
"2057",424112.442679862,0.89986491677459,0.0309837052612889
"2058",424113.054117704,0.901128467568256,0.0262498110438678
"2059",424113.665555547,0.902285740379386,0.0242857806746794
"2060",424114.27699339,0.903221963574856,0.0240569893967487
"2061",424114.888431232,0.903972549241337,0.0243868401317637
"2062",424115.499869075,0.90445160201028,0.0249031735997389
"2063",424116.111306918,0.904824204662892,0.025501750690382
"2064",424116.72274476,0.905046705772043,0.0260369767994557
"2065",424117.334182603,0.905168030764644,0.0263716389268241
"2066",424117.945620446,0.905194176080898,0.02641662244264
"2067",424118.557058288,0.904971901839235,0.0266746673751476
"2068",424119.168496131,0.9045515476161,0.0274294297607294
"2069",424119.779933974,0.903739187921098,0.0297560744737626
"2070",424120.391371816,0.902413799909559,0.0350193259665891
"2071",424121.002809659,0.90066022292531,0.0450602092399921
"2072",424121.614247502,0.89920085554124,0.0578956778853302
"2073",424122.225685344,0.900017633978087,0.0585008016967976
"2074",424122.837123187,0.903007315676334,0.0409734500714121
"2075",424123.44856103,0.905032852579022,0.031958291308645
"2076",424124.059998872,0.906267944556067,0.0292877632964029
"2077",424124.671436715,0.907069585565182,0.0286364258806615
"2078",424125.282874558,0.907666458238286,0.0286406733834991
"2079",424125.8943124,0.90803133065303,0.0287940782425811
"2080",424126.505750243,0.908295408972985,0.0290774119869193
"2081",424127.117188086,0.908423194743486,0.0292414373616788
"2082",424127.728625928,0.908464530460945,0.0292759412620618
"2083",424128.340063771,0.908379813360302,0.0291521630735876
"2084",424128.951501614,0.908187181063991,0.0289033581447743
"2085",424129.562939456,0.907842905194316,0.0288513515825458
"2086",424130.174377299,0.90721860057053,0.0293163389523308
"2087",424130.785815142,0.906224352604168,0.0313145951264791
"2088",424131.397252984,0.904419382945206,0.0386177896739274
"2089",424132.008690827,0.901483764056601,0.054038092034399
"2090",424132.62012867,0.899202390477232,0.0610495274729418
"2091",424133.231566512,0.898446287898113,0.0637841727946678
"2092",424133.843004355,0.898355729404556,0.0622555052044448
"2093",424134.454442198,0.898285525693145,0.059960148724574
"2094",424135.06588004,0.897914539953916,0.0599803983153777
"2095",424135.677317883,0.897638794260007,0.0611022261398828
"2096",424136.288755726,0.897319967494942,0.0637751459547689
"2097",424136.900193568,0.897015843336885,0.0609958733828274
"2098",424137.511631411,0.895847111625582,0.0570720909926687
"2099",424138.123069254,0.894413812589509,0.0599129757490789
"2100",424138.734507097,0.893234409732354,0.0666914612781044
"2101",424139.345944939,0.892296486487298,0.0787450604004518
"2102",424139.957382782,0.893141039886591,0.0836183395656339
"2103",424140.568820624,0.895205681610475,0.0769534620858733
"2104",424141.180258467,0.898472681448279,0.0634909468917693
"2105",424141.79169631,0.902010340083545,0.0420382335887249
"2106",424142.403134153,0.904078131135952,0.0315506119987288
"2107",424143.014571995,0.905356962527367,0.0269114905275895
"2108",424143.626009838,0.906068399496191,0.025420311946057
"2109",424144.23744768,0.906564591896602,0.0246128434719086
"2110",424144.848885523,0.907028891890319,0.023392180356911
"2111",424145.460323366,0.907309351762229,0.0226002621770007
"2112",424146.071761209,0.907374509915302,0.0220682797584538
"2113",424146.683199051,0.907261101778097,0.0217670345462174
"2114",424147.294636894,0.907002935126008,0.0214685238193173
"2115",424147.906074737,0.906571109662202,0.0210475477969946
"2116",424148.517512579,0.905923309399746,0.0206338256636121
"2117",424149.128950422,0.905075070266972,0.0208274323873252
"2118",424149.740388265,0.903856306009123,0.0226229108063786
"2119",424150.351826107,0.902002102164151,0.0284393462669781
"2120",424150.96326395,0.899335863322668,0.0389561932267484
"2121",424151.574701793,0.895980442616666,0.0523034374768405
"2122",424152.186139635,0.89215434411155,0.0652628716204026
"2123",424152.797577478,0.888147634604979,0.0779513697939186
"2124",424153.409015321,0.883883710466176,0.0921339822898107
"2125",424154.020453163,0.880295718411556,0.103170585815167
"2126",424154.631891006,0.878919201629541,0.100949705274818
"2127",424155.243328849,0.879074227871658,0.0912654316227865
"2128",424155.854766691,0.878103583870881,0.0894712323198999
"2129",424156.466204534,0.87651513276057,0.0922883751775113
"2130",424157.077642377,0.875577219748309,0.0925748117793975
"2131",424157.689080219,0.874762316350863,0.0922857647157636
"2132",424158.300518062,0.873286452147251,0.0942090741979887
"2133",424158.911955905,0.871761537575605,0.0960631390394827
"2134",424159.523393747,0.869854433699682,0.0991426577446712
"2135",424160.13483159,0.867803644575634,0.102545188709779
"2136",424160.746269433,0.865797734197424,0.105838881543022
"2137",424161.357707275,0.863774954413184,0.109460487100547
"2138",424161.969145118,0.861952523316339,0.11268169243608
"2139",424162.580582961,0.86029696790935,0.115296921176838
"2140",424163.192020803,0.858799989070126,0.117303261557924
"2141",424163.803458646,0.857156194427933,0.120580937360075
"2142",424164.414896489,0.855893911137553,0.122015206729117
"2143",424165.026334331,0.855166172982629,0.121525966209951
"2144",424165.637772174,0.854645943952866,0.120393220747832
"2145",424166.249210017,0.854398871969934,0.118609958353099
"2146",424166.860647859,0.85433560960744,0.116652388006856
"2147",424167.472085702,0.854129198553258,0.11542207286033
"2148",424168.083523545,0.854059833177863,0.114153211775322
"2149",424168.694961387,0.853888003106332,0.11332220890252
"2150",424169.30639923,0.853479297772446,0.113076170972514
"2151",424169.917837073,0.853135491825049,0.112575607904682
"2152",424170.529274915,0.852619167508058,0.112580399948714
"2153",424171.140712758,0.852084799589725,0.112651734017935
"2154",424171.752150601,0.851796328353659,0.112330553711811
"2155",424172.363588443,0.851608947621657,0.111871232057051
"2156",424172.975026286,0.850795875533621,0.114003738659066
"2157",424173.586464129,0.850746432744702,0.112756807361144
"2158",424174.197901971,0.851829762482711,0.108748545922468
"2159",424174.809339814,0.852661349678995,0.106770925300455
"2160",424175.420777657,0.853834939167064,0.103992560526202
"2161",424176.032215499,0.854684499125005,0.101951186798829
"2162",424176.643653342,0.855447646054342,0.0997750841005422
"2163",424177.255091185,0.855968706895296,0.0975568407043386
"2164",424177.866529027,0.85686347265121,0.0955199583283609
"2165",424178.47796687,0.857397290707693,0.0948457187889216
"2166",424179.089404713,0.857921281477954,0.0939093614510116
"2167",424179.700842555,0.858518982107723,0.0926139201812913
"2168",424180.312280398,0.859342334612445,0.0910815694805036
"2169",424180.923718241,0.859925461980573,0.0899462814653834
"2170",424181.535156083,0.859922043880344,0.0901334090581433
"2171",424182.146593926,0.859497267627063,0.0916751307441821
"2172",424182.758031769,0.85951264583105,0.0931755882469166
"2173",424183.369469611,0.860349887774655,0.0926343939111496
"2174",424183.980907454,0.861619238861971,0.0896581277037263
"2175",424184.592345297,0.863383008648678,0.0856624442379244
"2176",424185.203783139,0.865594792245036,0.0818485627710737
"2177",424185.815220982,0.867725717436949,0.0785206252444591
"2178",424186.426658825,0.869644312904373,0.0760193490541811
"2179",424187.038096667,0.871346395850623,0.0742427603614822
"2180",424187.64953451,0.873045846233546,0.07268505178808
"2181",424188.260972353,0.874802448712256,0.0707905021364891
"2182",424188.872410195,0.876522514739724,0.0684309370187845
"2183",424189.483848038,0.877892865834985,0.0667896074752123
"2184",424190.095285881,0.879176462788032,0.0649407115096939
"2185",424190.706723723,0.879944878822672,0.0636045175676211
"2186",424191.318161566,0.880207374736772,0.0634648981061489
"2187",424191.929599409,0.879904859758446,0.0659159502633101
"2188",424192.541037251,0.879655755773081,0.0711285071428884
"2189",424193.152475094,0.880604950579063,0.0713801376589567
"2190",424193.763912937,0.883307054919167,0.0627283510874422
"2191",424194.375350779,0.885946747382942,0.0550547873328889
"2192",424194.986788622,0.887693376952572,0.0521294677346609
"2193",424195.598226465,0.888876494090699,0.0508723943320155
"2194",424196.209664307,0.889720366091019,0.0500548093037827
"2195",424196.82110215,0.890523762622459,0.0492490014234591
"2196",424197.432539993,0.891190589906466,0.0487768037233519
"2197",424198.043977835,0.892013821138154,0.0478871253026775
"2198",424198.655415678,0.892886076293203,0.0468212862799402
"2199",424199.266853521,0.893680966167893,0.0458252130186567
"2200",424199.878291363,0.894428871175039,0.0447652079463998
"2201",424200.489729206,0.895066978086202,0.0441419105804039
"2202",424201.101167049,0.895626086149891,0.0441422096255335
"2203",424201.712604891,0.896151017178699,0.044466298943789
"2204",424202.324042734,0.896692863238083,0.0446143439875366
"2205",424202.935480577,0.897141391491292,0.0444837690200892
"2206",424203.546918419,0.897869579334417,0.0434890701862407
"2207",424204.158356262,0.898254309792113,0.0433432425050426
"2208",424204.769794105,0.898575911903869,0.043255826173115
"2209",424205.381231947,0.89852599485814,0.0443540147047185
"2210",424205.99266979,0.897758558120083,0.0485628985211037
"2211",424206.604107633,0.895723188587974,0.0622105026069679
"2212",424207.215545475,0.892860443833753,0.0796157375141556
"2213",424207.826983318,0.891554446332986,0.0855221037959688
"2214",424208.438421161,0.889672375556664,0.097602213344134
"2215",424209.049859003,0.889014123810256,0.10109760838535
"2216",424209.661296846,0.891704859456605,0.0927072559142653
"2217",424210.272734689,0.895600972963761,0.0758209048676439
"2218",424210.884172531,0.898614586133921,0.065198061729521
"2219",424211.495610374,0.900823098689195,0.0600181627567354
"2220",424212.107048217,0.903023387954498,0.0540714445137146
"2221",424212.718486059,0.905054017548114,0.0487624539259249
"2222",424213.329923902,0.906786652346476,0.044393895303712
"2223",424213.941361745,0.908318314425519,0.0408021785566596
"2224",424214.552799587,0.90952064233026,0.0386337919304669
"2225",424215.16423743,0.910479326657637,0.0373191818839617
"2226",424215.775675273,0.911279135483038,0.0365441766259314
"2227",424216.387113115,0.911969129994348,0.0360382825457669
"2228",424216.998550958,0.912445492278406,0.0361673736010592
"2229",424217.609988801,0.912572801501083,0.0375287572463107
"2230",424218.221426643,0.912326666597898,0.0406356500105471
"2231",424218.832864486,0.911580837303253,0.0466598225553769
"2232",424219.444302329,0.910049001514849,0.0578176933424668
"2233",424220.055740171,0.907802840917352,0.0720826943457377
"2234",424220.667178014,0.905329488513459,0.0852027594295945
"2235",424221.278615857,0.902806474379894,0.0967763137621228
"2236",424221.890053699,0.900333580342241,0.106741300496325
"2237",424222.501491542,0.898086945561113,0.113255048900867
"2238",424223.112929385,0.896622618035233,0.116165485607327
"2239",424223.724367227,0.895663119516522,0.117085495506298
"2240",424224.33580507,0.894926673681697,0.1172990811715
"2241",424224.947242913,0.893737898161075,0.119413763645539
"2242",424225.558680755,0.892598049023955,0.122937682184873
"2243",424226.170118598,0.89276629354585,0.123638674184631
"2244",424226.781556441,0.894337608464327,0.118802556936581
"2245",424227.392994283,0.897755894337064,0.104891182440034
"2246",424228.004432126,0.900802591932773,0.0920584625772745
"2247",424228.615869969,0.902933687558951,0.0874035751462935
"2248",424229.227307811,0.905484637735344,0.0839647425905274
"2249",424229.838745654,0.9079156688953,0.081251442226473
"2250",424230.450183497,0.910111326143593,0.0810173104400835
"2251",424231.061621339,0.912235464470272,0.080338063303774
"2252",424231.673059182,0.914631014113127,0.0780439840427383
"2253",424232.284497025,0.91750030310966,0.0724051937211019
"2254",424232.895934867,0.920948974996984,0.0608550942525259
"2255",424233.50737271,0.924642944215046,0.0428219572204574
"2256",424234.118810553,0.927265185710615,0.0312160335426875
"2257",424234.730248395,0.929088722669613,0.0257971794622264
"2258",424235.341686238,0.930369688318604,0.0235736428250828
"2259",424235.953124081,0.931540200315516,0.0213932582309809
"2260",424236.564561923,0.932512188811431,0.0201344549621459
"2261",424237.175999766,0.933287292587958,0.0195447957600714
"2262",424237.787437609,0.933902508610725,0.0193312942892865
"2263",424238.398875451,0.934378246063977,0.0194030346137581
"2264",424239.010313294,0.934652422444369,0.0197749973572343
"2265",424239.621751137,0.934768891234454,0.0205999138364814
"2266",424240.233188979,0.934654877659644,0.021831472191904
"2267",424240.844626822,0.93437328236666,0.0234278626940377
"2268",424241.456064665,0.933862978742619,0.0260484113264412
"2269",424242.067502507,0.93275636502947,0.0329827141705356
"2270",424242.67894035,0.930750466464349,0.0463963432562151
"2271",424243.290378193,0.928000277256864,0.0622015064184076
"2272",424243.901816035,0.925127007957314,0.0753135321963444
"2273",424244.513253878,0.92187811664026,0.0896216013762805
"2274",424245.124691721,0.918138974347722,0.105194616386404
"2275",424245.736129563,0.916359286300345,0.109452954870446
"2276",424246.347567406,0.914975480026746,0.110589120911326
"2277",424246.959005249,0.913461659458114,0.108348182824451
"2278",424247.570443091,0.912275706359376,0.106769254441996
"2279",424248.181880934,0.913605820919875,0.102149871790258
"2280",424248.793318777,0.914835015323412,0.0987766239165734
"2281",424249.404756619,0.91635554736019,0.0949174226439387
"2282",424250.016194462,0.916983856846902,0.0945028437242815
"2283",424250.627632305,0.917234460050234,0.0927151184984569
"2284",424251.239070147,0.917619582395192,0.0857473084709496
"2285",424251.85050799,0.91761799996723,0.078101923830592
"2286",424252.461945833,0.917816964740053,0.0724559362433796
"2287",424253.073383675,0.917951113467467,0.0702064366923724
"2288",424253.684821518,0.917560434323117,0.0696522219981444
"2289",424254.296259361,0.917590485034789,0.0691754871226633
"2290",424254.907697203,0.917819945585529,0.0683565947318016
"2291",424255.519135046,0.918119244155243,0.068852734077191
"2292",424256.130572889,0.918864157375994,0.0701799925639733
"2293",424256.742010731,0.920240410627795,0.0676980674486586
"2294",424257.353448574,0.922002186081457,0.0629231418875396
"2295",424257.964886417,0.923688312348783,0.0568217183189455
"2296",424258.57632426,0.925328677477889,0.0515822027724568
"2297",424259.187762102,0.926634889814634,0.048051606021132
"2298",424259.799199945,0.927154334443945,0.0485901236716808
"2299",424260.410637787,0.927529548939627,0.0505054780087892
"2300",424261.02207563,0.928310619313155,0.050756135473937
"2301",424261.633513473,0.929397431886355,0.047675318142365
"2302",424262.244951316,0.929731688721224,0.049154808012499
"2303",424262.856389158,0.92960711864837,0.0536508679821211
"2304",424263.467827001,0.929624048297329,0.0563228088115172
"2305",424264.079264843,0.929906820585737,0.0564990306813805
"2306",424264.690702686,0.930143212089336,0.0546899860578801
"2307",424265.302140529,0.929648910807314,0.0562826803338054
"2308",424265.913578372,0.928980835526378,0.0600207424227677
"2309",424266.525016214,0.928132326686177,0.0649461155778861
"2310",424267.136454057,0.927241458893399,0.0728359776248071
"2311",424267.747891899,0.927525016164473,0.0787740054869129
"2312",424268.359329742,0.929052383964575,0.078693057906405
"2313",424268.970767585,0.930783071698342,0.0738867171886075
"2314",424269.582205428,0.933813888528952,0.0622722888013144
"2315",424270.19364327,0.936990291155209,0.0448709872832641
"2316",424270.805081113,0.939250590559013,0.0315517539055011
"2317",424271.416518956,0.940508603272882,0.0260865483302106
"2318",424272.027956798,0.941225944441576,0.0241752717644968
"2319",424272.639394641,0.94175675077528,0.0230225934465961
"2320",424273.250832484,0.942255232830807,0.0216555802969065
"2321",424273.862270326,0.942660386784737,0.0204759295337113
"2322",424274.473708169,0.942931745036498,0.0195376085607145
"2323",424275.085146012,0.94310219826995,0.0187555982484217
"2324",424275.696583854,0.943088795983227,0.0182531240538146
"2325",424276.308021697,0.942959145259118,0.0180426843407334
"2326",424276.91945954,0.942675496463913,0.018151924004013
"2327",424277.530897382,0.942204384213996,0.0187872212070947
"2328",424278.142335225,0.94153639004387,0.0203901085195971
"2329",424278.753773068,0.940474874913108,0.0237905594860196
"2330",424279.36521091,0.939006485179442,0.0293199545615726
"2331",424279.976648753,0.937612229705128,0.032953158651123
"2332",424280.588086596,0.936634308769127,0.0341153760577595
"2333",424281.199524438,0.935730980392827,0.034281172637023
"2334",424281.810962281,0.934410238183977,0.0364555283227105
"2335",424282.422400124,0.932447526423949,0.0424298664851195
"2336",424283.033837966,0.930419518579441,0.0479008987178447
"2337",424283.645275809,0.927410585203398,0.0586169075670683
"2338",424284.256713652,0.924480800063245,0.0681581210504464
"2339",424284.868151494,0.922129337413814,0.074643551266837
"2340",424285.479589337,0.919991758136848,0.0816953826948685
"2341",424286.09102718,0.918288879851282,0.0853214181104271
"2342",424286.702465022,0.917630879082085,0.0914949569506494
"2343",424287.313902865,0.918461200655736,0.0924006834958109
"2344",424287.925340708,0.919871434846503,0.0880560726832092
"2345",424288.53677855,0.920683638019245,0.087595964754252
"2346",424289.148216393,0.921616049724263,0.0862014952507966
"2347",424289.759654236,0.922591676545413,0.0850789717939408
"2348",424290.371092078,0.924626673703166,0.0761845947124348
"2349",424290.982529921,0.927032326617715,0.0643608275400708
"2350",424291.593967764,0.930002338324969,0.0410173078976774
"2351",424292.205405606,0.93142721958525,0.0302705463610933
"2352",424292.816843449,0.931999492287049,0.0262650770643906
"2353",424293.428281292,0.932211019363745,0.0242970245449467
"2354",424294.039719134,0.932192151366732,0.023240542823498
"2355",424294.651156977,0.931997817925038,0.0229707203143019
"2356",424295.26259482,0.931587021281327,0.0235581577117612
"2357",424295.874032662,0.931122061329562,0.0242741093220943
"2358",424296.485470505,0.930645154328978,0.0251997105016379
"2359",424297.096908348,0.930264469035117,0.0260609813276664
"2360",424297.70834619,0.929905891120615,0.0268453314831692
"2361",424298.319784033,0.929613246380215,0.0274264192313982
"2362",424298.931221876,0.929219013621214,0.0282989209739672
"2363",424299.542659718,0.928849101944903,0.0291573215823897
"2364",424300.154097561,0.928497942927882,0.0298793778644181
"2365",424300.765535404,0.928282549790928,0.0298260595642892
"2366",424301.376973246,0.928308930889056,0.0292730573308269
"2367",424301.988411089,0.928227073982502,0.0292561431697975
"2368",424302.599848932,0.928023825837581,0.0298781400258056
"2369",424303.211286774,0.92769379876683,0.0303898876030244
"2370",424303.822724617,0.92705805063748,0.0315605572884076
"2371",424304.43416246,0.926128444751905,0.0342911585001744
"2372",424305.045600302,0.925116731788423,0.0388314013843389
"2373",424305.657038145,0.924208614201912,0.0432015620436832
"2374",424306.268475988,0.923786682818919,0.0445829572085864
"2375",424306.87991383,0.924434535148165,0.0392078041743724
"2376",424307.491351673,0.925182139826249,0.0351502097169122
"2377",424308.102789516,0.92566754028096,0.0333511754016875
"2378",424308.714227358,0.92587867202117,0.0327291706370587
"2379",424309.325665201,0.925761720000016,0.0326514499279659
"2380",424309.937103044,0.925538328738188,0.0330056962712377
"2381",424310.548540886,0.925213524003679,0.0335007183486855
"2382",424311.159978729,0.924819361752669,0.034265931204244
"2383",424311.771416572,0.924345906673892,0.0354314515129114
"2384",424312.382854414,0.923710610530087,0.0374376420373862
"2385",424312.994292257,0.922762201673702,0.0413605411241161
"2386",424313.6057301,0.921456743167692,0.0483015161970088
"2387",424314.217167942,0.920090362361892,0.0562429765861543
"2388",424314.828605785,0.919914317246433,0.0554836502931088
"2389",424315.440043628,0.920862692478351,0.0485201479495007
"2390",424316.05148147,0.922032763742159,0.0419337448565327
"2391",424316.662919313,0.922965936752318,0.0383144450879798
"2392",424317.274357156,0.92343967362573,0.0368975347341416
"2393",424317.885794998,0.923563421291752,0.0360872974020773
"2394",424318.497232841,0.923428661712216,0.035938688895232
"2395",424319.108670684,0.92295178215374,0.0373156520638917
"2396",424319.720108526,0.922496925410328,0.0388707651553166
"2397",424320.331546369,0.922696891089888,0.0377541065124123
"2398",424320.942984212,0.923243152358726,0.0358322291595315
"2399",424321.554422054,0.92391394282227,0.0337264654277974
"2400",424322.165859897,0.924498951652936,0.0317256188011126
"2401",424322.77729774,0.925053122452462,0.0301553984770989
"2402",424323.388735582,0.92562609290796,0.0289827655728229
"2403",424324.000173425,0.926187528249589,0.0282513449214605
"2404",424324.611611268,0.926637225475374,0.0276651251390067
"2405",424325.22304911,0.926920249261298,0.0272042747375343
"2406",424325.834486953,0.927011922455704,0.0267828275315567
"2407",424326.445924796,0.926868582773488,0.0264742713783234
"2408",424327.057362638,0.926489755015845,0.0271953241381737
"2409",424327.668800481,0.925837099126879,0.030088765385001
"2410",424328.280238324,0.925070567833804,0.0350997658446655
"2411",424328.891676166,0.92490039141441,0.0362974961985993
"2412",424329.503114009,0.925564047611205,0.0314606744726666
"2413",424330.114551852,0.926347407849614,0.0280736360738657
"2414",424330.725989694,0.926996937835618,0.0261631397070722
"2415",424331.337427537,0.927492106732652,0.025278471663837
"2416",424331.94886538,0.927782707278676,0.0250838480324422
"2417",424332.560303222,0.927859258591633,0.0252791906132067
"2418",424333.171741065,0.92786493089546,0.0252608337911949
"2419",424333.783178908,0.92771728563613,0.0253344098415174
"2420",424334.39461675,0.927412709124159,0.0258442283315371
"2421",424335.006054593,0.926889406401271,0.0270890330025701
"2422",424335.617492436,0.926142581477636,0.0294265155403185
"2423",424336.228930278,0.92530293265185,0.0333630318125359
"2424",424336.840368121,0.924766760429962,0.0373720945249957
"2425",424337.451805964,0.924888816225491,0.036242908701333
"2426",424338.063243806,0.92547163830578,0.0323428892440708
"2427",424338.674681649,0.926232147895575,0.0287235678987572
"2428",424339.286119492,0.926919323099673,0.0264253531183723
"2429",424339.897557334,0.927413183135487,0.0249871479425523
"2430",424340.508995177,0.927713361274407,0.0240641945035364
"2431",424341.12043302,0.927835014488971,0.0236573072340306
"2432",424341.731870862,0.927845322434791,0.023635352265549
"2433",424342.343308705,0.927698621455867,0.0239561099050545
"2434",424342.954746548,0.927404661113222,0.0243907781346094
"2435",424343.56618439,0.926955177299955,0.025085532617535
"2436",424344.177622233,0.926262939377926,0.0263040843357294
"2437",424344.789060076,0.925235999152768,0.0293150031360372
"2438",424345.400497918,0.923604227157962,0.0367593968738685
"2439",424346.011935761,0.921000252017235,0.0517371507490938
"2440",424346.623373604,0.918114755942465,0.0654735392315352
"2441",424347.234811446,0.915543325543597,0.0754195233141488
"2442",424347.846249289,0.913343669472934,0.0819640894430566
"2443",424348.457687132,0.91243764449673,0.0799969946764612
"2444",424349.069124974,0.912147712833939,0.0769424343900188
"2445",424349.680562817,0.911702821860001,0.0746837145009079
"2446",424350.29200066,0.910731196968968,0.0763315865502088
"2447",424350.903438502,0.90934054631985,0.0813923117845824
"2448",424351.514876345,0.907011387906723,0.0903577041743046
"2449",424352.126314188,0.905820776336633,0.0956545965871837
"2450",424352.73775203,0.905902533870952,0.0947021628122797
"2451",424353.349189873,0.906705678834902,0.0933091202315219
"2452",424353.960627716,0.907460388939726,0.0937926572919437
"2453",424354.572065558,0.908200756889956,0.0950371069291738
"2454",424355.183503401,0.90930362731677,0.0952404815043169
"2455",424355.794941244,0.911044246227229,0.0927743173934653
"2456",424356.406379086,0.913528193175351,0.0855102533566768
"2457",424357.017816929,0.916234442617599,0.0753195977622091
"2458",424357.629254772,0.918836140522015,0.0654558368330724
"2459",424358.240692614,0.921434709783777,0.0548020365636618
"2460",424358.852130457,0.923865423489068,0.0424900084835025
"2461",424359.4635683,0.925735619411323,0.0328330049824785
"2462",424360.075006142,0.927041090680512,0.0271784149077618
"2463",424360.686443985,0.927989700112632,0.0236330048778958
"2464",424361.297881828,0.928674172489038,0.0214511330770313
"2465",424361.90931967,0.929111321807665,0.0204363333129691
"2466",424362.520757513,0.92931883752535,0.0201116622827496
"2467",424363.132195356,0.929303213731295,0.0202224136362602
"2468",424363.743633198,0.929043462901884,0.0208908890433082
"2469",424364.355071041,0.928626464684878,0.0224091276542394
"2470",424364.966508884,0.927985263916628,0.0249347205171063
"2471",424365.577946726,0.927327347457668,0.0271336129055192
"2472",424366.189384569,0.926674130952333,0.0291552375718254
"2473",424366.800822412,0.925779539584613,0.0325901741256453
"2474",424367.412260254,0.924300754172197,0.0394484126818007
"2475",424368.023698097,0.922915723642756,0.0447572304606607
"2476",424368.63513594,0.922706321816351,0.0428060082274204
"2477",424369.246573782,0.92327317104583,0.0393379735607283
"2478",424369.858011625,0.924120233915534,0.0365532352165825
"2479",424370.469449468,0.924661317152074,0.03602181607117
"2480",424371.08088731,0.924949608930733,0.0375734825100396
"2481",424371.692325153,0.925278260736266,0.0382856105348867
"2482",424372.303762996,0.925835072237024,0.0378250259656464
"2483",424372.915200838,0.926130365798467,0.0364803477638613
"2484",424373.526638681,0.925735886031311,0.0336140606690676
"2485",424374.138076524,0.925235057998035,0.0342129579779231
"2486",424374.749514366,0.924750055727506,0.0375582810508557
"2487",424375.360952209,0.924340618689202,0.0431681366069752
"2488",424375.972390052,0.923976669786443,0.0501365241852466
"2489",424376.583827894,0.924190487921419,0.0534901100005801
"2490",424377.195265737,0.925200767936506,0.0514016524216065
"2491",424377.80670358,0.92721198282516,0.0438992060011556
"2492",424378.418141423,0.929445923801096,0.0324623123434103
"2493",424379.029579265,0.931174449218375,0.0244620652897968
"2494",424379.641017108,0.932414439130921,0.0200034656953119
"2495",424380.25245495,0.93326893090621,0.0176757331512076
"2496",424380.863892793,0.933829273416137,0.0166023092409246
"2497",424381.475330636,0.934285080337796,0.0159754110663426
"2498",424382.086768479,0.934669846840315,0.0156807037819131
"2499",424382.698206321,0.934924522222653,0.0154514799436867
"2500",424383.309644164,0.935073811417878,0.0152510980011618
"2501",424383.921082006,0.935052673568719,0.0153677194482799
"2502",424384.532519849,0.934877857583795,0.0158006082257811
"2503",424385.143957692,0.934569548994932,0.0168502558533102
"2504",424385.755395535,0.933935596858418,0.0196531682350193
"2505",424386.366833377,0.932705383287396,0.0269448083344876
"2506",424386.97827122,0.930894192279583,0.0391281482175592
"2507",424387.589709062,0.928905116072807,0.0515946491343905
"2508",424388.201146905,0.927724812143023,0.0585181202975208
"2509",424388.812584748,0.928307271519603,0.0547191904559472
"2510",424389.424022591,0.93016783031577,0.0443824523202071
"2511",424390.035460433,0.932081341115867,0.0348851593756844
"2512",424390.646898276,0.93366113319442,0.0272833529193871
"2513",424391.258336118,0.934905826546406,0.0217671702830743
"2514",424391.869773961,0.93585727653293,0.0188152587912403
"2515",424392.481211804,0.936448591025238,0.0174203668588613
"2516",424393.092649647,0.936810381211695,0.0165521123533824
"2517",424393.704087489,0.937011647843173,0.0160230730517226
"2518",424394.315525332,0.937076642891402,0.016068962871029
"2519",424394.926963175,0.936888990068205,0.0173431052101103
"2520",424395.538401017,0.936505408454163,0.0199401554268167
"2521",424396.14983886,0.93622197081904,0.022107999976743
"2522",424396.761276703,0.936336074159417,0.0224070274441629
"2523",424397.372714545,0.936649789019221,0.0215512985275525
"2524",424397.984152388,0.937090938642016,0.0205978731391559
"2525",424398.595590231,0.937629412946474,0.0193121470634602
"2526",424399.207028073,0.938318387394867,0.0180471932364857
"2527",424399.818465916,0.939008302486368,0.017495540880886
"2528",424400.429903759,0.93956444822242,0.0175289541577269
"2529",424401.041341601,0.939988132849957,0.0174008165327214
"2530",424401.652779444,0.940221769513691,0.0172895912632715
"2531",424402.264217287,0.940242656308334,0.016909878312842
"2532",424402.875655129,0.940131074273625,0.0172283921408069
"2533",424403.487092972,0.93980965560573,0.0192292384664788
"2534",424404.098530815,0.939349959580983,0.023332209049295
"2535",424404.709968657,0.939090682850219,0.0269401547996096
"2536",424405.3214065,0.939527385815876,0.0245828462909611
"2537",424405.932844343,0.940273406447139,0.021398287519861
"2538",424406.544282185,0.941056853511423,0.0185776802308957
"2539",424407.155720028,0.941797771166612,0.0164396046360047
"2540",424407.767157871,0.942407389745756,0.0151182344350326
"2541",424408.378595713,0.942895823889242,0.0145507591729068
"2542",424408.990033556,0.943223479260574,0.0145251366127807
"2543",424409.601471399,0.943368588343963,0.0148329128572317
"2544",424410.212909241,0.943397584314463,0.0154179351712593
"2545",424410.824347084,0.943290923264863,0.016323690713214
"2546",424411.435784927,0.943038801204614,0.017759507787338
"2547",424412.047222769,0.942588137787291,0.0199315734543107
"2548",424412.658660612,0.94187391439298,0.023259620888898
"2549",424413.270098455,0.940721593634393,0.0291818690001306
"2550",424413.881536297,0.938941541226044,0.0391437489300528
"2551",424414.49297414,0.937201781153301,0.0459974469702445
"2552",424415.104411983,0.936244961861849,0.048613747767301
"2553",424415.715849825,0.93528261903814,0.0501635852513807
"2554",424416.327287668,0.934369988782327,0.050719398534475
"2555",424416.938725511,0.933215675836872,0.0530879575135787
"2556",424417.550163353,0.932441161549726,0.0530515222800796
"2557",424418.161601196,0.931694225909957,0.0546696342277588
"2558",424418.773039039,0.931676083995268,0.0527478926975356
"2559",424419.384476881,0.931466683699108,0.052872078462705
"2560",424419.995914724,0.930920882350492,0.0546886546866132
"2561",424420.607352567,0.930739504321773,0.0551561348870888
"2562",424421.218790409,0.930594017829708,0.0558586180589477
"2563",424421.830228252,0.930578051188247,0.0572895071953818
"2564",424422.441666095,0.930718625641786,0.0607157509601582
"2565",424423.053103937,0.930379790747679,0.0624982770101654
"2566",424423.66454178,0.930063540110164,0.0693015979331084
"2567",424424.275979623,0.929101197297802,0.0741504111678684
"2568",424424.887417465,0.927861403211806,0.0781611287731285
"2569",424425.498855308,0.927501448720075,0.0773154546275423
"2570",424426.110293151,0.927083620189657,0.0772957514286315
"2571",424426.721730993,0.926739187155366,0.082453762928285
"2572",424427.333168836,0.928058292940477,0.082404740658985
"2573",424427.944606679,0.928772557964762,0.0871992981251118
"2574",424428.556044521,0.929291981633159,0.0864847850837838
"2575",424429.167482364,0.929584851873908,0.08838644555843
"2576",424429.778920207,0.930454795688556,0.0897108108625047
"2577",424430.390358049,0.932706818361764,0.0819199315835625
"2578",424431.001795892,0.936538085793541,0.061518931264035
"2579",424431.613233735,0.939819463622594,0.0398180642530352
"2580",424432.224671577,0.941906386458773,0.0261680261227519
"2581",424432.83610942,0.943016656278011,0.0195252219415483
"2582",424433.447547263,0.943645699449722,0.016322687328255
"2583",424434.058985105,0.944008418861169,0.0145667884141758
"2584",424434.670422948,0.944209919546826,0.0136331824018798
"2585",424435.281860791,0.944235429148081,0.0131132946316462
"2586",424435.893298633,0.944099567743627,0.0128673260069493
"2587",424436.504736476,0.943871391879954,0.0127580232109129
"2588",424437.116174319,0.943515531762447,0.0129712105893308
"2589",424437.727612161,0.943018818233269,0.0136054185828972
"2590",424438.339050004,0.942442760727211,0.0147235911263383
"2591",424438.950487847,0.941617635419428,0.0168397290148295
"2592",424439.561925689,0.940438090562306,0.0209270166489018
"2593",424440.173363532,0.938627126970505,0.0295510091597675
"2594",424440.784801375,0.935958985671929,0.0448487675758386
"2595",424441.396239217,0.933287441578717,0.0617877818533517
"2596",424442.00767706,0.933358346637654,0.0583267420168197
"2597",424442.619114903,0.935294042970763,0.0415745260058474
"2598",424443.230552745,0.936787998865927,0.0297655143667982
"2599",424443.841990588,0.937402789134907,0.0252252435545508
"2600",424444.453428431,0.937500595876436,0.0239945521393611
"2601",424445.064866273,0.937283735242271,0.0241276416380239
"2602",424445.676304116,0.936875149419209,0.0252219541718559
"2603",424446.287741959,0.936314762095852,0.0269910552351426
"2604",424446.899179801,0.935797580817585,0.0286325772171033
"2605",424447.510617644,0.935459786538093,0.0296357835356135
"2606",424448.122055487,0.935194009975728,0.0298689399837215
"2607",424448.733493329,0.934904422830777,0.0299235257632046
"2608",424449.344931172,0.934638478597171,0.030169287986961
"2609",424449.956369015,0.934419098293278,0.0304423220925802
"2610",424450.567806857,0.934172860087936,0.0310854615197425
"2611",424451.1792447,0.933947182609293,0.032045522095434
"2612",424451.790682543,0.933704857227423,0.0330902182708215
"2613",424452.402120385,0.933467761021631,0.0340282996048338
"2614",424453.013558228,0.933274886449463,0.0347204629436312
"2615",424453.624996071,0.933091196863254,0.0352351291139959
"2616",424454.236433913,0.932825888266978,0.0362866335218892
"2617",424454.847871756,0.932528292024125,0.0382356269052174
"2618",424455.459309599,0.932356325701248,0.0393854650550848
"2619",424456.070747441,0.932410045020185,0.038643951950738
"2620",424456.682185284,0.932864776627579,0.0355646409200473
"2621",424457.293623127,0.933386909868897,0.0330711154020997
"2622",424457.905060969,0.93382249927773,0.0314114570455019
"2623",424458.516498812,0.934147899651093,0.03051654598062
"2624",424459.127936655,0.934279649363771,0.0303801765663142
"2625",424459.739374497,0.934118532322423,0.0305953592861976
"2626",424460.35081234,0.933747400955837,0.0314328220840763
"2627",424460.962250183,0.933207662884282,0.0333153932973115
"2628",424461.573688025,0.932519769132311,0.036224624697796
"2629",424462.185125868,0.931917065166083,0.0382297684943444
"2630",424462.796563711,0.931786543473791,0.0379027823253969
"2631",424463.408001553,0.931795042623112,0.0374391429434611
"2632",424464.019439396,0.931930176864444,0.0370387703011944
"2633",424464.630877239,0.932230694888463,0.0362075714530709
"2634",424465.242315081,0.932584564617146,0.0353312185416259
"2635",424465.853752924,0.93276765046877,0.0340427714523572
"2636",424466.465190767,0.932934559023952,0.0323616690765645
"2637",424467.076628609,0.933154221626859,0.0313905656009096
"2638",424467.688066452,0.933434125720198,0.0304783248272218
"2639",424468.299504295,0.933803881249474,0.0293439211696845
"2640",424468.910942137,0.934126646916642,0.0284328632211737
"2641",424469.52237998,0.93433099214272,0.0278058610636071
"2642",424470.133817823,0.934534228486025,0.0273066563086016
"2643",424470.745255665,0.934697310434017,0.0273737847721039
"2644",424471.356693508,0.935016969623808,0.0269521883786879
"2645",424471.968131351,0.935420040083888,0.0260459453848989
"2646",424472.579569193,0.935595476179376,0.0254883105579242
"2647",424473.191007036,0.935565873452595,0.0249384387963234
"2648",424473.802444879,0.935412439086431,0.0248443726517056
"2649",424474.413882721,0.935002177062721,0.0259815614429829
"2650",424475.025320564,0.934128297792103,0.0297493031603849
"2651",424475.636758407,0.932465038956935,0.0387275885233541
"2652",424476.248196249,0.929589292471979,0.057184517338999
"2653",424476.859634092,0.927649620348109,0.0642561096485025
"2654",424477.471071935,0.926871718819732,0.0690350350697793
"2655",424478.082509777,0.927883679589265,0.0661610201723923
"2656",424478.69394762,0.928428937657812,0.0561558470923644
"2657",424479.305385463,0.928939275049743,0.0523425706899023
"2658",424479.916823305,0.930587071688096,0.0470613879888873
"2659",424480.528261148,0.932693085307728,0.037239314794032
"2660",424481.139698991,0.934213331726835,0.0299190683970796
"2661",424481.751136833,0.935196416878406,0.0257462483661
"2662",424482.362574676,0.935938661563651,0.02337417731825
"2663",424482.974012519,0.936422244945629,0.0219101014951403
"2664",424483.585450361,0.936616515510704,0.0212140601344904
"2665",424484.196888204,0.936589081012122,0.0212284397073688
"2666",424484.808326047,0.936424023181264,0.0216132312769067
"2667",424485.419763889,0.936213697844759,0.0222181696072752
"2668",424486.031201732,0.936224052419612,0.0224143905721125
"2669",424486.642639575,0.936413830106798,0.0220476969238426
"2670",424487.254077417,0.93653874425954,0.0217058454785376
"2671",424487.86551526,0.936664802948359,0.0214691356739263
"2672",424488.476953103,0.936829127977588,0.0213392645797427
"2673",424489.088390945,0.936977182625193,0.0211843710840196
"2674",424489.699828788,0.93708567297922,0.0208822886786658
"2675",424490.311266631,0.937302564250669,0.0203530185494308
"2676",424490.922704473,0.937496711257827,0.0200728106476715
"2677",424491.534142316,0.937563883659315,0.0200023141592612
"2678",424492.145580159,0.937505020276701,0.0202790042414978
"2679",424492.757018001,0.937225448165557,0.0212484016335973
"2680",424493.368455844,0.936600651617616,0.023522213182539
"2681",424493.979893687,0.935629931400463,0.0283629102101925
"2682",424494.591331529,0.933928133154294,0.0390247582274037
"2683",424495.202769372,0.930953494308544,0.0585649840511407
"2684",424495.814207215,0.928099518367043,0.0714260515751592
"2685",424496.425645057,0.926949990751249,0.0760837394353557
"2686",424497.0370829,0.926874270922805,0.0747547967841364
"2687",424497.648520743,0.926964456650111,0.0725533614463914
"2688",424498.259958585,0.927056111034846,0.0714364507133927
"2689",424498.871396428,0.926805684605738,0.0714673424274293
"2690",424499.482834271,0.925972398311325,0.0741890997954255
"2691",424500.094272113,0.925670731635146,0.0712902806642495
"2692",424500.705709956,0.924781290423246,0.0732790527135644
"2693",424501.317147799,0.923789231304729,0.075399096768652
"2694",424501.928585641,0.923948896130291,0.0718320316070544
"2695",424502.540023484,0.924894151824622,0.0670812049708599
"2696",424503.151461327,0.926528801024401,0.0590368260354386
"2697",424503.762899169,0.926905986767487,0.0614050849968646
"2698",424504.374337012,0.926428292426503,0.0658905125378641
"2699",424504.985774855,0.926413850969241,0.0585178362599988
"2700",424505.597212697,0.926543491874745,0.0524909822309808
"2701",424506.20865054,0.926155128400466,0.0536603255268052
"2702",424506.820088383,0.925633125312464,0.0548109095540818
"2703",424507.431526225,0.925453631926711,0.0545200822722293
"2704",424508.042964068,0.925303071766712,0.0534740748784543
"2705",424508.654401911,0.924773320533166,0.0541290110307088
"2706",424509.265839753,0.924457934147707,0.0555627361824285
"2707",424509.877277596,0.924238282998976,0.0582198485523852
"2708",424510.488715439,0.92390683001052,0.0623012475626411
"2709",424511.100153281,0.923511546193738,0.0632363742776252
"2710",424511.711591124,0.923328854810576,0.0654014295165495
"2711",424512.323028967,0.923825467487594,0.0667680055251566
"2712",424512.93446681,0.925575568893537,0.0636591121136478
"2713",424513.545904652,0.92842797148813,0.0516412885263766
"2714",424514.157342495,0.930546417423101,0.043048185394653
"2715",424514.768780338,0.931887799761418,0.0393511728891739
"2716",424515.38021818,0.932785634659287,0.0381303219958254
"2717",424515.991656023,0.933180171943707,0.0388707348615729
"2718",424516.603093866,0.933280181839365,0.0405912462834321
"2719",424517.214531708,0.933683019446581,0.0402133828538926
"2720",424517.825969551,0.934360461563379,0.0380075880947417
"2721",424518.437407394,0.934680887289507,0.0376389386706967
"2722",424519.048845236,0.934899685221597,0.0384677884708998
"2723",424519.660283079,0.935209185330647,0.0387371714437885
"2724",424520.271720922,0.935587453177919,0.0383722455643487
"2725",424520.883158764,0.935942512223099,0.0376685181683575
"2726",424521.494596607,0.936131434264603,0.0378038014939385
"2727",424522.10603445,0.936368663955056,0.038245517328937
"2728",424522.717472292,0.936584941601354,0.038230990440097
"2729",424523.328910135,0.936869738880516,0.0387845518191481
"2730",424523.940347978,0.93699720016737,0.0399483956274539
"2731",424524.55178582,0.93691825626623,0.0403058075853358
"2732",424525.163223663,0.936926663879414,0.0423891615495783
"2733",424525.774661506,0.937448120459919,0.0442974306576625
"2734",424526.386099348,0.939074259264856,0.0366319381973845
"2735",424526.997537191,0.94064234231688,0.0280909144214918
"2736",424527.608975034,0.941632145467963,0.024397699003643
"2737",424528.220412876,0.942184378821166,0.0230280997624755
"2738",424528.831850719,0.942373845624955,0.0230763071361069
"2739",424529.443288562,0.942474808864139,0.0234781584355561
"2740",424530.054726404,0.942594819873336,0.0238748182821549
"2741",424530.666164247,0.942652157727599,0.0234526629810279
"2742",424531.27760209,0.942346177540596,0.0241250214971613
"2743",424531.889039932,0.942065679129476,0.0249086279290907
"2744",424532.500477775,0.941887729321027,0.0253870370044841
"2745",424533.111915618,0.941834677368947,0.0256202138187713
"2746",424533.72335346,0.941748536259738,0.026189481917028
"2747",424534.334791303,0.941524473304467,0.0272504658222526
"2748",424534.946229146,0.941402148607964,0.0283683028538297
"2749",424535.557666988,0.941408562488875,0.0287290587064133
"2750",424536.169104831,0.941477166562985,0.0294263020603652
"2751",424536.780542674,0.94135224868416,0.030879591955801
"2752",424537.391980516,0.941182663961595,0.0308374716324776
"2753",424538.003418359,0.941040913123836,0.0312857378100715
"2754",424538.614856202,0.941069509826342,0.032410608880056
"2755",424539.226294044,0.941682601150183,0.0296254042326268
"2756",424539.837731887,0.942272862481059,0.0264358689316319
"2757",424540.44916973,0.942779050997787,0.0240490277376704
"2758",424541.060607572,0.943232245829743,0.0221432367026864
"2759",424541.672045415,0.943623552857802,0.0207108635453085
"2760",424542.283483258,0.9439226011217,0.0200289072808052
"2761",424542.8949211,0.944099580410431,0.0195313096216941
"2762",424543.506358943,0.944141593406589,0.0193511536916189
"2763",424544.117796786,0.944087243004619,0.0195796810333724
"2764",424544.729234628,0.943956791034766,0.0200304567895693
"2765",424545.340672471,0.943680508244923,0.0209005324342489
"2766",424545.952110314,0.943192874991482,0.0227546614390861
"2767",424546.563548156,0.942382800187687,0.0263950052550601
"2768",424547.174985999,0.94108548588445,0.0338517680699014
"2769",424547.786423842,0.939035424350689,0.048755497483726
"2770",424548.397861684,0.937625572128809,0.057753907043615
"2771",424549.009299527,0.93840928206392,0.0504239301174268
"2772",424549.62073737,0.940260180088102,0.0381100190445616
"2773",424550.232175212,0.941945129491567,0.0291957093627635
"2774",424550.843613055,0.943081399945519,0.0245802647334197
"2775",424551.455050898,0.943813674294423,0.022372902912974
"2776",424552.06648874,0.944322020982651,0.0213010890806835
"2777",424552.677926583,0.944697469811608,0.0211081533704002
"2778",424553.289364426,0.94483573906878,0.0213041694767013
"2779",424553.900802268,0.944905424643266,0.0214383495267652
"2780",424554.512240111,0.944843469448812,0.0214446859563006
"2781",424555.123677954,0.944642926556413,0.0218294009792175
"2782",424555.735115796,0.944224265028993,0.0232468972109335
"2783",424556.346553639,0.943445226633329,0.0265318546703562
"2784",424556.957991482,0.942297556893028,0.032561971460441
"2785",424557.569429324,0.941347471077003,0.0382040333391765
"2786",424558.180867167,0.940860279142286,0.0414881742019536
"2787",424558.79230501,0.940506656740884,0.0445325553595206
"2788",424559.403742852,0.941052887242423,0.0427008661503543
"2789",424560.015180695,0.942238432908099,0.0370622601791787
"2790",424560.626618538,0.943613705003492,0.0307927892907792
"2791",424561.23805638,0.944624883060261,0.0272048322030715
"2792",424561.849494223,0.94533832355467,0.0255129650134828
"2793",424562.460932066,0.945736208076978,0.0247848769355365
"2794",424563.072369908,0.945972593060155,0.024313854613308
"2795",424563.683807751,0.946075209696262,0.0242529512317423
"2796",424564.295245594,0.945937449600361,0.0251013142144534
"2797",424564.906683436,0.945617231520334,0.0270273729667642
"2798",424565.518121279,0.94505424017219,0.0307329868008618
"2799",424566.129559122,0.944436992785651,0.0357605668813796
"2800",424566.740996964,0.944163353428884,0.0396810633439918
"2801",424567.352434807,0.944757254643666,0.0358917115648654
"2802",424567.96387265,0.945762272778112,0.0304973515479859
"2803",424568.575310492,0.946742559420681,0.0263994863516351
"2804",424569.186748335,0.947629963611217,0.0234217686902362
"2805",424569.798186178,0.948422057873319,0.0210931294566556
"2806",424570.40962402,0.949078617955935,0.0195753131751629
"2807",424571.021061863,0.949587064233218,0.0186251723042999
"2808",424571.632499706,0.949955589604229,0.0182209393916989
"2809",424572.243937548,0.950140642616224,0.0183622217300835
"2810",424572.855375391,0.950132004674466,0.0190750545744739
"2811",424573.466813234,0.949973453185949,0.0206918000289018
"2812",424574.078251076,0.949484647361121,0.0239921132092652
"2813",424574.689688919,0.948680814288103,0.0289630718293305
"2814",424575.301126762,0.947626250130552,0.0351153884021943
"2815",424575.912564604,0.945598878210524,0.0489956119085922
"2816",424576.524002447,0.943122668056973,0.0629651997568282
"2817",424577.13544029,0.942353317919701,0.0652620420287683
"2818",424577.746878132,0.942047095811266,0.0659497211288215
"2819",424578.358315975,0.942366328456783,0.063929069622839
"2820",424578.969753818,0.942520931871375,0.0629097715984183
"2821",424579.58119166,0.942541593643667,0.0616336767730295
"2822",424580.192629503,0.941716753115166,0.0656841601506022
"2823",424580.804067346,0.941392913035643,0.0637473451109029
"2824",424581.415505188,0.940933319462877,0.0635970493449895
"2825",424582.026943031,0.939944626124931,0.0675925260723477
"2826",424582.638380874,0.939743652693286,0.0693405438281381
"2827",424583.249818716,0.940876742265141,0.0672148506417023
"2828",424583.861256559,0.942542098146791,0.0635549746973788
"2829",424584.472694402,0.944087563627555,0.0609080933482597
"2830",424585.084132244,0.944085454554221,0.0706281025717027
"2831",424585.695570087,0.944826858490718,0.0668522620147772
"2832",424586.30700793,0.94575830674035,0.0596290022673823
"2833",424586.918445772,0.945969811917715,0.0602917616389753
"2834",424587.529883615,0.945718541470701,0.0625345764218737
"2835",424588.141321458,0.945614900476151,0.0631628742615692
"2836",424588.7527593,0.945904161236117,0.06168459348953
"2837",424589.364197143,0.946008896295071,0.0597855786689613
"2838",424589.975634986,0.945630106111436,0.0612873986237635
"2839",424590.587072828,0.945456235462858,0.0634564483855279
"2840",424591.198510671,0.945589105233417,0.0646033021374739
"2841",424591.809948514,0.94559077803114,0.068576090527465
"2842",424592.421386356,0.945876225197858,0.072113426821306
"2843",424593.032824199,0.946231682876207,0.0754073098879595
"2844",424593.644262042,0.947569567423747,0.0710287634375326
"2845",424594.255699884,0.95019343251668,0.0614494401559934
"2846",424594.867137727,0.953371969818072,0.0444275001497692
"2847",424595.47857557,0.955692342860998,0.0311893615457546
"2848",424596.090013412,0.957150477829621,0.0246356325661588
"2849",424596.701451255,0.958212809904708,0.0205694715740049
"2850",424597.312889098,0.959052802624026,0.0171549572514724
"2851",424597.92432694,0.959747506172501,0.0143193304844316
"2852",424598.535764783,0.960219715430124,0.0126746231265205
"2853",424599.147202626,0.960527259212472,0.011825787287396
"2854",424599.758640468,0.9607464293948,0.0114806680762253
"2855",424600.370078311,0.960823595266693,0.0115174553053132
"2856",424600.981516154,0.960747426087866,0.0119341303913361
"2857",424601.592953996,0.96054011722138,0.0127891778061342
"2858",424602.204391839,0.960150745851687,0.0142424973820894
"2859",424602.815829682,0.959585764613995,0.0167565404181901
"2860",424603.427267524,0.95866367190661,0.0212867492900671
"2861",424604.038705367,0.957315250429244,0.0281208380139136
"2862",424604.65014321,0.955805280384762,0.0350419567006275
"2863",424605.261581052,0.954401453211767,0.0411731434094055
"2864",424605.873018895,0.95301164836614,0.0493186577430146
"2865",424606.484456738,0.952312246754078,0.0531617702664811
"2866",424607.09589458,0.953064067643624,0.0511692346208283
"2867",424607.707332423,0.954555635750328,0.0448310336915627
"2868",424608.318770266,0.956696613256728,0.033376325392151
"2869",424608.930208108,0.958338348012152,0.0250219978247281
"2870",424609.541645951,0.959372669397878,0.0209569623015813
"2871",424610.153083794,0.96011485978251,0.0187272704869112
"2872",424610.764521636,0.960669733962755,0.0173738599836565
"2873",424611.375959479,0.961067055619383,0.01651588958948
"2874",424611.987397322,0.961366798912126,0.0159472349774712
"2875",424612.598835164,0.961531908473663,0.0156289657652109
"2876",424613.210273007,0.961591277093325,0.0156817065081389
"2877",424613.82171085,0.961512941505156,0.0163288580686025
"2878",424614.433148692,0.96125049710062,0.0177558395436894
"2879",424615.044586535,0.960814783886703,0.0199870693252493
"2880",424615.656024378,0.960244687198113,0.0225801043695694
"2881",424616.26746222,0.959458552177429,0.0260119014520721
"2882",424616.878900063,0.958139627531628,0.0334204567250004
"2883",424617.490337906,0.956129617771231,0.0450748467501181
"2884",424618.101775748,0.955023374499428,0.0481605225266585
"2885",424618.713213591,0.954141363015744,0.0502832449361699
"2886",424619.324651434,0.953403875532065,0.0510550046404583
"2887",424619.936089276,0.952471939647537,0.0522618487495938
"2888",424620.547527119,0.951116256609835,0.055317855590503
"2889",424621.158964962,0.949671774505024,0.0589169518400174
"2890",424621.770402804,0.949020667926618,0.0581985785214607
"2891",424622.381840647,0.94960634984297,0.0542590353736803
"2892",424622.99327849,0.95001179235066,0.0524045294313985
"2893",424623.604716332,0.950409913870842,0.0512007778422795
"2894",424624.216154175,0.950964113391525,0.049822684575669
"2895",424624.827592018,0.95173093091421,0.0472650495249649
"2896",424625.43902986,0.952416101854987,0.0441167846926383
"2897",424626.050467703,0.952044249845478,0.0483091822728373
"2898",424626.661905546,0.951642296095029,0.0502664636668187
"2899",424627.273343388,0.95186625903288,0.0491313947592037
"2900",424627.884781231,0.952152536501977,0.0471944010027915
"2901",424628.496219074,0.951881367440403,0.0474573171996027
"2902",424629.107656916,0.951324362879792,0.0484893629277945
"2903",424629.719094759,0.95078387178013,0.0495117967424211
"2904",424630.330532602,0.950382160381009,0.0505738305261252
"2905",424630.941970444,0.948946904675439,0.0546445122822472
"2906",424631.553408287,0.947383560084672,0.0566140659251597
"2907",424632.16484613,0.946635061345483,0.0557008477736134
"2908",424632.776283972,0.946252439133094,0.0536101731119226
"2909",424633.387721815,0.946381510140117,0.0518482769315042
"2910",424633.999159658,0.946348872300305,0.0529795236820874
"2911",424634.6105975,0.946779641125634,0.0538938973982183
"2912",424635.222035343,0.947849210502557,0.0542782960436496
"2913",424635.833473186,0.948444994037874,0.0551424977027257
"2914",424636.444911028,0.948020134738652,0.0607151442972906
"2915",424637.056348871,0.947587093752896,0.0639708245861287
"2916",424637.667786714,0.94712856220055,0.0665881007675253
"2917",424638.279224557,0.94740094577925,0.0644904610433135
"2918",424638.890662399,0.947406940583738,0.0636456723634753
"2919",424639.502100242,0.946660773566827,0.0661498909357231
"2920",424640.113538084,0.946664216333015,0.0669245148695943
"2921",424640.724975927,0.946177328287508,0.0711877150369704
"2922",424641.33641377,0.946127314077926,0.0740647610822051
"2923",424641.947851613,0.945914011698724,0.0795073531991027
"2924",424642.559289455,0.946093413084623,0.0843387449132273
"2925",424643.170727298,0.947408178113343,0.0818182935697403
"2926",424643.78216514,0.950594733934037,0.0684290740684702
"2927",424644.393602983,0.953871364577232,0.0495306390473924
"2928",424645.005040826,0.955667062408,0.0421641602264696
"2929",424645.616478669,0.956966532227761,0.0379409851797528
"2930",424646.227916511,0.958187574169277,0.0334738824256396
"2931",424646.839354354,0.959402816464619,0.028037427928813
"2932",424647.450792196,0.960411768576463,0.0230654630959648
"2933",424648.062230039,0.961185652612537,0.0190633420555992
"2934",424648.673667882,0.961708341617736,0.0162233148460961
"2935",424649.285105725,0.962003495927397,0.01438306773294
"2936",424649.896543567,0.96211478026597,0.0132810226221353
"2937",424650.50798141,0.962068148135466,0.0128010416798457
"2938",424651.119419253,0.961898299535515,0.0128267611799733
"2939",424651.730857095,0.961595443530743,0.0133024495969753
"2940",424652.342294938,0.961101871934318,0.0145279894865218
"2941",424652.953732781,0.960368433125374,0.0169102045906771
"2942",424653.565170623,0.959602564470928,0.0191886205027231
"2943",424654.176608466,0.958841279295751,0.0215542938280964
"2944",424654.788046309,0.957857537981911,0.0259651137870718
"2945",424655.399484151,0.956484279837355,0.0326325373362005
"2946",424656.010921994,0.955288606911414,0.0404505593554364
"2947",424656.622359837,0.955179753205561,0.0432263824652222
"2948",424657.233797679,0.956689407121344,0.0315694383063114
"2949",424657.845235522,0.958044167482594,0.0225094607557659
"2950",424658.456673365,0.958907796863534,0.0179922987119973
"2951",424659.068111207,0.959440608878811,0.0156546077617018
"2952",424659.67954905,0.959794424804191,0.0144071507378488
"2953",424660.290986893,0.960046704746921,0.0136871026050961
"2954",424660.902424735,0.960173394393601,0.0134081435288413
"2955",424661.513862578,0.960149829171928,0.0134553164532442
"2956",424662.125300421,0.95997782364595,0.0139440386811113
"2957",424662.736738263,0.959731329666636,0.0148246481639991
"2958",424663.348176106,0.959376628771723,0.0161994376360396
"2959",424663.959613949,0.958795193123424,0.0184187496076582
"2960",424664.571051791,0.958003924959762,0.0217065519557175
"2961",424665.182489634,0.956948511925299,0.0268897091464591
"2962",424665.793927477,0.955233556407533,0.0367376046454182
"2963",424666.405365319,0.952872405808104,0.0500316559765501
"2964",424667.016803162,0.951589766302813,0.052079771984267
"2965",424667.628241005,0.951180266982126,0.0511618671321
"2966",424668.239678847,0.951095077425985,0.0489309515478413
"2967",424668.85111669,0.951129721167841,0.045642709304953
"2968",424669.462554533,0.950969060795704,0.0437427655063296
"2969",424670.073992375,0.950519875423927,0.0446618121357639
"2970",424670.685430218,0.950074089462783,0.0439456337453564
"2971",424671.296868061,0.949602797348913,0.0449448563081663
"2972",424671.908305903,0.948540812148549,0.0517203591678195
"2973",424672.519743746,0.947495952091779,0.0571521262459817
"2974",424673.131181589,0.94635060537854,0.0569150806012155
"2975",424673.742619431,0.945469023931838,0.0584623122505934
"2976",424674.354057274,0.944545107579711,0.0635084090801088
"2977",424674.965495117,0.944226675179352,0.0648276902911785
"2978",424675.576932959,0.943400062955839,0.0721927068603398
"2979",424676.188370802,0.943075673866046,0.076668939503687
"2980",424676.799808645,0.94321604604151,0.0789304716262792
"2981",424677.411246487,0.944118088209777,0.0778329910387183
"2982",424678.02268433,0.946503830177249,0.0673614577612219
"2983",424678.634122173,0.949746823682595,0.0450550911585287
"2984",424679.245560015,0.951718092372458,0.0307130211154624
"2985",424679.856997858,0.952634578109526,0.0244951824130445
"2986",424680.468435701,0.953134009048365,0.0210579322529288
"2987",424681.079873543,0.95337633601264,0.0190767119909916
"2988",424681.691311386,0.953410146139603,0.0181429502129634
"2989",424682.302749229,0.953265955545673,0.0179387767073358
"2990",424682.914187071,0.952950853770087,0.0184832537183602
"2991",424683.525624914,0.952546406443233,0.0195892602324976
"2992",424684.137062757,0.95220729845229,0.0207379885321777
"2993",424684.748500599,0.951993757683643,0.0215749952931141
"2994",424685.359938442,0.951816769936956,0.0219613875169964
"2995",424685.971376285,0.951692378682092,0.0216088442901239
"2996",424686.582814127,0.951556922782821,0.0214980385834298
"2997",424687.19425197,0.95143866037837,0.0213548750522754
"2998",424687.805689813,0.95144411740494,0.0205141822741896
"2999",424688.417127655,0.95167004013552,0.0190682559213807
"3000",424689.028565498,0.951897852795704,0.0178703635517028
"3001",424689.640003341,0.95204331119423,0.0171317143578245
"3002",424690.251441183,0.951991222671384,0.0171528555514058
"3003",424690.862879026,0.951823381292024,0.0179381990795759
"3004",424691.474316869,0.951362426717168,0.0200154906767283
"3005",424692.085754711,0.950508402700881,0.0246719363183878
"3006",424692.697192554,0.949058660776669,0.0334729761491898
"3007",424693.308630397,0.946854052636499,0.0465129925718829
"3008",424693.920068239,0.94452104458574,0.0574240712648371
"3009",424694.531506082,0.943259807193628,0.0602747555955378
"3010",424695.142943925,0.942702423293905,0.0603736619759429
"3011",424695.754381767,0.942627070377805,0.0588228789719666
"3012",424696.36581961,0.942594041445655,0.0571353297407329
"3013",424696.977257453,0.942286011118184,0.0574355869704113
"3014",424697.588695295,0.941093352994042,0.0600127841729607
"3015",424698.200133138,0.939665535035178,0.0598637699893098
"3016",424698.811570981,0.938738364487202,0.0622332996838808
"3017",424699.423008823,0.93809328186935,0.066154148021359
"3018",424700.034446666,0.938282798450947,0.0690823046980987
"3019",424700.645884509,0.940358752797357,0.0630237842048642
"3020",424701.257322351,0.943065160054598,0.0493665030035295
"3021",424701.868760194,0.944916596135502,0.041147793990335
"3022",424702.480198037,0.946272461936365,0.0363781755666771
"3023",424703.091635879,0.94724120391328,0.0335555718892568
"3024",424703.703073722,0.94813885410477,0.0306040631555957
"3025",424704.314511565,0.949106897774017,0.0268297609445527
"3026",424704.925949407,0.950049770312284,0.0214839974240555
"3027",424705.53738725,0.950652587799066,0.0181642321254438
"3028",424706.148825093,0.950800088391149,0.0173309144967224
"3029",424706.760262935,0.950674366170601,0.0176563736816361
"3030",424707.371700778,0.950506601764469,0.0180910231753891
"3031",424707.983138621,0.950503827196272,0.0177623960735833
"3032",424708.594576463,0.950418941021344,0.0172296640219423
"3033",424709.206014306,0.95010312010568,0.0174729174847537
"3034",424709.817452149,0.949590808696827,0.0185175723902349
"3035",424710.428889991,0.948899995814923,0.0202120409347278
"3036",424711.040327834,0.948002293716556,0.0228694855431992
"3037",424711.651765677,0.946855675706128,0.027089530309141
"3038",424712.263203519,0.94543348898553,0.0331462624045554
"3039",424712.874641362,0.943905846693799,0.0401989970112914
"3040",424713.486079205,0.942415125130531,0.0471598068911897
"3041",424714.097517047,0.941358759449567,0.0520717339942819
"3042",424714.70895489,0.941553604686306,0.0508141400667152
"3043",424715.320392733,0.942642992179092,0.0443850276518533
"3044",424715.931830575,0.943916708862955,0.0371119271711375
"3045",424716.543268418,0.945117115345235,0.0302362110459461
"3046",424717.154706261,0.946126944188774,0.0242921394909416
"3047",424717.766144103,0.946855719218305,0.0202210123293673
"3048",424718.377581946,0.947229877865197,0.018335597192084
"3049",424718.989019789,0.947314522814407,0.0177403486638048
"3050",424719.600457631,0.947227942594239,0.0178580958670161
"3051",424720.211895474,0.946966893377365,0.018338473703918
"3052",424720.823333317,0.946521069826809,0.0195249938538988
"3053",424721.434771159,0.945844575814476,0.0216412857597177
"3054",424722.046209002,0.945070860703588,0.0243347529906047
"3055",424722.657646845,0.944549407156481,0.0259380158624957
"3056",424723.269084687,0.944542564924596,0.0251371447136187
"3057",424723.88052253,0.944690889996622,0.0238666582950064
"3058",424724.491960373,0.944798556445348,0.0225696691417814
"3059",424725.103398215,0.945015904975301,0.0211451630348502
"3060",424725.714836058,0.945360841051433,0.0198303713982147
"3061",424726.326273901,0.945745465302032,0.0190135084183171
"3062",424726.937711743,0.946026997057002,0.0187106446646479
"3063",424727.549149586,0.946155606755392,0.0183353471148942
"3064",424728.160587429,0.946157317052508,0.0180924532873047
"3065",424728.772025271,0.946075394206398,0.0177947157120486
"3066",424729.383463114,0.945809749989822,0.0180330469676799
"3067",424729.994900957,0.94528964600006,0.0198446334179456
"3068",424730.606338799,0.944477544111748,0.0238741044474898
"3069",424731.217776642,0.9434377680846,0.031469797841485
"3070",424731.829214485,0.942827382522439,0.0374503306019973
"3071",424732.440652327,0.943273710308573,0.0330396536041672
"3072",424733.05209017,0.944301133147272,0.0251813407047736
"3073",424733.663528013,0.945177764384364,0.0203322328435183
"3074",424734.274965855,0.945825362178515,0.0173821085058138
"3075",424734.886403698,0.946284371769172,0.0157855738208787
"3076",424735.497841541,0.946591550250674,0.0148961138067877
"3077",424736.109279383,0.946800358899683,0.0143932553823665
"3078",424736.720717226,0.946870335158053,0.0145321524810835
"3079",424737.332155069,0.9468102019047,0.0151214678934605
"3080",424737.943592911,0.94665289897663,0.0159854084300801
"3081",424738.555030754,0.946327082588722,0.0168656742896687
"3082",424739.166468597,0.945804024813205,0.0183206255908294
"3083",424739.777906439,0.944973857933991,0.0214193842361878
"3084",424740.389344282,0.943519437794087,0.0288963642087344
"3085",424741.000782125,0.941162523105746,0.0430291153165698
"3086",424741.612219967,0.938396869396026,0.0564592798183882
"3087",424742.22365781,0.936809303297177,0.0595160300197481
"3088",424742.835095653,0.936442208223977,0.0575302995596485
"3089",424743.446533495,0.936859729753886,0.0540277255034832
"3090",424744.057971338,0.93728813162918,0.05262218360974
"3091",424744.669409181,0.937272849577442,0.0529762741901291
"3092",424745.280847023,0.937017794590493,0.0544931771498781
"3093",424745.892284866,0.936866320255833,0.0536009417017039
"3094",424746.503722709,0.936497759091649,0.0554873852976192
"3095",424747.115160551,0.93576835239985,0.0589609886316152
"3096",424747.726598394,0.935543127285774,0.0613338689930242
"3097",424748.338036237,0.935065082493348,0.0571891966329185
"3098",424748.949474079,0.934580242766047,0.0553035705456738
"3099",424749.560911922,0.934187879958744,0.0547693127865956
"3100",424750.172349765,0.93350842236239,0.0596078332991065
"3101",424750.783787607,0.93379296018938,0.0599489389933222
"3102",424751.39522545,0.934025332647073,0.0631335946483524
"3103",424752.006663293,0.934405041919636,0.0647454503020777
"3104",424752.618101135,0.93463529070996,0.0658409746483435
"3105",424753.229538978,0.935333832276291,0.0635829097115823
"3106",424753.840976821,0.936842015187138,0.0581277324843601
"3107",424754.452414663,0.939273332620885,0.0457731705296365
"3108",424755.063852506,0.941525539963545,0.0296633119719565
"3109",424755.675290349,0.942733520170959,0.0218178010819511
"3110",424756.286728191,0.943333213109156,0.0185837774421499
"3111",424756.898166034,0.943608575561029,0.0173576396109703
"3112",424757.509603877,0.94368480195721,0.0170542490190332
"3113",424758.12104172,0.943591497987446,0.0167002992249192
"3114",424758.732479562,0.943407733103899,0.0163937495814668
"3115",424759.343917405,0.943074746347167,0.0165886764110437
"3116",424759.955355247,0.942607611369816,0.017351637345629
"3117",424760.56679309,0.942022949048189,0.0187789935569861
"3118",424761.178230933,0.941398930863357,0.0208416863297118
"3119",424761.789668776,0.940855685704205,0.0230520473055086
"3120",424762.401106618,0.940503455146397,0.0243401821817751
"3121",424763.012544461,0.94030600609903,0.0241232232461535
"3122",424763.623982303,0.940245811150131,0.0231266961355637
"3123",424764.235420146,0.940401988617885,0.0208490687912975
"3124",424764.846857989,0.940652001428646,0.0188928611124566
"3125",424765.458295832,0.940853932643604,0.0178474016765365
"3126",424766.069733674,0.940993597659476,0.0173743831392979
"3127",424766.681171517,0.940958256223979,0.017402779502075
"3128",424767.292609359,0.940788814112605,0.017647718453238
"3129",424767.904047202,0.940482242632302,0.0180721112328951
"3130",424768.515485045,0.940017413665655,0.0189743724942034
"3131",424769.126922888,0.939355958360619,0.0203469476398596
"3132",424769.73836073,0.938455052507667,0.0227801522939492
"3133",424770.349798573,0.937089300750739,0.028473056363598
"3134",424770.961236416,0.934837766260972,0.0403349041768305
"3135",424771.572674258,0.931767329752506,0.0569843238465868
"3136",424772.184112101,0.928966109960029,0.0689316184923275
"3137",424772.795549944,0.928542955174035,0.0679560258885927
"3138",424773.406987786,0.929227264420923,0.063283425229201
"3139",424774.018425629,0.930275387077302,0.0566562233320887
"3140",424774.629863472,0.931957729675094,0.0476784113565982
"3141",424775.241301314,0.933729038438466,0.0357798076906846
"3142",424775.852739157,0.934568876456398,0.0307973480505215
"3143",424776.464177,0.934878993165665,0.0288469985875288
"3144",424777.075614842,0.934893677310759,0.0280900768534572
"3145",424777.687052685,0.934707010985133,0.0279799596775313
"3146",424778.298490528,0.934381271593836,0.0283450014795421
"3147",424778.90992837,0.933899055348569,0.0293462642768373
"3148",424779.521366213,0.933302658985935,0.0312788412011217
"3149",424780.132804056,0.932833261871843,0.0329295666333451
"3150",424780.744241898,0.9325839833092,0.0337205282439794
"3151",424781.355679741,0.932472320856674,0.0344497531029058
"3152",424781.967117584,0.932458516997074,0.0349098209838075
"3153",424782.578555426,0.932552960337616,0.033884620781249
"3154",424783.189993269,0.932758686636211,0.0324665766625159
"3155",424783.801431112,0.933015970401202,0.0313935490464511
"3156",424784.412868954,0.933405929751174,0.0302571118004085
"3157",424785.024306797,0.933861710769898,0.0291422225052774
"3158",424785.63574464,0.934029750736882,0.0290206704055708
"3159",424786.247182482,0.933995208178917,0.0294483932388878
"3160",424786.858620325,0.933737207694856,0.0306003714148901
"3161",424787.470058168,0.933143385144227,0.0329648609007847
"3162",424788.08149601,0.932275556544471,0.0362199120640781
"3163",424788.692933853,0.931020898148978,0.0413210489425672
"3164",424789.304371696,0.928514712831559,0.056642709389636
"3165",424789.915809538,0.925809444341088,0.0700046661501327
"3166",424790.527247381,0.924756805996327,0.0755656404673505
"3167",424791.138685224,0.925461547734725,0.07672850306612
"3168",424791.750123066,0.926282757730647,0.0706568896510427
"3169",424792.361560909,0.927573727454139,0.0642968321762661
"3170",424792.972998752,0.929981790921623,0.0543813043844686
"3171",424793.584436594,0.932802132154329,0.0374809367210743
"3172",424794.195874437,0.934469919232056,0.0297071556998259
"3173",424794.80731228,0.935400869391456,0.0265255480117995
"3174",424795.418750122,0.935991039236032,0.0245998065984037
"3175",424796.030187965,0.93635191552613,0.0234614589163745
"3176",424796.641625808,0.936476692562213,0.0230169175818376
"3177",424797.25306365,0.936475944223643,0.0228046073129731
"3178",424797.864501493,0.936271670808832,0.023294562961731
"3179",424798.475939336,0.936000382746796,0.0243059110609986
"3180",424799.087377178,0.935784757209438,0.0256026844129604
"3181",424799.698815021,0.935659048742362,0.0269582235045218
"3182",424800.310252864,0.935731583038395,0.027450639290265
"3183",424800.921690706,0.935961180133716,0.0268546176794699
"3184",424801.533128549,0.936257586485309,0.0261291686537723
"3185",424802.144566392,0.93658482507294,0.0253629115907858
"3186",424802.756004234,0.937050028352469,0.0237881323653083
"3187",424803.367442077,0.937576917906866,0.0220520804179233
"3188",424803.97887992,0.938104383314173,0.0207839954168396
"3189",424804.590317762,0.938514728184173,0.02003423938505
"3190",424805.201755605,0.938721784318449,0.0198771434073526
"3191",424805.813193448,0.938825384252435,0.0201524716740197
"3192",424806.42463129,0.938637014606144,0.021264989439298
"3193",424807.036069133,0.938227462462786,0.023268070925537
"3194",424807.647506976,0.937786973650773,0.0253080279963664
"3195",424808.258944818,0.936967376732592,0.0295744594816462
"3196",424808.870382661,0.935286720315902,0.0404225886435503
"3197",424809.481820504,0.932300519967745,0.0602861530650651
"3198",424810.093258346,0.929847249571561,0.0706155689389978
"3199",424810.704696189,0.92902675641745,0.071459322120268
"3200",424811.316134032,0.929352068326729,0.0662235354373718
"3201",424811.927571874,0.930261077875486,0.0598547614914805
"3202",424812.539009717,0.931214168674258,0.0561613207338562
"3203",424813.15044756,0.931871908374742,0.0565807495021296
"3204",424813.761885402,0.932662205991794,0.0557567922067211
"3205",424814.373323245,0.933563820692476,0.0542866827883484
"3206",424814.984761088,0.933351832103352,0.0572050349999587
"3207",424815.59619893,0.933305102622556,0.0571327210794366
"3208",424816.207636773,0.933417944700104,0.0565585999241717
"3209",424816.819074616,0.933756061620581,0.0543552976362457
"3210",424817.430512458,0.934030437784876,0.0512372534566994
"3211",424818.041950301,0.932923724174257,0.0567420285923425
"3212",424818.653388144,0.932184629919706,0.0575458733171224
"3213",424819.264825986,0.932612904255877,0.0544455355414688
"3214",424819.876263829,0.933405755441718,0.050855868158144
"3215",424820.487701672,0.934194415072577,0.048950665688746
"3216",424821.099139514,0.93511806605086,0.0451728585889765
"3217",424821.710577357,0.935819461817875,0.038134412226062
"3218",424822.3220152,0.936195273720815,0.0350315355312125
"3219",424822.933453042,0.936198545167109,0.0352505747802199
"3220",424823.544890885,0.936270441780405,0.0358327800945613
"3221",424824.156328728,0.936365343686682,0.0358574452160179
"3222",424824.76776657,0.93616443535065,0.0369226996338712
"3223",424825.379204413,0.935733739764104,0.0399973818052268
"3224",424825.990642256,0.935343613556996,0.0426514493559948
"3225",424826.602080098,0.935616385143998,0.0429137592545586
"3226",424827.213517941,0.93650587907914,0.0411393620399237
"3227",424827.824955784,0.93748533487328,0.0393550874941709
"3228",424828.436393626,0.938302596317161,0.0390818892490643
"3229",424829.047831469,0.939079527439835,0.0383570910116971
"3230",424829.659269312,0.939616582737175,0.0381735936085273
"3231",424830.270707154,0.939949722885034,0.0388418216624393
"3232",424830.882144997,0.940193211471351,0.0405122470182386
"3233",424831.49358284,0.940477325552729,0.0423556900774368
"3234",424832.105020682,0.941168508887185,0.0424491027808616
"3235",424832.716458525,0.942601556042071,0.0386571889616123
"3236",424833.327896368,0.944257612973731,0.0314652408453793
"3237",424833.93933421,0.945647634837104,0.0254176549890352
"3238",424834.550772053,0.946655496505313,0.0211525334399772
"3239",424835.162209896,0.947401552194838,0.0186620513089985
"3240",424835.773647738,0.947936567654385,0.0173003398730445
"3241",424836.385085581,0.948244525817348,0.0165847230709458
"3242",424836.996523424,0.948355634537138,0.0163558737789459
"3243",424837.607961266,0.948437995023316,0.0163888417906415
"3244",424838.219399109,0.948412125085659,0.0167537279263235
"3245",424838.830836952,0.948208417532061,0.0176120902026571
"3246",424839.442274794,0.947933803367554,0.019169193832651
"3247",424840.053712637,0.947591659153363,0.0215974255338888
"3248",424840.66515048,0.947359252224169,0.0246564405379029
"3249",424841.276588322,0.947635805614403,0.0256092428940703
"3250",424841.888026165,0.948205823279057,0.0237832855196332
"3251",424842.499464008,0.948906299983908,0.0213442440100535
"3252",424843.11090185,0.949661153286438,0.0192944529828376
"3253",424843.722339693,0.950291422151839,0.0180408615572439
"3254",424844.333777536,0.950822552121944,0.0174053576225158
"3255",424844.945215378,0.95123288531714,0.0172072537939914
"3256",424845.556653221,0.951501153732979,0.0173654917777635
"3257",424846.168091064,0.951629549668472,0.0177683804650508
"3258",424846.779528906,0.951656742718837,0.0184685225406088
"3259",424847.390966749,0.951536003922635,0.019540958028997
"3260",424848.002404592,0.951261888194186,0.021263045474609
"3261",424848.613842434,0.950688714114193,0.0241669882267435
"3262",424849.225280277,0.94974901300259,0.0291110819775203
"3263",424849.83671812,0.948185265586808,0.0389131091507444
"3264",424850.448155962,0.945581849730351,0.0561487548427798
"3265",424851.059593805,0.943702564364107,0.0635347262979074
"3266",424851.671031648,0.943175304199596,0.0644130800375713
"3267",424852.28246949,0.94297862452171,0.0634983468132896
"3268",424852.893907333,0.943144139551185,0.0603783616535223
"3269",424853.505345176,0.943209532517299,0.0591006568437888
"3270",424854.116783018,0.943081448193865,0.0588820753897335
"3271",424854.728220861,0.942555552721001,0.0605826961411129
"3272",424855.339658704,0.942517276752804,0.0590701773524972
"3273",424855.951096546,0.941637496015269,0.0598074369035097
"3274",424856.562534389,0.940294658242155,0.0609606759817847
"3275",424857.173972232,0.939563368137092,0.0601224996612234
"3276",424857.785410074,0.939509188750562,0.0575245080685343
"3277",424858.396847917,0.940272693397317,0.053069082858509
"3278",424859.00828576,0.940790102825103,0.052284733705697
"3279",424859.619723602,0.941303604801496,0.0513502480946312
"3280",424860.231161445,0.942555731756825,0.0481613719842755
"3281",424860.842599288,0.94348168760359,0.046363810701216
"3282",424861.45403713,0.944001252877619,0.0456833986238072
"3283",424862.065474973,0.944300215440525,0.0455975557246283
"3284",424862.676912816,0.944639217445133,0.0444724096308424
"3285",424863.288350658,0.944782208878146,0.044143106665916
"3286",424863.899788501,0.944733272060587,0.0445245132070239
"3287",424864.511226344,0.94441497890585,0.0450756649984903
"3288",424865.122664186,0.944457669303722,0.0444217625135182
"3289",424865.734102029,0.944129539263964,0.0456407375248634
"3290",424866.345539872,0.944003628463094,0.0452214697390225
"3291",424866.956977714,0.943849328338807,0.0450607055166749
"3292",424867.568415557,0.943322501795327,0.0463655472484324
"3293",424868.1798534,0.94287022838376,0.0461628966825303
"3294",424868.791291242,0.942627550315128,0.0453191984417953
"3295",424869.402729085,0.941844696069574,0.0471826988900218
"3296",424870.014166928,0.940776907762822,0.0493156425423644
"3297",424870.62560477,0.940014396655512,0.0506026597399903
"3298",424871.237042613,0.939333505828175,0.050761381833985
"3299",424871.848480456,0.938305101865144,0.0525690194147346
"3300",424872.459918298,0.936804314323292,0.0561556823524358
"3301",424873.071356141,0.936002764795952,0.0587963701093474
