Depth comp r [rmcd],Grey
140.38,347.692628
140.39,329.696719
140.4,316.7849
140.41,332.851093
140.42,327.738504
140.43,297.622651
140.44,295.856159
140.45,320.403397
140.46,351.064421
140.47,365.814038
140.48,367.242281
140.49,391.541494
140.5,400.570242
140.51,436.762457
140.52,433.557466
140.53,420.563744
140.54,417.895729
140.55,425.716198
140.56,421.131125
140.57,421.70731
140.58,415.36062
140.59,400.657626
140.6,388.776611
140.61,394.620147
140.62,387.290095
140.63,385.356335
140.64,376.281611
140.65,365.076784
140.66,356.706214
140.67,354.930345
140.68,354.712947
140.69,336.444938
140.7,351.066482
140.71,345.830263
140.72,347.497766
140.73,352.333614
140.74,353.046906
140.75,358.645393
140.76,366.369668
140.77,380.422793
140.78,381.358133
140.79,384.37093
140.8,362.465022
140.81,373.150998
140.82,372.544475
140.83,383.597668
140.84,377.534137
140.85,369.565966
140.86,375.209357
140.87,373.281376
140.88,368.011844
140.89,368.312303
140.9,370.457723
140.91,380.255543
140.92,378.132339
140.93,379.730918
140.94,375.540749
140.95,383.347003
140.96,376.920983
140.97,382.274866
140.98,380.873547
140.99,373.475297
141,381.341617
141.01,384.245554
141.02,372.63347
141.03,374.526643
141.04,371.238909
141.05,361.484741
141.06,358.650803
141.07,368.727134
141.08,361.044973
141.09,363.999634
141.1,376.766834
141.11,386.796154
141.12,396.735155
141.13,405.375063
141.14,418.407882
141.15,412.498151
141.16,423.489619
141.17,418.202629
141.18,416.793551
141.19,417.651628
141.2,411.450982
141.21,399.125941
141.22,388.488395
141.23,402.424954
141.24,394.419772
141.25,389.958014
141.26,376.913875
141.27,386.683218
141.28,382.377867
141.29,377.459952
141.3,373.742018
141.31,373.126252
141.32,375.76232
141.33,359.681085
141.34,374.947713
141.35,371.909334
141.36,367.556131
141.37,374.411764
141.38,368.672491
141.39,361.618919
141.4,358.322809
141.41,365.655982
141.42,378.821294
141.43,392.202519
141.44,381.780379
141.45,395.260951
141.46,403.458909
141.47,410.801763
141.48,418.298131
141.49,425.347589
141.5,419.43264
141.51,405.478674
141.52,407.196625
141.53,399.62519
141.54,415.93543
141.55,431.589044
141.56,430.295294
141.57,442.666954
141.58,465.22097
141.59,450.426411
141.6,457.544709
141.61,481.823861
141.62,476.999131
141.63,474.555077
141.64,496.976251
141.65,515.5085
141.66,507.588775
141.67,500.735612
141.68,517.024843
141.69,517.60875
141.7,521.067734
141.71,514.255699
141.72,487.790231
141.73,462.862115
141.74,457.073452
141.75,447.185293
141.76,426.759388
141.77,426.967885
141.78,393.889678
141.79,399.94117
141.8,382.897106
141.81,371.781873
141.82,366.673047
141.83,362.192755
141.84,359.345329
141.85,356.051025
141.86,350.224824
141.87,341.497729
141.88,357.091568
141.89,330.193364
141.9,316.72826
141.91,306.569837
141.92,306.771434
141.93,310.673769
141.94,316.228376
141.95,316.65409
141.96,318.394421
141.97,316.669672
141.98,307.0875
141.99,308.830187
142,314.021889
142.01,317.356783
142.02,321.828085
142.03,332.695211
142.04,313.376832
142.05,336.827886
142.06,337.534295
142.07,331.596067
142.08,327.39311
142.09,333.529253
142.1,342.380519
142.11,338.200787
142.12,345.216445
142.13,356.523656
142.14,358.415756
142.15,360.075751
142.16,376.176282
142.17,391.02048
142.18,380.977397
142.19,389.972137
142.2,399.866049
142.21,399.633888
142.22,418.035327
142.23,431.751741
142.24,422.062088
142.25,426.87206
142.26,427.633601
142.27,408.67513
142.28,426.051419
142.29,413.432147
142.3,405.598113
142.31,395.28839
142.32,378.300149
142.33,392.481798
142.34,392.249475
142.35,399.060586
142.36,401.411773
142.37,407.419972
142.38,396.54633
142.39,409.847673
142.4,428.897881
142.41,436.614067
142.42,424.835859
142.43,403.032657
142.44,416.171806
142.45,418.462381
142.46,402.959379
142.47,410.676019
142.48,393.768288
142.49,394.811097
142.5,389.528572
142.51,387.843102
142.52,392.586702
142.53,384.793888
142.54,388.118593
142.55,385.509249
142.56,374.39588
142.57,359.822786
142.58,362.000825
142.59,350.073053
142.6,351.934269
142.61,357.542643
142.62,357.114036
142.63,353.340032
142.64,369.141672
142.65,379.154146
142.66,379.760306
142.67,378.29496
142.68,383.955774
142.69,376.812728
142.7,359.816962
142.71,376.959049
142.72,370.411486
142.73,383.756284
142.74,376.300296
142.75,400.618709
142.76,419.538446
142.77,420.22691
142.78,418.377446
142.79,423.867611
142.8,421.306445
142.81,412.220313
142.82,430.745228
142.83,436.618721
142.84,443.336186
142.85,449.840788
142.86,451.112833
142.87,451.377218
142.88,454.996787
142.89,440.826955
142.9,449.159625
142.91,442.129851
142.92,437.549724
142.93,446.602347
142.94,462.896971
142.95,460.460451
142.96,451.056545
142.97,452.748246
142.98,444.671038
142.99,438.896979
143,454.697544
143.01,429.724263
143.02,412.949594
143.03,447.339055
143.04,439.127734
143.05,440.917434
143.06,429.351041
143.07,416.736734
143.08,401.037522
143.09,387.734503
143.1,383.911416
143.11,391.928573
143.12,392.698172
143.13,392.133257
143.14,385.531982
143.15,378.779016
143.16,367.938856
143.17,375.061056
143.18,383.335506
143.19,372.338966
143.2,386.355706
143.21,399.155516
143.22,394.205501
143.23,358.332427
143.24,360.549752
143.25,362.486359
143.26,363.694395
143.27,364.51623
143.28,366.929364
143.29,378.468474
143.3,380.818465
143.31,375.178107
143.32,372.061417
143.33,370.159721
143.34,376.116564
143.35,381.147027
143.36,368.025873
143.37,384.417168
143.38,382.476883
143.39,390.281434
143.4,396.523894
143.41,403.537374
143.42,393.255515
143.43,401.891257
143.44,409.113256
143.45,408.483471
143.46,400.668788
143.47,414.651292
143.48,413.031434
143.49,414.0754
143.5,422.535879
143.51,427.623168
143.52,433.668901
143.53,428.150816
143.54,429.266893
143.55,425.831948
143.56,421.014076
143.57,418.172832
143.58,408.236329
143.59,403.1517
143.6,402.646518
143.61,401.934638
143.62,398.810888
143.63,412.785088
143.64,429.523107
143.65,408.694157
143.66,424.078484
143.67,427.234372
143.68,398.465544
143.69,397.41769
143.7,403.226602
143.71,398.455547
143.72,401.351271
143.73,408.50647
143.74,400.298346
143.75,388.757964
143.76,399.818319
143.77,394.977424
143.78,396.167184
143.79,399.486219
143.8,385.178538
143.81,388.151752
143.82,380.170963
143.83,377.206375
143.84,380.272059
143.85,381.286976
143.86,377.111344
143.87,372.912708
143.88,382.137409
143.89,387.055823
143.9,384.672547
143.91,385.358494
143.92,382.554447
143.93,390.609133
143.94,374.604708
143.95,377.151896
143.96,388.985036
143.97,382.893376
143.98,383.683461
143.99,409.192409
144,421.649398
144.01,434.485242
144.02,422.251059
144.03,414.030697
144.04,437.822115
144.05,440.251399
144.06,442.217108
144.07,426.36186
144.08,439.506973
144.09,430.032826
144.1,424.853115
144.11,416.945803
144.12,412.957939
144.13,420.872994
144.14,411.190195
144.15,407.328739
144.16,398.961476
144.17,391.821947
144.18,380.211789
144.19,391.062319
144.2,375.110932
144.21,367.397193
144.22,362.270478
144.23,356.194739
144.24,356.028085
144.25,349.583062
144.26,339.198137
144.27,342.491971
144.28,332.939701
144.29,329.118566
144.3,332.942124
144.31,335.086618
144.32,329.257911
144.33,337.531929
144.34,343.994744
144.35,349.023546
144.36,358.891714
144.37,361.595656
144.38,353.275858
144.39,341.179265
144.4,345.584406
144.41,349.64885
144.42,342.039725
144.43,332.100456
144.44,327.566035
144.45,326.219316
144.46,323.906803
144.47,312.390987
144.48,318.537136
144.49,320.438473
144.5,324.430086
144.51,338.160024
144.52,346.086592
144.53,370.656494
144.54,380.281484
144.55,380.889257
144.56,378.8091
144.57,391.201914
144.58,387.527666
144.59,398.147886
144.6,402.535788
144.61,409.223384
144.62,400.592214
144.63,408.00823
144.64,412.808885
144.65,421.200182
144.66,429.484091
144.67,417.850141
144.68,442.697381
144.69,449.431751
144.7,458.271253
144.71,469.451611
144.72,482.308698
144.73,482.545092
144.74,520.374568
144.75,517.672658
144.76,511.428739
144.77,519.865792
144.78,511.459474
144.79,494.707889
144.8,480.894369
144.81,467.213882
144.82,459.661688
144.83,459.199634
144.84,452.116467
144.85,454.358249
144.86,452.176051
144.87,429.227937
144.88,422.17752
144.89,421.625959
144.9,425.598997
144.91,420.57631
144.92,409.211565
144.93,390.351889
144.94,397.559354
144.95,406.542741
144.96,396.625589
144.97,384.973957
144.98,380.502659
144.99,379.853183
145,364.774601
145.01,345.080699
145.02,350.052939
145.03,349.91076
145.04,347.337418
145.05,346.508778
145.06,352.459622
145.07,349.214637
145.08,352.980301
145.09,366.771579
145.1,375.269723
145.11,386.5762
145.12,400.81853
145.13,409.661758
145.14,411.450984
145.15,406.302694
145.16,396.610615
145.17,419.329147
145.18,426.83778
145.19,431.015471
145.2,439.604378
145.21,440.395151
145.22,447.921528
145.23,462.946398
145.24,447.414695
145.25,465.453941
145.26,472.881093
145.27,458.449854
145.28,456.866208
145.29,460.106262
145.3,443.835244
145.31,452.479617
145.32,442.046632
145.33,454.317742
145.34,456.46018
145.35,448.764533
145.36,430.190209
145.37,453.5928
145.38,446.901099
145.39,441.724907
145.4,408.800838
145.41,435.883255
145.42,425.259674
145.43,422.346698
145.44,418.572423
145.45,414.261987
145.46,402.849647
145.47,421.092014
145.48,405.749817
145.49,397.658137
145.5,392.019097
145.51,397.294994
145.52,391.979021
145.53,389.466701
145.54,387.913047
145.55,383.518579
145.56,380.902828
145.57,392.360841
145.58,391.849146
145.59,399.379486
145.6,406.859959
145.61,398.855727
145.62,409.695053
145.63,411.692639
145.64,419.562117
145.65,417.25959
145.66,408.972162
145.67,422.41093
145.68,430.76058
145.69,444.238444
145.7,452.539947
145.71,429.902438
145.72,460.195203
145.73,453.258027
145.74,464.517655
145.75,481.400994
145.76,476.403364
145.77,461.217589
145.78,481.456864
145.79,474.327851
145.8,489.017906
145.81,488.059759
145.82,486.56816
145.83,475.840678
145.84,495.365324
145.85,491.567159
145.86,492.751261
145.87,500.120512
145.88,481.2044
145.89,489.189882
145.9,482.258939
145.91,462.24508
145.92,477.111785
145.93,488.059515
145.94,477.673116
145.95,488.774842
145.96,489.47706
145.97,456.492251
145.98,469.262195
145.99,465.901925
146,460.110819
146.01,477.30474
146.02,463.524199
146.03,460.61999
146.04,456.153863
146.05,429.561237
146.06,442.394872
146.07,433.351999
146.08,423.06772
146.09,424.798953
146.1,431.052905
146.11,427.971021
146.12,441.15275
146.13,437.4873
146.14,439.777467
146.15,449.70164
146.16,462.439776
146.17,469.670773
146.18,477.756393
146.19,484.328795
146.2,495.635031
146.21,510.277938
146.22,504.675573
146.23,483.13126
146.24,488.18134
146.25,504.480644
146.26,495.399925
146.27,499.675979
146.28,509.557586
146.29,513.524215
146.3,512.565389
146.31,501.30928
146.32,500.72943
146.33,495.233682
146.34,486.257017
146.35,496.315326
146.36,490.024816
146.37,490.965379
146.38,486.888355
146.39,484.00142
146.4,476.567606
146.41,458.544703
146.42,449.926303
146.43,474.721381
146.44,468.793063
146.45,462.95718
146.46,459.935884
146.47,449.513309
146.48,453.619824
146.49,461.284479
146.5,457.885348
146.51,469.407249
146.52,475.314378
146.53,471.527189
146.54,481.553496
146.55,475.238095
146.56,477.673205
146.57,485.416678
146.58,465.676583
146.59,468.851287
146.6,458.342098
146.61,466.841876
146.62,475.235855
146.63,459.63621
146.64,455.986781
146.65,436.226878
146.66,435.963705
146.67,432.115099
146.68,433.508132
146.69,429.784049
146.7,413.315606
146.71,419.253416
146.72,433.429836
146.73,426.033409
146.74,436.514991
146.75,440.234835
146.76,441.87769
146.77,432.846577
146.78,453.156437
146.79,448.530561
146.8,454.998129
146.81,453.941966
146.82,465.29382
146.83,468.579679
146.84,460.131036
146.85,458.903123
146.86,462.574315
146.87,449.223106
146.88,415.050666
146.89,424.704092
146.9,427.19464
146.91,438.103077
146.92,431.650917
146.93,422.91472
146.94,409.298594
146.95,398.523904
146.96,407.553254
146.97,407.381255
146.98,400.67866
146.99,402.189583
147,417.008817
147.01,434.591773
147.02,424.397842
147.03,438.343505
147.04,449.665633
147.05,456.165838
147.06,452.430334
147.07,448.434495
147.08,452.17216
147.09,450.154305
147.1,446.092635
147.11,432.739453
147.12,396.557319
147.13,408.642136
147.14,402.455198
147.15,386.692337
147.16,383.386119
147.17,387.115309
147.18,393.391849
147.19,389.192217
147.2,380.841234
147.21,380.711881
147.22,373.531217
147.23,354.383963
147.24,348.327211
147.25,356.174286
147.26,361.78273
147.27,352.801587
147.28,331.264023
147.29,325.325446
147.3,333.439012
147.31,338.87893
147.32,343.85032
147.33,331.370741
147.34,341.20259
147.35,340.067686
147.36,347.683088
147.37,357.77776
147.38,373.395149
147.39,377.348921
147.4,384.690993
147.41,392.783872
147.42,399.375359
147.43,397.340925
147.44,413.132866
147.45,443.246967
147.46,452.779203
147.47,459.584422
147.48,464.201895
147.49,463.039929
147.5,489.126984
147.51,493.140394
147.52,505.245891
147.53,501.064969
147.54,499.743123
147.55,511.441235
147.56,518.168315
147.57,496.846576
147.58,519.866335
147.59,527.890011
147.6,527.619136
147.61,538.429391
147.62,530.795034
147.63,557.140794
147.64,549.235334
147.65,542.858657
147.66,550.697143
147.67,570.911656
147.68,561.788607
147.69,563.826911
147.7,562.558994
147.71,552.802998
147.72,513.915682
147.73,490.234358
147.74,493.584278
147.75,485.174858
147.76,473.270642
147.77,464.504402
147.78,457.708663
147.79,445.402348
147.8,423.001929
147.81,427.983445
147.82,416.999262
147.83,426.090339
147.84,422.03403
147.85,407.884316
147.86,412.981887
147.87,421.46672
147.88,411.553989
147.89,426.357844
147.9,410.89528
147.91,418.671186
147.92,426.91857
147.93,417.890914
147.94,420.408955
147.95,416.915608
147.96,414.4341
147.97,411.221304
147.98,415.003405
147.99,403.080016
148,382.114043
148.01,397.710705
148.02,401.777188
148.03,419.047433
148.04,398.893324
148.05,417.546735
148.06,442.100866
148.07,434.40123
148.08,424.517672
148.09,422.574274
148.1,415.142959
148.11,422.160626
148.12,418.049643
148.13,422.419039
148.14,421.362478
148.15,404.97774
148.16,421.881087
148.17,402.000038
148.18,424.784831
148.19,429.214876
148.2,428.20807
148.21,433.683385
148.22,429.5845
148.23,443.600642
148.24,448.614271
148.25,425.830718
148.26,436.510092
148.27,436.593119
148.28,436.904031
148.29,430.294316
148.3,414.073085
148.31,426.517942
148.32,426.500107
148.33,429.09496
148.34,419.927629
148.35,404.787761
148.36,422.127326
148.37,398.32181
148.38,396.332649
148.39,387.032406
148.4,375.690872
148.41,367.31432
148.42,372.420479
148.43,356.940963
148.44,355.784944
148.45,349.027006
148.46,353.357097
148.47,350.919572
148.48,347.108086
148.49,336.031341
148.5,350.375116
148.51,360.347215
148.52,369.034724
148.53,364.004294
148.54,375.745668
148.55,375.167432
148.56,365.75656
148.57,367.889663
148.58,358.192747
148.59,336.370016
148.6,358.542718
148.61,351.575134
148.62,346.418535
148.63,349.503797
148.64,348.01291
148.65,345.903654
148.66,349.178541
148.67,356.949315
148.68,358.470677
148.69,354.779102
148.7,357.590288
148.71,371.051909
148.72,367.852299
148.73,371.810674
148.74,383.391925
148.75,380.678587
148.76,394.895929
148.77,401.462923
148.78,402.739967
148.79,409.008396
148.8,419.151317
148.81,429.410214
148.82,442.613242
148.83,466.362763
148.84,477.734385
148.85,466.748185
148.86,459.694039
148.87,480.873116
148.88,475.829956
148.89,479.889141
148.9,470.20783
148.91,496.26178
148.92,499.593191
148.93,505.113056
148.94,515.601127
148.95,492.769687
148.96,490.608298
148.97,501.838841
148.98,485.177942
148.99,488.008146
149,485.989035
149.01,478.05246
149.02,475.017197
149.03,501.28385
149.04,514.461027
149.05,495.910584
149.06,469.214453
149.07,491.29617
149.08,506.465401
149.09,505.000097
149.1,489.827778
149.11,486.664983
149.12,473.67752
149.13,497.859542
149.14,506.858279
149.15,501.810285
149.16,514.129657
149.17,521.685258
149.18,520.523164
149.19,518.230178
149.2,520.000198
149.21,528.143048
149.22,525.910063
149.23,465.029597
149.24,482.85906
149.25,488.119846
149.26,480.481709
149.27,477.326729
149.28,474.590828
149.29,464.554625
149.3,471.812564
149.31,478.74103
149.32,475.327573
149.33,474.385922
149.34,489.541299
149.35,481.739498
149.36,486.215477
149.37,489.412442
149.38,484.767108
149.39,484.497523
149.4,492.900274
149.41,489.779265
149.42,480.158838
149.43,472.747575
149.44,486.622008
149.45,496.447345
149.46,498.882821
149.47,489.665028
149.48,463.68899
149.49,466.827867
149.5,468.372568
149.51,439.502017
149.52,424.654786
149.53,413.204906
149.54,409.423603
149.55,416.15841
149.56,422.680496
149.57,391.204006
149.58,404.953368
149.59,400.444291
149.6,390.069336
149.61,381.032465
149.62,377.958684
149.63,362.103876
149.64,356.065265
149.65,348.898291
149.66,343.98227
149.67,337.644256
149.68,324.763191
149.69,313.534686
149.7,316.379778
149.71,311.715462
149.72,308.611098
149.73,298.367606
149.74,288.606625
149.74,346.389165
149.75,352.328745
149.76,372.855992
149.77,388.147753
149.78,409.434473
149.79,429.849197
149.8,443.037761
149.81,363.906659
149.82,466.574045
149.83,519.154077
149.84,502.339316
149.85,497.466228
149.86,489.579633
149.87,488.779422
149.88,486.908523
149.89,476.343272
149.9,473.994976
149.91,467.189114
149.92,465.388186
149.93,452.788122
149.94,418.021645
149.95,433.586501
149.96,426.732802
149.97,423.031211
149.98,407.782777
149.99,398.430258
150,417.293692
150.01,413.49482
150.02,416.93406
150.03,419.876966
150.04,422.662419
150.05,442.788981
150.06,446.322167
150.07,453.887332
150.08,470.808507
150.09,475.324935
150.1,484.927818
150.11,465.624928
150.12,467.490783
150.13,459.875152
150.14,454.870373
150.15,468.017494
150.16,456.950385
150.17,452.497787
150.18,461.379672
150.19,464.284623
150.2,471.093471
150.21,465.800899
150.22,467.116899
150.23,466.248764
150.24,465.031541
150.25,467.26321
150.26,467.186504
150.27,461.364061
150.28,464.190817
150.29,452.477978
150.3,464.444169
150.31,468.144365
150.32,460.753419
150.33,455.656598
150.34,459.710135
150.35,464.185602
150.36,478.467581
150.37,480.54252
150.38,446.975177
150.39,441.788045
150.4,463.894568
150.41,462.679483
150.42,451.226834
150.43,447.731744
150.44,438.07357
150.45,419.838416
150.46,413.219774
150.47,401.982456
150.48,410.904457
150.49,417.968158
150.5,418.341939
150.51,430.128621
150.52,420.417092
150.53,412.112682
150.54,413.828577
150.55,405.434152
150.56,425.065746
150.57,434.819321
150.58,436.469532
150.59,431.76766
150.6,459.186123
150.61,470.661648
150.62,444.203946
150.63,466.117512
150.64,449.131427
150.65,454.421761
150.66,439.104992
150.67,434.075211
150.68,435.196995
150.69,411.130727
150.7,411.27604
150.71,408.640533
150.72,390.758174
150.73,375.685612
150.74,399.73454
150.75,407.370359
150.76,404.398901
150.77,395.217205
150.78,401.492306
150.79,403.127997
150.8,373.467771
150.81,401.54769
150.82,401.868013
150.83,402.31021
150.84,396.504659
150.85,383.329645
150.86,403.646187
150.87,406.328691
150.88,409.079919
150.89,381.280527
150.9,413.309015
150.91,404.654297
150.92,386.928705
150.93,385.521179
150.94,351.206002
150.95,388.118207
150.96,383.718223
150.97,384.801864
150.98,369.58475
150.99,384.229176
151,369.050734
151.01,382.447674
151.02,383.610016
151.03,384.591162
151.04,344.208805
151.05,372.716486
151.06,347.061002
151.07,323.160808
151.08,327.376985
151.09,340.306074
151.1,354.877205
151.11,363.493432
151.12,369.886769
151.13,374.285331
151.14,375.689186
151.15,396.621292
151.16,397.78282
151.17,422.774685
151.18,429.861696
151.19,426.237447
151.2,389.00433
151.21,454.24433
151.22,460.362412
151.23,399.749645
151.24,457.788107
151.25,453.604733
151.26,454.859289
151.27,419.324929
151.28,452.855622
151.29,461.321454
151.3,461.441491
151.31,463.778934
151.32,461.098788
151.33,440.740898
151.34,445.14126
151.35,470.158597
151.36,439.176543
151.37,461.197964
151.38,455.448345
151.39,461.684911
151.4,406.825994
151.41,439.913807
151.42,457.11958
151.43,426.827819
151.44,446.007637
151.45,448.944313
151.46,441.899169
151.47,454.811519
151.48,455.299047
151.49,463.248136
151.5,399.068368
151.51,448.508998
151.52,431.409638
151.53,420.804927
151.54,416.017412
151.55,428.435089
151.56,435.252682
151.57,433.669588
151.58,435.707076
151.59,396.548368
151.6,387.336058
151.61,432.011454
151.62,435.057302
151.63,435.450335
151.64,425.361082
151.65,435.422284
151.66,433.448465
151.67,420.753376
151.68,437.455606
151.69,447.083619
151.7,448.834136
151.71,413.201645
151.72,424.361195
151.73,446.586155
151.74,452.01095
151.75,458.31916
151.76,458.851063
151.77,476.462132
151.78,478.47357
151.79,484.444167
151.8,476.81811
151.81,488.386414
151.82,510.780274
151.83,522.484814
151.84,533.163166
151.85,529.63084
151.86,518.886462
151.87,546.675038
151.88,502.823473
151.89,491.734877
151.9,536.005367
151.91,499.722391
151.92,479.903226
151.93,471.09649
151.94,476.345939
151.95,478.965059
151.96,499.135579
151.97,541.879305
151.98,567.261765
151.99,588.63962
152,637.545071
152.01,622.434421
152.02,589.127825
152.03,534.740873
152.04,458.813141
152.05,455.120247
152.06,442.773586
152.07,431.221858
152.08,430.292011
152.09,458.336573
152.1,470.501063
152.11,448.185617
152.12,413.175474
152.13,469.451347
152.14,474.387518
152.15,483.461044
152.16,478.345066
152.17,476.01219
152.18,473.374896
152.19,469.821919
152.2,429.467571
152.21,457.380588
152.22,443.185422
152.23,439.341651
152.24,442.003565
152.25,436.50556
152.26,434.403435
152.27,443.6461
152.28,408.124175
152.29,446.200065
152.3,443.74093
152.31,447.368786
152.32,443.18822
152.33,426.937761
152.34,403.787419
152.35,425.970019
152.36,431.066529
152.37,443.295844
152.38,433.099924
152.39,428.038104
152.4,405.540152
152.41,422.080808
152.42,431.908444
152.43,428.579583
152.44,441.796906
152.45,427.843378
152.46,453.782704
152.47,458.239639
152.48,455.531157
152.49,445.259751
152.5,436.343947
152.51,450.460219
152.52,454.135351
152.53,466.633795
152.54,474.109578
152.55,470.820759
152.56,479.567228
152.57,486.709962
152.58,483.79074
152.59,496.83825
152.6,472.200759
152.61,496.606636
152.62,506.090778
152.63,553.437476
152.64,546.616315
152.65,539.680645
152.66,490.511778
152.67,533.051973
152.68,550.060721
152.69,552.436395
152.7,513.228311
152.71,536.142679
152.72,535.906774
152.73,513.936116
152.74,542.574364
152.75,513.535256
152.76,463.305733
152.77,502.796091
152.78,480.140072
152.79,469.937761
152.8,460.22556
152.81,457.180821
152.82,446.915313
152.83,444.916911
152.84,446.225104
152.85,376.407666
152.86,433.936116
152.87,431.713833
152.88,416.258065
152.89,413.602694
152.9,415.104023
152.91,363.930079
152.92,404.931746
152.93,404.134207
152.94,415.727021
152.95,399.427635
152.96,409.660835
152.97,411.86148
152.98,413.245127
152.99,410.865958
153,412.795047
153.01,411.312581
153.02,372.083378
153.03,431.260173
153.04,424.818254
153.05,419.444962
153.06,412.510323
153.07,414.491518
153.08,379.518851
153.09,423.415598
153.1,438.101528
153.11,433.001803
153.12,468.514668
153.13,474.5375
153.14,480.664744
153.15,506.711997
153.16,514.286983
153.17,531.648197
153.18,547.309164
153.19,514.601594
153.2,542.096889
153.21,541.131271
153.22,503.546433
153.23,510.871639
153.24,519.778387
153.25,541.539149
153.26,558.767628
153.27,549.334483
153.28,557.60518
153.29,551.818634
153.3,539.727829
153.31,533.720266
153.32,538.122899
153.33,539.905712
153.34,526.634364
153.35,509.451709
153.36,504.739583
153.37,508.717938
153.38,420.54981
153.39,519.376726
153.4,510.681719
153.41,506.357767
153.42,514.824394
153.43,503.168206
153.44,422.113619
153.45,383.514413
153.46,440.06183
153.47,425.336592
153.48,428.283188
153.49,420.605556
153.5,389.430562
153.51,354.968131
153.52,391.24914
153.53,386.853976
153.54,379.644178
153.55,373.282756
153.56,368.690481
153.57,372.896163
153.58,347.176237
153.59,355.35629
153.6,385.65689
153.61,384.682133
153.62,389.536272
153.63,404.100776
153.64,400.076829
153.65,383.708475
153.66,413.010623
153.67,421.583993
153.68,436.272061
153.69,423.415186
153.7,415.257369
153.71,445.509426
153.72,450.300744
153.73,463.285925
153.74,465.95441
153.75,459.979096
153.76,424.578945
153.77,464.251643
153.78,462.821207
153.79,454.937344
153.8,447.68966
153.81,420.011163
153.82,404.822395
153.83,407.069465
153.84,388.980248
153.85,430.453213
153.86,402.966114
153.87,418.204289
153.88,415.2764
153.89,391.399791
153.9,421.195936
153.91,417.055925
153.92,400.386485
153.93,391.887196
153.94,350.358055
153.95,374.63793
153.96,371.244981
153.97,356.418175
153.98,375.399053
153.99,318.81314
154,353.714363
154.01,341.02175
154.02,332.710838
154.03,330.876033
154.04,339.191271
154.05,326.350114
154.06,319.353679
154.07,331.207368
154.08,288.022741
154.09,307.118457
154.1,316.278201
154.11,309.047516
154.12,303.723492
154.13,309.306168
154.14,303.357803
154.15,293.592323
154.16,262.120402
154.17,297.973172
154.18,294.118367
154.19,286.521705
154.2,293.207314
154.21,282.706657
154.22,313.127226
154.23,312.238409
154.24,292.788113
154.25,310.88328
154.26,278.872648
154.27,325.871208
154.28,327.407605
154.29,324.943517
154.3,291.712346
154.31,317.515656
154.32,309.186914
154.33,329.653901
154.34,332.319145
154.35,310.083437
154.36,349.933722
154.37,349.844902
154.38,367.728677
154.39,363.833162
154.4,377.426007
154.41,379.44855
154.42,325.346243
154.43,414.476278
154.44,409.669331
154.45,424.918904
154.46,435.518284
154.47,430.292587
154.48,370.052977
154.49,426.871046
154.5,432.470984
154.51,420.497146
154.52,387.262068
154.53,406.954662
154.54,408.128684
154.55,409.537856
154.56,363.976233
154.57,326.318101
154.58,386.65797
154.59,394.915123
154.6,373.27369
154.61,329.687823
154.62,380.176237
154.63,376.252273
154.64,320.082933
154.65,362.569168
154.66,365.945408
154.67,384.345937
154.68,287.810674
154.69,357.534975
154.7,352.641873
154.71,348.391248
154.72,354.881345
154.73,353.74535
154.74,362.821963
154.75,374.756441
154.76,313.344137
154.77,363.68424
154.78,369.962531
154.79,377.117503
154.8,391.047372
154.81,353.929149
154.82,406.61157
154.83,414.198645
154.84,418.340229
154.85,426.996867
154.86,457.84519
154.87,470.574551
154.88,465.110895
154.89,460.735968
154.9,471.452661
154.91,481.894124
154.92,496.12087
154.93,487.273816
154.94,475.083252
154.95,474.365867
154.96,423.68287
154.97,385.734616
154.98,415.455965
154.99,398.582503
155,373.522678
155.01,351.662292
155.02,360.024087
155.03,330.157101
155.04,362.478349
155.05,345.247513
155.06,316.282512
155.07,326.994209
155.08,318.584155
155.09,311.625148
155.1,275.351076
155.11,318.60687
155.12,304.702749
155.13,303.729652
155.14,301.952569
155.15,254.666174
155.16,292.357945
155.17,284.095357
155.18,266.05126
155.19,303.17827
155.2,301.338835
155.21,289.24072
155.22,249.726087
155.23,287.830215
155.24,296.9572
155.25,261.798735
155.26,279.223791
155.27,286.325323
155.28,283.29207
155.29,284.221924
155.3,241.63007
155.31,295.683549
155.32,289.2212
155.33,285.923267
155.34,280.610206
155.35,281.747478
155.36,245.196891
155.37,273.849426
155.38,285.322565
155.39,276.691704
155.4,260.547123
155.41,272.408783
155.42,272.162899
155.43,276.463583
155.44,254.888643
155.45,297.1892
155.46,316.545982
155.47,334.847409
155.48,294.913465
155.49,354.982328
155.5,370.99993
155.51,374.341941
155.52,390.889722
155.53,403.240088
155.54,358.156748
155.55,393.559614
155.56,401.215565
155.57,406.327255
155.58,351.683061
155.59,422.482472
155.6,435.872758
155.61,437.60516
155.62,419.986434
155.63,402.224562
155.64,400.256406
155.65,376.169742
155.66,369.61637
155.67,369.138535
155.68,361.830643
155.69,363.888277
155.7,359.437928
155.71,363.589511
155.72,355.189999
155.73,349.481816
155.74,334.257827
155.75,320.172949
155.76,325.952094
155.77,322.137637
155.78,318.639725
155.79,313.022056
155.8,310.693332
155.81,309.422028
155.82,324.465929
155.83,339.535406
155.84,337.284864
155.85,357.050401
155.86,369.146508
155.87,371.741526
155.88,378.832337
155.89,370.31249
155.9,347.965779
155.91,366.595914
155.92,369.187241
155.93,360.763917
155.94,362.999428
155.95,365.326171
155.96,373.0649
155.97,395.009966
155.98,395.143493
155.99,383.468909
156,376.4713
156.01,387.323891
156.02,368.21113
156.03,379.59116
156.04,367.676672
156.05,368.341944
156.06,363.783565
156.07,359.606734
156.08,353.887035
156.09,336.162837
156.1,335.34534
156.11,343.855249
156.12,357.124539
156.13,330.093006
156.14,321.270215
156.15,314.928601
156.16,322.048738
156.17,320.775058
156.18,320.331934
156.19,327.930777
156.2,299.941421
156.21,301.772355
156.22,297.839822
156.23,296.134881
156.24,301.692354
156.25,302.657383
156.26,305.27167
156.27,294.826783
156.28,299.505787
156.29,307.288788
156.3,312.852
156.31,311.203094
156.32,315.385441
156.33,303.924709
156.34,308.141328
156.35,311.786961
156.36,312.066539
156.37,323.155413
156.38,331.896158
156.39,336.397321
156.4,335.863328
156.41,348.014467
156.42,354.739989
156.43,366.160958
156.44,368.644108
156.45,388.654036
156.46,383.009527
156.47,389.888542
156.48,404.769115
156.49,415.369648
156.5,414.379995
156.51,396.316111
156.52,380.083983
156.53,391.033782
156.54,388.707261
156.55,388.772909
156.56,383.469948
156.57,376.728173
156.58,378.781279
156.59,373.690575
156.6,387.862392
156.61,397.049673
156.62,384.614533
156.63,389.84055
156.64,389.291089
156.65,383.317248
156.66,403.047421
156.67,402.922804
156.68,396.059679
156.69,394.661099
156.7,386.73451
156.71,383.941809
156.72,391.323111
156.73,383.280063
156.74,376.632379
156.75,361.209557
156.76,355.209938
156.77,360.651177
156.78,354.898453
156.79,345.59364
156.8,349.208682
156.81,354.427101
156.82,358.087115
156.83,358.016875
156.84,358.80595
156.85,354.378579
156.86,362.04223
156.87,366.943223
156.88,380.579205
156.89,387.310512
156.9,397.698485
156.91,419.314795
156.92,422.43742
156.93,423.27864
156.94,439.444612
156.95,450.019769
156.96,460.913162
156.97,449.52856
156.98,461.74206
156.99,443.520321
157,425.851229
157.01,425.804546
157.02,422.989179
157.03,416.947917
157.04,424.928426
157.05,409.555376
157.06,402.353536
157.07,399.087384
157.08,405.117058
157.09,417.84408
157.1,400.526988
157.11,364.490328
157.12,378.295013
157.13,373.948123
157.14,368.103154
157.15,362.748432
157.16,362.308476
157.17,353.751531
157.18,360.962804
157.19,359.84725
157.2,343.171491
157.21,357.335193
157.22,353.273122
157.23,350.230046
157.24,341.317025
157.25,338.618528
157.26,324.044209
157.27,331.292887
157.28,329.54272
157.29,312.870926
157.3,310.249391
157.31,300.678185
157.32,302.424506
157.33,306.311329
157.34,298.58235
157.35,305.506755
157.36,313.23174
157.37,320.56339
157.38,322.759302
157.39,340.052265
157.4,350.415694
157.41,360.651114
157.42,372.373476
157.43,384.45455
157.44,393.046231
157.45,409.743016
157.46,417.561035
157.47,411.310263
157.48,407.001475
157.49,417.258547
157.5,410.495089
157.51,415.236885
157.52,423.514518
157.53,415.842214
157.54,407.533477
157.55,413.576713
157.56,406.197573
157.57,402.277993
157.58,408.213316
157.59,401.826551
157.6,402.202834
157.61,393.31538
157.62,382.438578
157.63,372.402013
157.64,378.740049
157.65,368.147332
157.66,361.314022
157.67,357.908045
157.68,359.662722
157.69,350.749645
157.7,340.970762
157.71,330.638361
157.72,322.28953
157.73,311.229398
157.74,307.345647
157.75,303.582014
157.76,298.70894
157.77,298.846921
157.78,294.660412
157.79,293.637281
157.8,291.056609
157.81,284.726981
157.82,285.722574
157.83,285.751403
157.84,283.983998
157.85,281.89261
157.86,286.633675
157.87,286.419964
157.88,274.274556
157.89,277.450214
157.9,286.25695
157.91,286.349988
157.92,288.528631
157.93,287.244911
157.94,289.257354
157.95,297.327708
157.96,296.77704
157.97,346.654305
157.98,351.221106
157.99,356.444119
158,362.292176
158.01,402.480322
158.02,427.082234
158.03,434.56506
158.04,462.838366
158.05,487.759888
158.06,487.821058
158.07,468.170778
158.08,498.181084
158.09,501.468241
158.1,506.128253
158.11,493.063112
158.12,491.426813
158.13,501.715151
158.14,506.022862
158.15,501.018863
158.16,492.323719
158.17,494.504372
158.18,471.791796
158.19,460.213186
158.2,456.217753
158.21,426.995111
158.22,441.29027
158.23,441.434258
158.24,451.38833
158.25,445.457342
158.26,443.891636
158.27,428.735405
158.28,425.464108
158.29,421.820449
158.3,401.985994
158.31,405.764386
158.32,407.345063
158.33,399.272484
158.34,391.757299
158.35,396.735296
158.36,390.190706
158.37,388.144502
158.38,393.886578
158.39,399.129228
158.4,404.546063
158.41,410.914806
158.42,416.32409
158.43,417.184377
158.44,425.829466
158.45,437.139919
158.46,426.205977
158.47,442.652018
158.48,456.012503
158.49,448.854605
158.5,464.153055
158.51,463.315563
158.52,469.999861
158.53,475.120291
158.54,475.827786
158.55,497.335491
158.56,501.330343
158.57,495.302445
158.58,476.349328
158.59,487.722944
158.6,507.732874
158.61,505.986572
158.62,489.841693
158.63,496.187145
158.64,492.373581
158.65,467.812778
158.66,495.740638
158.67,489.880735
158.68,482.637911
158.69,477.586311
158.7,483.136954
158.71,470.718785
158.72,468.995241
158.73,451.979055
158.74,455.347824
158.75,441.481962
158.76,437.901243
158.77,427.122291
158.78,416.654733
158.79,413.668846
158.8,407.921952
158.81,401.732272
158.82,393.214499
158.83,405.478451
158.84,390.660593
158.85,383.293779
158.86,370.663372
158.87,367.107026
158.88,358.246718
158.89,363.463491
158.9,358.828692
158.91,366.627423
158.92,370.355622
158.93,369.671942
158.94,379.722336
158.95,379.725743
158.96,382.198589
158.97,381.838129
158.98,384.410247
158.99,387.68856
159,391.632689
159.01,393.297263
159.02,385.933953
159.03,390.358973
159.04,396.270328
159.05,387.762972
159.06,407.328274
159.07,413.028209
159.08,417.782695
159.09,422.63086
159.1,418.761803
159.11,412.999657
159.12,427.618213
159.13,430.104742
159.14,429.830552
159.15,431.055164
159.16,424.885042
159.17,436.981859
159.18,445.004835
159.19,459.694849
159.2,458.897179
159.21,477.67788
159.22,475.67518
159.23,475.294998
159.24,460.347262
159.25,451.17589
159.26,467.439772
159.27,478.852172
159.28,478.043466
159.29,505.767619
159.3,525.509864
159.31,526.808811
159.32,517.629776
159.33,495.833558
159.34,485.58317
159.35,488.45531
159.36,483.123629
159.37,474.810164
159.38,465.180516
159.39,466.056468
159.4,466.0137
159.41,463.769741
159.42,485.506051
159.43,498.972575
159.44,507.692996
159.45,504.816791
159.46,504.562232
159.47,509.155722
159.48,498.88463
159.49,500.572367
159.5,491.00652
159.51,430.871614
159.52,455.455776
159.53,458.548136
159.54,458.292912
159.55,457.475209
159.56,455.872795
159.57,462.631322
159.58,446.301563
159.59,444.537529
159.6,449.347254
159.61,465.643989
159.62,480.274329
159.63,472.14251
159.64,466.949057
159.65,450.601514
159.66,462.21401
159.67,465.415895
159.68,468.948564
159.69,474.454312
159.7,480.359336
159.71,475.471914
159.72,468.123101
159.73,464.752095
159.74,447.037912
159.75,436.647377
159.76,439.2346
159.77,429.117396
159.78,428.900946
159.79,401.713103
159.8,401.085152
159.81,411.265409
159.82,382.858519
159.83,390.90044
159.84,390.534759
159.85,394.006361
159.86,382.844286
159.87,375.878424
159.88,386.093202
159.89,382.11413
159.9,372.35765
159.91,371.824351
159.92,370.350093
159.93,375.13305
159.94,379.523583
159.95,364.019328
159.96,367.14993
159.97,370.3362
159.98,378.930102
159.99,376.112845
160,373.663901
160.01,380.198951
160.02,382.075243
160.03,365.944542
160.04,364.824468
160.05,389.04
160.06,386.461024
160.07,399.909782
160.08,409.727509
160.09,408.215578
160.1,399.899502
160.11,411.122791
160.12,408.899226
160.13,423.952969
160.14,425.668139
160.15,424.410048
160.16,436.665334
160.17,473.276371
160.18,508.819905
160.19,564.654846
160.2,554.038287
160.21,508.999189
160.22,464.176747
160.23,448.138834
160.24,450.535101
160.25,449.544775
160.26,433.715135
160.27,448.114191
160.28,445.377245
160.29,439.473365
160.3,443.026492
160.31,442.162291
160.32,445.533161
160.33,431.569909
160.34,417.628188
160.35,430.452621
160.36,416.479048
160.37,417.397059
160.38,398.356576
160.39,402.036357
160.4,403.241109
160.41,394.575909
160.42,388.977032
160.43,380.432741
160.44,381.619534
160.45,385.379132
160.46,385.354097
160.47,392.234538
160.48,391.899108
160.49,393.813528
160.5,394.052782
160.51,384.954352
160.52,388.057011
160.53,411.727559
160.54,411.804725
160.55,420.917663
160.56,421.750729
160.57,418.223738
160.58,410.68275
160.59,423.725059
160.6,428.52731
160.61,420.737273
160.62,401.824455
160.63,394.454883
160.64,396.71014
160.65,399.632554
160.66,405.190546
160.67,385.156277
160.68,386.257449
160.69,387.582351
160.7,396.602392
160.71,398.973977
160.72,391.06983
160.73,371.383585
160.74,365.799936
160.75,372.654925
160.76,376.18337
160.77,372.340551
160.78,367.138429
160.79,356.239672
160.8,364.981646
160.81,356.126119
160.82,347.180924
160.83,347.389437
160.84,345.811757
160.85,355.862571
160.86,364.977429
160.87,355.849264
160.88,380.227534
160.89,393.957556
160.9,400.004587
160.91,412.191245
160.92,403.873088
160.93,397.443618
160.94,397.655048
160.95,424.172368
160.96,437.251815
160.97,434.931023
160.98,444.596853
160.99,438.543111
161,446.446266
161.01,414.260524
161.02,450.763737
161.03,453.739712
161.04,456.210006
161.05,447.105477
161.06,442.483038
161.07,448.924606
161.08,440.799804
161.09,437.442797
161.1,417.871766
161.11,407.064108
161.12,379.935923
161.13,379.471347
161.14,384.089843
161.15,384.71213
161.16,394.737408
161.17,359.203396
161.18,357.496777
161.19,349.600257
161.2,350.865574
161.21,340.256484
161.22,331.248262
161.23,332.809546
161.24,333.966161
161.25,330.997253
161.26,330.897958
161.27,325.979335
161.28,324.969755
161.29,333.171176
161.3,332.958907
161.31,341.69184
161.32,345.516511
161.33,351.042265
161.34,348.162682
161.35,345.485407
161.36,347.862441
161.37,350.8183
161.38,354.964005
161.39,368.583174
161.4,356.174663
161.41,391.520075
161.42,406.295905
161.43,420.328545
161.44,413.319494
161.45,418.226638
161.46,409.515198
161.47,428.30604
161.48,413.829137
161.49,417.001574
161.5,402.703585
161.51,382.144035
161.52,389.577128
161.53,400.88026
161.54,382.926747
161.55,389.328698
161.56,389.509822
161.57,377.780874
161.58,372.33848
161.59,374.976906
161.6,368.208602
161.61,353.89678
161.62,359.693924
161.63,343.631373
161.64,345.425258
161.65,346.472896
161.66,334.380015
161.67,338.464139
161.68,329.725295
161.69,333.845507
161.7,321.002233
161.71,317.798865
161.72,329.130467
161.73,321.110838
161.74,310.218473
161.75,304.297288
161.76,308.941398
161.77,325.04081
161.78,325.966448
161.79,328.999036
161.8,358.518502
161.81,360.256616
161.82,367.350135
161.83,367.715134
161.84,370.744091
161.85,364.201122
161.86,370.486125
161.87,372.552812
161.88,376.011844
161.89,378.984027
161.9,381.188231
161.91,373.914657
161.92,370.355224
161.93,358.689416
161.94,362.643436
161.95,359.958093
161.96,373.155999
161.97,377.142785
161.98,385.688358
161.99,373.776167
162,363.783993
162.01,353.777318
162.02,360.229062
162.03,368.639984
162.04,374.698186
162.05,375.702146
162.06,366.966394
162.07,373.479439
162.08,378.977166
162.09,363.915772
162.1,366.1895
162.11,365.895922
162.12,374.471656
162.13,370.580377
162.14,372.228693
162.15,377.248421
162.16,382.009572
162.17,391.196905
162.18,383.442702
162.19,379.677198
162.2,391.301931
162.21,380.84188
162.22,366.131143
162.23,373.094007
162.24,370.002423
162.25,384.086247
162.26,387.767847
162.27,387.450349
162.28,387.294532
162.29,386.314789
162.3,372.780671
162.31,379.595895
162.32,369.685406
162.33,362.242491
162.34,378.226585
162.35,377.925263
162.36,391.870007
162.37,406.303453
162.38,394.861012
162.39,382.353722
162.4,391.286957
162.41,370.153205
162.42,366.247437
162.43,364.987283
162.44,365.869322
162.45,375.597631
162.46,379.756613
162.47,384.321392
162.48,388.688628
162.49,387.495846
162.5,383.758948
162.51,422.422346
162.52,437.427711
162.53,445.366812
162.54,434.498779
162.55,411.561675
162.56,439.948145
162.57,412.796336
162.58,413.925693
162.59,405.632084
162.6,404.605231
162.61,362.497495
162.62,358.504103
162.63,405.211301
162.64,411.561109
162.65,396.924813
162.66,376.161225
162.67,385.910921
162.68,380.693721
162.69,363.263055
162.7,361.341256
162.71,358.696953
162.72,359.572254
162.73,337.233177
162.74,347.938505
162.75,350.710887
162.76,357.560211
162.77,355.469275
162.78,352.774461
162.79,368.297659
162.8,368.045116
162.81,376.557372
162.82,381.297856
162.83,379.31038
162.84,372.632679
162.85,380.687713
162.86,389.498609
162.87,401.153633
162.88,399.708514
162.89,403.882496
162.9,401.331095
162.91,389.708133
162.92,396.163482
162.93,392.60336
162.94,395.731808
162.95,396.612174
162.96,404.039428
162.97,396.416597
162.98,396.778459
162.99,363.820785
163,388.638442
163.01,385.986402
163.02,380.255909
163.03,366.895572
163.04,349.772019
163.05,355.716026
163.06,373.333008
163.07,369.089305
163.08,389.426403
163.09,386.090734
163.1,386.385015
163.11,381.002101
163.12,378.342605
163.13,381.39277
163.14,375.592575
163.15,376.229304
163.16,359.065632
163.17,348.044324
163.18,333.923349
163.19,338.236147
163.2,344.104106
163.21,323.770052
163.22,329.485937
163.23,334.066252
163.24,336.590949
163.25,326.232841
163.26,330.404814
163.27,326.560456
163.28,326.359841
163.29,327.461174
163.3,325.705164
163.31,316.19717
163.32,315.465247
163.33,320.85385
163.34,323.593463
163.35,315.481659
163.36,316.471933
163.37,307.460486
163.38,304.368538
163.39,303.866491
163.4,323.745108
163.41,337.580427
163.42,343.305212
163.43,347.496036
163.44,348.611053
163.45,344.903236
163.46,344.24395
163.47,347.711717
163.48,347.881121
163.49,353.056831
163.5,354.044862
163.51,352.113586
163.52,372.412366
163.53,371.037168
163.54,385.779917
163.55,355.108971
163.56,335.748076
163.57,334.984906
163.58,317.806856
163.59,312.725727
163.6,302.913228
163.61,299.478097
163.62,285.070741
163.63,297.939196
163.64,280.796431
163.65,280.402492
163.66,280.264956
163.67,269.286006
163.68,275.8298
163.69,275.062825
163.7,279.874889
163.71,278.787925
163.72,289.588287
163.73,285.754169
163.74,291.538442
163.75,294.350465
163.76,285.779729
163.77,302.702525
163.78,307.317616
163.79,304.496474
163.8,301.414927
163.81,307.252363
163.82,315.261512
163.83,309.945458
163.84,317.924337
163.85,316.873089
163.86,340.450459
163.87,336.570904
163.88,338.282934
163.89,360.720567
163.9,369.407138
163.91,369.87587
163.92,396.717842
163.93,400.852987
163.94,398.758253
163.95,404.38153
163.96,431.624901
163.97,410.862377
163.98,389.033676
163.99,398.575441
164,401.965926
164.01,406.697906
164.02,392.768622
164.03,364.603676
164.04,381.917459
164.05,395.516205
164.06,387.872223
164.07,385.53631
164.08,388.422193
164.09,401.611544
164.1,397.76978
164.11,401.408617
164.12,398.588287
164.13,378.115761
164.14,383.825064
164.15,341.022207
164.16,322.033935
164.17,317.180535
164.18,304.830106
164.19,298.732662
164.2,301.37272
164.21,307.542754
164.22,292.315651
164.23,289.036123
164.24,301.841574
164.25,287.17775
164.26,286.048388
164.27,297.306705
164.28,312.731531
164.29,330.987252
164.3,343.134334
164.31,354.827613
164.32,354.267338
164.33,370.394471
164.34,374.457084
164.35,397.162028
164.36,394.061947
164.37,399.698361
164.38,398.400005
164.39,401.173493
164.4,384.476994
164.41,382.924798
164.42,392.529141
164.43,394.599496
164.44,386.302338
164.45,394.117768
164.46,394.213021
164.47,395.003583
164.48,402.760565
164.49,404.82266
164.5,405.144303
164.51,395.654682
164.52,391.949714
164.53,399.893456
164.54,392.116342
164.55,378.276194
164.56,373.572152
164.57,374.19467
164.58,357.02134
164.59,367.300329
164.6,381.088404
164.61,380.926381
164.62,375.687239
164.63,377.775281
164.64,372.526316
164.65,374.427274
164.66,395.72933
164.67,395.951898
164.68,397.244689
164.69,423.527637
164.7,436.135289
164.71,383.839261
164.72,378.828705
164.73,412.60192
164.74,417.048168
164.75,421.889669
164.76,428.945228
164.77,432.045975
164.78,428.655011
164.79,418.95951
164.8,420.655722
164.81,419.647091
164.82,437.176138
164.83,433.792642
164.84,420.277239
164.85,377.649747
164.86,416.809495
164.87,435.223461
164.88,420.101711
164.89,426.586766
164.9,416.081957
164.91,421.131464
164.92,417.694033
164.93,405.645035
164.94,407.949944
164.95,415.44758
164.96,407.597786
164.97,400.541875
164.98,421.060907
164.99,426.310184
165,392.92405
165.01,374.006585
165.02,361.746515
165.03,352.091124
165.04,322.780555
165.05,351.115786
165.06,336.478477
165.07,326.865394
165.08,325.132565
165.09,300.26276
165.1,287.285383
165.11,272.330163
165.12,265.236039
165.13,264.772752
165.14,270.174826
165.15,265.701215
165.16,266.975774
165.17,276.949967
165.18,297.528793
165.19,321.086919
165.2,329.577769
165.21,352.50912
165.22,354.892046
165.23,369.590166
165.24,366.715769
165.25,358.204975
165.26,335.452523
165.27,347.729446
165.28,367.653999
165.29,371.288248
165.3,359.516235
165.31,335.77494
165.32,336.833387
165.33,337.794139
165.34,309.00701
165.35,310.212454
165.36,328.127907
165.37,316.708198
165.38,309.642063
165.39,299.635445
165.4,304.962392
165.41,339.758231
165.42,344.947644
165.43,308.789299
165.44,314.689608
165.45,308.067303
165.46,290.778116
165.47,286.732363
165.48,286.334633
165.49,259.058295
165.5,266.745428
165.51,263.792446
165.52,257.811854
165.53,266.15012
165.54,273.18876
165.55,280.615377
165.56,295.319693
165.57,309.681835
165.58,320.288764
165.59,317.952145
165.6,336.449635
165.61,338.648401
165.62,341.349041
165.63,351.162818
165.64,371.475223
165.65,384.321339
165.66,391.505771
165.67,387.607821
165.68,388.660262
165.69,379.944272
165.7,375.144982
165.71,373.442579
165.72,374.667518
165.73,377.691193
165.74,378.010817
165.75,381.36126
165.76,359.776375
165.77,370.697022
165.78,374.090009
165.79,373.292712
165.8,359.613198
165.81,348.775
165.82,334.915175
165.83,312.757657
165.84,313.577394
165.85,312.323091
165.86,296.629852
165.87,272.178403
165.88,261.838147
165.89,259.079456
165.9,254.174584
165.91,246.16332
165.92,245.561232
165.93,250.293662
165.94,246.465983
165.95,244.167721
165.96,236.331955
165.97,236.29459
165.98,245.43785
165.99,253.770881
166,259.154948
166.01,277.880725
166.02,292.888694
166.03,299.367287
166.04,333.114484
166.05,340.079418
166.06,346.547741
166.07,362.662392
166.08,372.696217
166.09,375.512978
166.1,403.306013
166.11,405.269245
166.12,415.908164
166.13,424.047938
166.14,426.995565
166.15,419.115314
166.16,411.863964
166.17,426.000137
166.18,439.229739
166.19,460.209294
166.2,482.761109
166.21,446.066927
166.22,465.590358
166.23,437.833603
166.24,406.168881
166.25,397.614192
166.26,382.80666
166.27,387.684384
166.28,387.227191
166.29,371.41904
166.3,367.432797
166.31,355.802851
166.32,350.925988
166.33,339.559094
166.34,345.532776
166.35,346.833251
166.36,330.210597
166.37,330.558016
166.38,329.95891
166.39,331.83133
166.4,330.384377
166.41,322.276145
166.42,322.072324
166.43,325.360238
166.44,326.249637
166.45,336.45553
166.46,335.862556
166.47,333.347642
166.48,333.539947
166.49,333.176865
166.5,350.278047
166.51,354.22684
166.52,349.770107
166.53,347.740604
166.54,349.809323
166.55,365.361949
166.56,366.489676
166.57,354.305031
166.58,360.80494
166.59,363.721601
166.6,353.400412
166.61,370.298677
166.62,372.887834
166.63,361.909325
166.64,354.714172
166.65,361.373972
166.66,351.603293
166.67,353.655316
166.68,342.896311
166.69,350.960691
166.7,356.296034
166.71,363.336708
166.72,355.754269
166.73,342.422005
166.74,339.384345
166.75,341.413766
166.76,322.299144
166.77,323.001471
166.78,317.121341
166.79,310.122337
166.8,304.117104
166.81,309.363636
166.82,312.177553
166.83,304.622044
166.84,306.749165
166.85,306.196419
166.86,300.244064
166.87,295.543138
166.88,304.310178
166.89,301.015679
166.9,315.422368
166.91,322.563701
166.92,328.342169
166.93,342.335263
166.94,341.288738
166.95,347.010441
166.96,357.851696
166.97,356.878436
166.98,360.604522
166.99,375.555907
167,381.124493
167.01,387.163228
167.02,397.117363
167.03,390.981998
167.04,388.01013
167.05,386.717124
167.06,385.85437
167.07,403.755522
167.08,402.832994
167.09,391.983688
167.1,395.78291
167.11,379.76463
167.12,381.022007
167.13,376.912738
167.14,376.767673
167.15,376.883311
167.16,368.779987
167.17,372.892076
167.18,371.628231
167.19,383.663248
167.2,375.115423
167.21,376.035248
167.22,365.778613
167.23,374.822939
167.24,381.299515
167.25,373.269212
167.26,362.343406
167.27,369.098325
167.28,372.182232
167.29,371.9949
167.3,386.613324
167.31,407.475822
167.32,402.8436
167.33,408.004806
167.34,416.196006
167.35,419.693079
167.36,399.115939
167.37,406.370972
167.38,402.390963
167.39,401.564849
167.4,406.403333
167.41,426.43182
167.42,408.766712
167.43,406.437953
167.44,401.214559
167.45,404.697157
167.46,395.655599
167.47,417.389721
167.48,422.587353
167.49,413.103119
167.5,409.903466
167.51,394.640371
167.52,393.868312
167.53,404.895429
167.54,393.57496
167.55,388.425306
167.56,361.145628
167.57,368.818744
167.58,353.024397
167.59,343.230612
167.6,341.470943
167.61,341.232475
167.62,336.402634
167.63,332.515434
167.64,323.264719
167.65,318.930979
167.66,335.531449
167.67,321.746889
167.68,318.188169
167.69,309.291005
167.7,296.993719
167.71,284.223651
167.72,284.106183
167.73,284.839586
167.74,296.112016
167.75,318.644494
167.76,328.162646
167.77,345.104103
167.78,342.801659
167.79,365.641015
167.8,369.769203
167.81,364.562798
167.82,351.362164
167.83,344.531608
167.84,342.595714
167.85,357.748895
167.86,353.532764
167.87,350.902292
167.88,344.290302
167.89,338.776606
167.9,351.797678
167.91,335.248183
167.92,343.972307
167.93,341.890717
167.94,343.60583
167.95,339.285047
167.96,342.017305
167.97,339.446876
167.98,344.639311
167.99,361.274067
168,342.447207
168.01,336.674495
168.02,336.084572
168.03,321.88596
168.04,297.870806
168.05,307.382134
168.06,309.981476
168.07,304.477779
168.08,315.087146
168.09,317.081036
168.1,322.01327
168.11,331.342014
168.12,345.466934
168.13,363.038238
168.14,367.340703
168.15,360.822686
168.16,386.473487
168.17,389.841405
168.18,417.358004
168.19,428.923683
168.2,409.130921
168.21,416.499672
168.22,419.214198
168.23,423.805298
168.24,421.329446
168.25,421.555183
168.26,413.14271
168.27,404.822478
168.28,398.59598
168.29,406.745646
168.3,400.616162
168.31,402.582841
168.32,399.976274
168.33,393.625073
168.34,387.209103
168.35,373.621794
168.36,372.243951
168.37,365.018925
168.38,374.601161
168.39,373.369657
168.4,346.792639
168.41,337.10662
168.42,330.291646
168.43,337.242833
168.44,351.644973
168.45,354.891455
168.46,356.995481
168.47,356.152048
168.48,356.834409
168.49,375.47403
168.5,390.833321
168.51,389.316327
168.52,399.816282
168.53,397.65193
168.54,412.836328
168.55,420.841272
168.56,405.209275
168.57,406.796132
168.58,414.9504
168.59,408.13893
168.6,402.72086
168.61,407.818945
168.62,402.360299
168.63,393.477354
168.64,392.714411
168.65,386.114733
168.66,387.076459
168.67,380.463943
168.68,395.388738
168.69,374.034155
168.7,366.595427
168.71,358.218937
168.72,336.382161
168.73,334.074316
168.74,322.810485
168.75,314.93437
168.76,307.044079
168.77,305.698217
168.78,308.464664
168.79,304.917911
168.8,316.759697
168.81,325.490756
168.82,343.904343
168.83,338.533277
168.84,346.313054
168.85,362.616037
168.86,369.118509
168.87,374.107152
168.88,383.260237
168.89,379.84939
168.9,404.735208
168.91,409.832592
168.92,401.713763
168.93,408.239335
168.94,416.377004
168.95,419.962454
168.96,426.092303
168.97,428.056026
168.98,404.978573
168.99,424.152225
169,428.711506
169.01,435.62699
169.02,432.924873
169.03,424.317285
169.04,402.921024
169.05,409.679961
169.06,400.92434
169.07,396.717553
169.08,402.7568
169.09,387.897923
169.1,364.972963
169.11,357.530764
169.12,362.10254
169.13,356.705455
169.14,344.446325
169.15,344.20905
169.16,332.772115
169.17,347.853136
169.18,339.129569
169.19,340.660418
169.2,337.763242
169.21,335.129853
169.22,323.223786
169.23,318.60386
169.24,309.501371
169.25,300.327633
169.26,300.878304
169.27,310.534969
169.28,312.076595
169.29,318.975907
169.3,325.893627
169.31,332.194853
169.32,327.902261
169.33,340.365275
169.34,355.316018
169.35,360.998442
169.36,372.510112
169.37,366.61922
169.38,366.383597
169.39,384.328531
169.4,389.302538
169.41,389.091541
169.42,390.56098
169.43,394.710291
169.44,397.091371
169.45,388.473261
169.46,382.690183
169.47,385.562293
169.48,384.331513
169.48,395.279113
169.49,395.624548
169.5,390.658206
169.51,367.866804
169.52,371.816417
169.53,374.429533
169.54,370.687925
169.55,371.007554
169.56,369.537336
169.57,368.147734
169.58,363.250424
169.59,361.446229
169.6,367.827812
169.61,360.609035
169.62,363.855785
169.63,359.943932
169.64,352.66312
169.65,332.793759
169.66,328.008975
169.67,321.015059
169.68,309.259669
169.69,307.098309
169.7,307.210409
169.71,309.212872
169.72,312.226613
169.73,317.771216
169.74,328.139512
169.75,345.342163
169.76,345.217533
169.77,356.223385
169.78,379.993311
169.79,384.074485
169.8,390.197585
169.81,383.857983
169.82,392.377152
169.83,388.6425
169.84,376.547774
169.85,364.781673
169.86,363.728599
169.87,366.965596
169.88,379.505586
169.89,386.574346
169.9,394.866048
169.91,384.514705
169.92,364.15821
169.93,370.576413
169.94,379.165676
169.95,391.260875
169.96,378.57211
169.97,375.394088
169.98,372.958998
169.99,371.161767
170,384.145081
170.01,383.843939
170.02,373.125767
170.03,362.809719
170.04,362.705496
170.05,348.067069
170.06,345.458771
170.07,341.971126
170.08,333.568396
170.09,338.676644
170.1,335.364947
170.11,330.994202
170.12,328.650107
170.13,330.154893
170.14,330.236189
170.15,330.950321
170.16,323.734399
170.17,309.6468
170.18,309.949659
170.19,307.658448
170.2,303.127799
170.21,310.807155
170.22,324.702768
170.23,315.259038
170.24,320.415743
170.25,321.779307
170.26,330.045513
170.27,315.783719
170.28,324.395637
170.29,324.689107
170.3,330.576608
170.31,332.8909
170.32,342.946618
170.33,355.854225
170.34,348.281399
170.35,365.856396
170.36,369.063009
170.37,370.675726
170.38,367.083093
170.39,352.334762
170.4,352.712415
170.41,357.054875
170.42,346.613592
170.43,353.88105
170.44,382.750144
170.45,391.628364
170.46,415.34093
170.47,422.289823
170.48,419.524681
170.49,430.403956
170.5,429.117288
170.51,424.6148
170.52,460.031055
170.53,453.430994
170.54,444.607018
170.55,450.302279
170.56,457.176413
170.57,444.401024
170.58,425.344442
170.59,422.058617
170.6,406.473189
170.61,382.308145
170.62,378.903541
170.63,366.467446
170.64,359.111295
170.65,353.889249
170.66,357.239571
170.67,355.704779
170.68,347.870565
170.69,344.048148
170.7,344.939571
170.71,352.463737
170.72,349.102299
170.73,335.493698
170.74,330.173793
170.75,331.239337
170.76,336.249797
170.77,315.812688
170.78,319.585424
170.79,327.325341
170.8,336.671708
170.81,332.664418
170.82,331.541824
170.83,342.31423
170.84,344.453272
170.85,350.832867
170.86,358.544972
170.87,349.656643
170.88,354.170163
170.89,350.307459
170.9,371.196503
170.91,385.552041
170.92,387.084291
170.93,398.31306
170.94,391.146589
170.95,378.07504
170.96,386.319907
170.97,390.05776
170.98,392.173271
170.99,384.787323
171,387.163422
171.01,388.753938
171.02,404.449321
171.03,417.425364
171.04,416.471014
171.05,417.955272
171.06,407.79
171.07,392.166879
171.08,386.261042
171.09,402.041457
171.1,406.469797
171.11,403.765426
171.12,404.810526
171.13,392.600256
171.14,380.904483
171.15,373.01436
171.16,346.546142
171.17,358.198981
171.18,363.702887
171.19,354.28027
171.2,357.57963
171.21,360.114071
171.22,346.431774
171.23,329.592055
171.24,321.251852
171.25,303.956845
171.26,296.42293
171.27,295.014815
171.28,293.547953
171.29,279.326121
171.3,266.852188
171.31,277.322104
171.32,270.961472
171.33,271.374468
171.34,268.033544
171.35,265.714135
171.36,266.745308
171.37,269.379696
171.38,276.174106
171.39,275.966082
171.4,265.322027
171.41,262.588752
171.42,257.936389
171.43,267.110597
171.44,262.243376
171.45,270.115385
171.46,270.782692
171.47,271.361752
171.48,272.878227
171.49,274.053603
171.5,289.18577
171.51,299.616374
171.52,308.734308
171.53,314.419185
171.54,309.193762
171.55,313.919944
171.56,348.070565
171.57,353.567115
171.58,365.191657
171.59,361.241556
171.6,365.734503
171.61,370.759629
171.62,364.294907
171.63,356.232883
171.64,370.000195
171.65,371.233723
171.66,354.95002
171.67,352.021474
171.68,373.259454
171.69,369.095127
171.7,372.514035
171.71,371.379142
171.72,361.892788
171.73,355.039322
171.74,341.88616
171.75,318.798459
171.76,330.98694
171.77,331.006043
171.78,340.331579
171.79,322.809162
171.8,322.176375
171.81,310.502032
171.82,322.253801
171.83,306.448538
171.84,287.926901
171.85,288.474569
171.86,300.147279
171.87,290.54152
171.88,293.34152
171.89,297.031969
171.9,306.788109
171.91,313.564912
171.92,316.355515
171.93,313.32924
171.94,327.19922
171.95,337.732164
171.96,344.74425
171.97,351.509747
171.98,350.49385
171.99,364.143333
172,380.244208
172.01,372.07565
172.02,392.575281
172.03,406.901873
172.04,411.102437
172.05,406.956645
172.06,415.017613
172.07,413.431865
172.08,404.437095
172.09,400.793011
172.1,408.653789
172.11,395.305707
172.12,411.990624
172.13,421.949967
172.14,402.122342
172.15,388.047201
172.16,378.455436
172.17,389.24227
172.18,394.806108
172.19,384.603607
172.2,372.641357
172.21,370.486104
172.22,365.473184
172.23,359.293361
172.24,356.962834
172.25,354.584825
172.26,358.427464
172.27,352.566365
172.28,337.777676
172.29,320.810331
172.3,327.020835
172.31,325.422304
172.32,323.707092
172.33,309.477561
172.34,313.490017
172.35,308.890568
172.36,283.908231
172.37,281.312602
172.38,282.107587
172.39,280.548733
172.4,270.241509
172.41,287.910929
172.42,284.88197
172.43,282.213942
172.44,282.007746
172.45,276.900339
172.46,268.969763
172.47,273.642468
172.48,283.600751
172.49,295.638886
172.5,302.744767
172.51,300.707282
172.52,302.703205
172.53,307.324162
172.54,319.416603
172.55,315.42207
172.56,314.655758
172.57,315.859834
172.58,321.503907
172.59,319.775547
172.6,305.648477
172.61,320.407008
172.62,315.545092
172.63,329.085715
172.64,335.869766
172.65,332.790441
172.66,346.169125
172.67,354.627863
172.68,365.030741
172.69,369.04384
172.7,368.994216
172.71,354.987129
172.72,365.598304
172.73,369.637129
172.74,354.908498
172.75,355.861017
172.76,363.74818
172.77,373.466923
172.78,371.291753
172.79,382.408459
172.8,369.934122
172.81,372.995307
172.82,384.448681
172.83,393.584021
172.84,382.504667
172.85,387.996526
172.86,383.648497
172.87,382.010108
172.88,362.995479
172.89,363.47696
172.9,368.894842
172.91,377.298631
172.92,358.96742
172.93,361.256811
172.94,372.812921
172.95,365.92374
172.96,379.000501
172.97,363.151212
172.98,367.726494
172.99,373.468441
173,373.038531
173.01,367.360584
173.02,349.126875
173.03,358.68208
173.04,364.805292
173.05,365.13808
173.06,367.547562
173.07,362.047546
173.08,350.872467
173.09,360.936828
173.1,360.089189
173.11,350.446722
173.12,355.958702
173.13,351.238381
173.14,346.968648
173.15,334.39929
173.16,338.279516
173.17,320.243383
173.18,316.565726
173.19,317.26425
173.2,310.387952
173.21,305.82241
173.22,323.957279
173.23,341.068848
173.24,353.426553
173.25,364.713234
173.26,385.77943
173.27,401.965843
173.28,369.526307
173.29,398.127479
173.3,427.59424
173.31,443.490428
173.32,446.956443
173.33,441.414518
173.34,462.218831
173.35,453.124618
173.36,448.806528
173.37,449.622553
173.38,441.339778
173.39,459.285767
173.4,463.574508
173.41,457.533448
173.42,435.116522
173.43,447.242904
173.44,435.371629
173.45,445.703088
173.46,439.345525
173.47,420.924057
173.48,414.059915
173.49,427.620668
173.5,413.944689
173.51,431.753539
173.52,338.511935
173.53,350.788199
173.54,350.406219
173.55,318.885658
173.56,318.634572
173.57,319.066477
173.58,299.725823
173.59,277.46956
173.6,278.352129
173.61,297.113342
173.62,306.153381
173.63,314.68534
173.64,340.799432
173.65,357.057409
173.66,356.941321
173.67,369.175396
173.68,390.11874
173.69,388.92332
173.7,390.813897
173.71,386.648165
173.72,420.39118
173.73,412.172263
173.74,433.809855
173.75,428.725679
173.76,416.872759
173.77,413.035756
173.78,391.088388
173.79,406.886209
173.8,395.837733
173.81,400.042133
173.82,385.022045
173.83,404.394958
173.84,394.504046
173.85,383.900272
173.86,354.077089
173.87,375.32144
173.88,346.797853
173.89,312.521446
173.9,321.644761
173.91,312.159468
173.92,320.352938
173.93,304.830468
173.94,281.645696
173.95,289.068802
173.96,272.809282
173.97,270.431388
173.98,263.846386
173.99,260.55336
174,257.514729
174.01,252.339833
174.02,257.282043
174.03,255.047485
174.04,257.263312
174.05,243.975022
174.06,242.229583
174.07,244.594174
174.08,240.904194
174.09,242.896539
174.1,243.074958
174.11,245.091209
174.12,237.920122
174.13,230.61523
174.14,236.947879
174.15,240.638829
174.16,243.936742
174.17,241.898081
174.18,246.122996
174.19,249.338094
174.2,252.877904
174.21,261.830479
174.22,268.472334
174.23,279.903698
174.24,287.576335
174.25,306.765621
174.26,313.663259
174.27,322.036522
174.28,324.45269
174.29,329.853718
174.3,329.624912
174.31,330.424135
174.32,334.696374
174.33,333.311146
174.34,339.071269
174.35,336.112389
174.36,343.333527
174.37,333.700588
174.38,326.649246
174.39,316.038224
174.4,325.031588
174.41,323.629741
174.42,313.919226
174.43,310.9987
174.44,295.998421
174.45,285.510012
174.46,293.39325
174.47,295.465448
174.48,274.703663
174.49,270.756273
174.5,259.917137
174.51,233.587666
174.52,233.079745
174.53,244.665729
174.54,276.454428
174.55,307.242534
174.56,303.311357
174.57,273.383131
174.58,335.727801
174.59,333.156232
174.6,335.530946
174.61,349.101098
174.62,353.68329
174.63,351.752485
174.64,359.580719
174.65,354.935868
174.66,364.482762
174.67,340.528922
174.68,352.977574
174.69,356.047826
174.7,351.724011
174.71,356.797398
174.72,352.384984
174.73,332.815542
174.74,349.906834
174.75,350.608211
174.76,345.968886
174.77,343.952672
174.78,334.241483
174.79,319.677876
174.8,330.045217
174.81,327.53107
174.82,314.793555
174.83,314.236836
174.84,294.277916
174.85,290.201238
174.86,294.290973
174.87,290.225078
174.88,294.677504
174.89,286.432856
174.9,290.066319
174.91,295.773212
174.92,287.388616
174.93,287.179262
174.94,286.549616
174.95,278.013332
174.96,276.384975
174.97,272.640355
174.98,273.719005
174.99,272.961501
175,270.746918
175.01,277.232024
175.02,283.445097
175.03,285.994218
175.04,298.300052
175.05,300.693698
175.06,322.972919
175.07,339.480636
175.08,333.408256
175.09,340.13232
175.1,352.975691
175.11,361.844801
175.12,363.227025
175.13,365.906658
175.14,362.825639
175.15,357.912775
175.16,341.073065
175.17,384.693691
175.18,392.537418
175.19,395.258464
175.2,407.798517
175.21,395.976925
175.22,393.516315
175.23,395.294481
175.24,399.957146
175.25,394.307888
175.26,424.654168
175.27,405.28161
175.28,415.595441
175.29,421.291451
175.3,429.759246
175.31,433.182781
175.32,426.144107
175.33,435.043113
175.34,424.003344
175.35,412.542857
175.36,399.914462
175.37,396.63688
175.38,389.379021
175.39,383.36428
175.4,380.450141
175.41,382.116959
175.42,376.365357
175.43,374.798217
175.44,361.115778
175.45,340.659421
175.46,354.174218
175.47,344.396599
175.48,344.776038
175.49,328.648147
175.5,322.350098
175.51,307.525818
175.52,316.669645
175.53,318.924844
175.54,319.286096
175.55,311.128571
175.56,315.661935
175.57,325.236607
175.58,321.584335
175.59,334.6631
175.6,335.387963
175.61,338.780593
175.62,338.611351
175.63,339.591047
175.64,342.010002
175.65,340.351063
175.66,328.334173
175.67,339.63212
175.68,359.399981
175.69,365.798012
175.7,380.5164
175.71,368.764138
175.72,396.191195
175.73,414.191414
175.74,429.482604
175.75,423.532683
175.76,429.721015
175.77,431.65058
175.78,432.859107
175.79,431.262125
175.8,415.157836
175.81,420.145624
175.82,422.929436
175.83,421.965413
175.84,413.106539
175.85,405.915809
175.86,406.28986
175.87,393.97309
175.88,395.68014
175.89,386.931729
175.9,350.757944
175.91,352.905313
175.92,361.335226
175.93,364.160026
175.94,340.990752
175.95,349.545797
175.96,330.758559
175.97,327.107226
175.98,306.478323
175.99,313.497454
176,285.034262
176.01,287.320279
176.02,283.924522
176.03,287.132217
176.04,282.169031
176.05,270.295087
176.06,264.28279
176.07,256.968347
176.08,256.015998
176.09,257.527649
176.1,250.311216
176.11,253.498566
176.12,266.100232
176.13,262.532609
176.14,283.948515
176.15,310.240126
176.16,330.224928
176.17,311.729885
176.18,339.596092
176.19,366.420897
176.2,374.487332
176.21,370.591177
176.22,377.99178
176.23,387.913458
176.24,388.826228
176.25,387.135822
176.26,395.302078
176.27,404.440271
176.28,398.363332
176.29,387.830575
176.3,375.029999
176.31,367.006168
176.32,366.768781
176.33,364.447908
176.34,368.345407
176.35,352.867718
176.36,342.271249
176.37,360.876874
176.38,361.592333
176.39,343.022105
176.4,328.836482
176.41,321.780638
176.42,307.492969
176.43,304.031708
176.44,296.060158
176.45,314.467521
176.46,314.837651
176.47,316.067268
176.48,323.610751
176.49,300.275742
176.5,291.755711
176.51,308.758797
176.52,304.014322
176.53,323.184285
176.54,341.402266
176.55,345.27301
176.56,349.330658
176.57,347.779656
176.58,371.475234
176.59,387.844005
176.6,384.131527
176.61,392.324607
176.62,379.93755
176.63,402.147475
176.64,411.460489
176.65,404.44488
176.66,387.715913
176.67,382.295567
176.68,399.106074
176.69,406.774636
176.7,427.172697
176.71,424.965617
176.72,409.856705
176.73,406.663615
176.74,385.031912
176.75,387.08422
176.76,387.155818
176.77,341.001562
176.78,309.001491
176.79,309.737959
176.8,319.410984
176.81,307.624809
176.82,296.22463
176.83,308.202577
176.84,302.828693
176.85,271.499615
176.86,311.805174
176.87,333.857137
176.88,338.778234
176.89,352.836656
176.9,324.336782
176.91,372.436598
176.92,392.99355
176.93,392.018589
176.94,416.402795
176.95,434.941089
176.96,443.523212
176.97,439.258923
176.98,446.867367
176.99,445.904226
177,434.16688
177.01,446.87905
177.02,445.288258
177.03,434.233358
177.04,426.012414
177.05,394.086493
177.06,390.791887
177.07,392.954211
177.08,365.661441
177.09,370.768154
177.1,373.429192
177.11,350.075036
177.12,337.441343
177.13,334.393721
177.14,332.433977
177.15,341.467913
177.16,341.532976
177.17,343.700163
177.18,353.783823
177.19,363.810696
177.2,371.883303
177.21,376.769819
177.22,384.132486
177.23,382.963315
177.24,396.701016
177.25,393.547024
177.26,385.837
177.27,389.638435
177.28,388.835354
177.29,392.345299
177.3,393.901216
177.31,385.64751
177.32,389.938221
177.33,386.573721
177.34,380.375245
177.35,386.742415
177.36,385.719401
177.37,385.805935
177.38,378.49686
177.39,368.536987
177.4,358.14037
177.41,353.209387
177.42,347.697586
177.43,338.255913
177.44,317.201116
177.45,323.128194
177.46,331.922905
177.47,314.771143
177.48,299.517388
177.49,293.012341
177.5,288.315919
177.51,278.424841
177.52,281.865339
177.53,277.531962
177.54,279.081307
177.55,284.130399
177.56,277.293848
177.57,281.647198
177.58,277.758766
177.59,271.963279
177.6,267.763593
177.61,252.666443
177.62,267.183106
177.63,267.182707
177.64,282.068348
177.65,296.203157
177.66,303.213721
177.67,299.90961
177.68,330.458375
177.69,328.292287
177.7,337.170947
177.71,341.677187
177.72,338.171561
177.73,337.281089
177.74,332.007527
177.75,297.913027
177.76,299.525181
177.77,303.191579
177.78,296.743148
177.79,292.558885
177.8,291.83118
177.81,281.025814
177.82,286.542454
177.83,288.893606
177.84,307.810935
177.85,318.665172
177.86,320.18637
177.87,313.709431
177.88,318.535535
177.89,316.502133
177.9,315.759741
177.91,316.415571
177.92,316.964638
177.93,319.521397
177.94,319.47488
177.95,317.230307
177.96,317.557476
177.97,327.527028
177.98,336.333267
177.99,346.326642
178,347.924013
178.01,362.632123
178.02,370.753938
178.03,376.170689
178.04,385.995674
178.05,408.345318
178.06,403.842662
178.07,412.568435
178.08,435.229353
178.09,414.711688
178.1,407.956316
178.11,398.363267
178.12,408.754434
178.13,401.544538
178.14,424.914265
178.15,406.759474
178.16,407.713854
178.17,404.266412
178.18,403.786371
178.19,391.044219
178.2,393.13831
178.21,398.947269
178.22,386.855285
178.23,373.628004
178.24,361.403612
178.25,350.432895
178.26,331.882015
178.27,326.534592
178.28,353.908759
178.29,304.518566
178.3,296.993757
178.31,316.595979
178.32,307.641313
178.33,322.15703
178.34,299.74024
178.35,297.04443
178.36,276.720752
178.37,273.337854
178.38,296.248336
178.39,288.281918
178.4,290.36099
178.41,288.490686
178.42,291.209916
178.43,294.309509
178.44,299.0657
178.45,300.430416
178.46,302.576261
178.47,335.139313
178.48,367.800785
178.49,372.686641
178.5,395.374718
178.51,393.350684
178.52,396.585355
178.53,366.814785
178.54,387.559052
178.55,362.629048
178.56,344.250485
178.57,341.56746
178.58,328.552159
178.59,321.791393
178.6,317.09334
178.61,316.459185
178.62,298.484551
178.63,273.210385
178.64,280.369352
178.65,281.853419
178.66,278.138176
178.67,280.736898
178.68,268.592598
178.69,266.656058
178.7,275.702694
178.71,275.053236
178.72,275.682125
178.73,273.29378
178.74,279.068163
178.75,288.32367
178.76,290.532115
178.77,299.093517
178.78,305.547695
178.79,324.25812
178.8,307.96587
178.81,327.440364
178.82,338.420558
178.83,363.086515
178.84,370.863383
178.85,380.069972
178.86,360.036185
178.87,354.455088
178.88,360.957194
178.89,364.200071
178.9,370.079548
178.91,359.443534
178.92,356.216905
178.93,350.992245
178.94,342.710127
178.95,348.000312
178.96,338.874324
178.97,342.774802
178.98,337.43369
178.99,347.898767
179,350.728831
179.01,347.562573
179.02,356.191854
179.03,367.895446
179.04,385.612993
179.05,387.736301
179.06,379.920824
179.07,393.531434
179.08,388.861912
179.09,376.759326
179.1,362.103412
179.11,379.535511
179.12,378.422982
179.13,377.75625
179.14,381.898482
179.15,360.734037
179.16,370.358176
179.17,345.049123
179.18,346.921765
179.19,325.732297
179.2,316.093983
179.21,326.850285
179.22,311.100664
179.23,303.544754
179.24,301.473252
179.25,300.807661
179.26,271.545546
179.27,265.695445
179.28,287.600663
179.29,284.235947
179.3,279.934982
179.31,282.802582
179.32,290.889834
179.33,291.179616
179.34,296.620909
179.35,297.785463
179.36,311.385712
179.37,318.685906
179.38,326.784783
179.39,332.304606
179.4,350.598586
179.41,342.670868
179.42,323.174877
179.43,343.228537
179.44,354.795651
179.45,369.589896
179.46,380.929696
179.47,380.545962
179.48,363.486136
179.49,349.879404
179.5,376.782277
179.51,378.553281
179.52,357.145754
179.53,333.781199
179.54,343.45126
179.55,370.966643
179.56,343.073753
179.57,311.567139
179.58,317.186258
179.59,288.755905
179.6,286.147332
179.61,276.931036
179.62,282.83399
179.63,280.334658
179.64,268.465557
179.65,266.159014
179.66,278.299249
179.67,272.201646
179.68,275.780703
179.69,278.311083
179.7,294.168741
179.71,306.649353
179.72,309.983722
179.73,322.985715
179.74,350.253501
179.75,378.933529
179.76,379.883278
179.77,357.450714
179.78,372.965107
179.79,364.089229
179.8,351.497606
179.81,346.633059
179.82,339.773658
179.83,349.54978
179.84,339.679095
179.85,339.04035
179.86,332.582186
179.87,299.895701
179.88,308.542413
179.89,297.56347
179.9,266.172768
179.91,263.513253
179.92,272.136025
179.93,268.300455
179.94,273.590125
179.95,280.607091
179.96,285.562657
179.97,288.847093
179.98,308.410293
179.99,338.501527
180,344.836926
180.01,332.612385
180.02,338.145642
180.03,365.315138
180.04,381.394709
180.05,395.352126
180.06,406.094921
180.07,388.012373
180.08,398.673349
180.09,403.489382
180.1,417.678683
180.11,356.449109
180.12,337.191793
180.13,352.319195
180.14,341.799191
180.15,326.836657
180.16,317.24508
180.17,282.016592
180.18,279.212681
180.19,277.824651
180.2,287.019624
180.21,282.635578
180.22,268.290527
180.23,260.914539
180.24,268.45769
180.25,265.245243
180.26,257.988128
180.27,251.39026
180.28,254.012938
180.29,261.671076
180.3,267.3241
180.31,285.163405
180.32,295.133319
180.33,315.397639
180.34,335.959253
180.35,362.965631
180.36,378.953344
180.37,405.785114
180.38,419.61356
180.39,414.252469
180.4,412.985833
180.41,423.261007
180.42,417.393813
180.43,415.902983
180.44,412.449215
180.45,405.897779
180.46,391.356618
180.47,374.376936
180.48,373.265048
180.49,361.808205
180.5,352.655228
180.51,360.332159
180.52,355.907639
180.53,350.656385
180.54,340.869421
180.55,333.052944
180.56,316.508441
180.57,312.318606
180.58,298.725837
180.59,302.951132
180.6,308.805657
180.61,315.564681
180.62,322.438481
180.63,326.22579
180.64,336.17976
180.65,314.025689
180.66,318.665446
180.67,302.46936
180.68,295.908836
180.69,297.977557
180.7,294.01593
180.71,286.628967
180.72,287.818873
180.73,293.005154
180.74,293.893224
180.75,309.46229
180.76,328.711163
180.77,344.183475
180.78,347.075749
180.79,380.795224
180.8,394.673063
180.81,404.417532
180.82,417.844979
180.83,414.563434
180.84,407.319632
180.85,409.518334
180.86,402.539907
180.87,399.685206
180.88,401.844365
180.89,377.330985
180.9,375.755956
180.91,385.73282
180.92,365.788748
180.93,362.260187
180.94,357.479048
180.95,343.927341
180.96,344.380983
180.97,330.584166
180.98,327.95629
180.99,348.271535
181,344.832493
181.01,340.725972
181.02,324.260223
181.03,323.277245
181.04,307.772735
181.05,309.195174
181.06,293.692055
181.07,294.927669
181.08,276.534001
181.09,273.46165
181.1,269.295793
181.11,259.879502
181.12,260.976455
181.13,260.201504
181.14,268.515134
181.15,274.257784
181.16,278.985869
181.17,287.160542
181.18,310.18295
181.19,333.112719
181.2,338.63078
181.21,333.205162
181.22,354.248279
181.23,385.93887
181.24,378.805244
181.25,419.215492
181.26,432.795434
181.27,454.923023
181.28,458.595564
181.29,414.368591
181.3,438.66692
181.31,446.773929
181.32,432.738157
181.33,418.882257
181.34,391.715401
181.35,385.53913
181.36,356.525191
181.37,385.509628
181.38,364.09212
181.39,357.125492
181.4,337.346362
181.41,314.166513
181.42,322.187927
181.43,313.884392
181.44,326.664607
181.45,300.970528
181.46,290.205975
181.47,286.785114
181.48,283.058076
181.49,277.611644
181.5,269.390608
181.51,259.776802
181.52,259.744258
181.53,259.949658
181.54,263.279052
181.55,261.986367
181.56,284.090891
181.57,287.395903
181.58,300.691303
181.59,317.27979
181.6,310.985466
181.61,352.225361
181.62,361.972498
181.63,376.088199
181.64,357.394753
181.65,357.364783
181.66,404.581718
181.67,408.162791
181.68,347.025929
181.69,384.333713
181.7,383.657684
181.71,392.004482
181.72,391.929141
181.73,387.296688
181.74,390.132415
181.75,375.369545
181.76,373.001538
181.77,370.415424
181.78,363.022324
181.79,359.196826
181.8,342.436711
181.81,330.050161
181.82,323.172363
181.83,343.893381
181.84,314.710251
181.85,330.508574
181.86,317.02643
181.87,298.877621
181.88,304.628088
181.89,316.323467
181.9,290.758301
181.91,291.040802
181.92,298.483849
181.93,291.270963
181.94,286.76614
181.95,286.753058
181.96,284.134728
181.97,274.961602
181.98,285.678175
181.99,299.480711
182,311.823549
182.01,326.073238
182.02,340.928136
182.03,361.671618
182.04,384.653967
182.05,407.436168
182.06,410.42146
182.07,423.098932
182.08,433.142716
182.09,406.692898
182.1,433.225168
182.11,462.562971
182.12,461.7074
182.13,468.09434
182.14,486.660137
182.15,484.448689
182.16,476.734099
182.17,394.753583
182.18,457.738881
182.19,470.071695
182.2,456.712969
182.21,436.517776
182.22,423.090844
182.23,413.121938
182.24,412.118117
182.25,407.412426
182.26,416.624388
182.27,389.928897
182.28,390.641457
182.29,371.800475
182.3,349.216557
182.31,347.173017
182.32,349.317428
182.33,332.574474
182.34,328.49119
182.35,334.469775
182.36,348.086664
182.37,334.78104
182.38,352.937419
182.39,344.233051
182.4,339.988458
182.41,335.987681
182.42,338.083442
182.43,340.945406
182.44,328.54809
182.45,337.295753
182.46,340.97446
182.47,343.344976
182.48,338.669831
182.49,352.557506
182.5,353.033404
182.51,364.471715
182.52,362.174749
182.53,365.447599
182.54,357.424184
182.55,368.8387
182.56,365.792089
182.57,370.619696
182.58,366.090386
182.59,369.549482
182.6,363.183114
182.61,362.412339
182.62,380.537155
182.63,385.370151
182.64,386.90796
182.65,386.506871
182.66,377.244848
182.67,376.002416
182.68,384.615711
182.69,393.05922
182.7,401.080011
182.71,406.747925
182.72,388.967657
182.73,393.105284
182.74,393.454246
182.75,395.607975
182.76,383.947543
182.77,388.634067
182.78,372.914399
182.79,378.356312
182.8,364.815933
182.81,374.238903
182.82,371.853943
182.83,366.950151
182.84,369.6323
182.85,364.374792
182.86,359.369111
182.87,349.343347
182.88,352.921566
182.89,350.176222
182.9,351.9378
182.91,338.626312
182.92,336.888175
182.93,339.869577
182.94,354.997434
182.95,360.108495
182.96,365.220178
182.97,355.741055
182.98,384.923264
182.99,398.648508
183,409.83076
183.01,404.547994
183.02,406.577266
183.03,417.457261
183.04,432.253084
183.05,451.121008
183.06,451.700279
183.07,458.816726
183.08,423.249426
183.09,420.319239
183.1,425.869169
183.11,429.338635
183.12,438.618075
183.13,436.195506
183.14,430.402325
183.15,385.610582
183.16,395.714677
183.17,410.564999
183.18,416.092247
183.19,423.528614
183.2,408.681616
183.21,419.687458
183.22,409.642983
183.23,374.247404
183.24,347.869093
183.25,339.28283
183.26,336.419391
183.27,337.390318
183.28,323.101528
183.29,299.575906
183.3,295.512803
183.31,303.674638
183.32,334.415163
183.33,328.244768
183.34,351.092408
183.35,340.028527
183.36,322.565338
183.37,309.398187
183.38,337.425145
183.39,359.052064
183.4,358.110973
183.41,367.005354
183.42,349.417066
183.43,353.098932
183.44,374.912916
183.45,371.376237
183.46,379.68009
183.47,387.483929
183.48,381.30899
183.49,382.583849
183.5,391.05581
183.51,395.789917
183.52,392.177292
183.53,391.935957
183.54,404.279752
183.55,399.718494
183.56,398.278394
183.57,424.979194
183.58,420.660764
183.59,413.596185
183.6,393.086456
183.61,377.122194
183.62,363.409067
183.63,337.175066
183.64,343.014402
183.65,328.875206
183.66,318.161513
183.67,314.008372
183.68,321.100106
183.69,307.552476
183.7,317.854271
183.71,315.190219
183.72,332.031624
183.73,332.610929
183.74,340.426659
183.75,350.386777
183.76,348.573495
183.77,365.234757
183.78,349.812724
183.79,381.354791
183.8,381.028199
183.81,390.825084
183.82,392.860196
183.83,407.842654
183.84,402.100369
183.85,402.824859
183.86,422.552589
183.87,425.217594
183.88,426.995584
183.89,428.811315
183.9,424.380796
183.91,401.893381
183.92,385.254796
183.93,410.609943
183.94,406.223109
183.95,415.065387
183.96,384.991267
183.97,385.194857
183.98,379.444235
183.99,368.52455
184,366.856774
184.01,342.186856
184.02,345.375824
184.03,341.678958
184.04,335.267216
184.05,329.711052
184.06,351.509826
184.07,319.577628
184.08,321.177211
184.09,310.21845
184.1,294.967685
184.11,283.431924
184.12,286.512422
184.13,283.162816
184.14,290.163142
184.15,284.556303
184.16,285.508103
184.17,294.222848
184.18,299.993149
184.19,314.625898
184.2,305.360976
184.21,320.159226
184.22,326.350201
184.23,329.766401
184.24,349.055886
184.25,361.065999
184.26,364.335228
184.27,364.099011
184.28,370.633612
184.29,371.465354
184.3,388.731219
184.31,391.142701
184.32,385.36222
184.33,381.599163
184.34,382.238304
184.35,371.557298
184.36,373.082142
184.37,369.244247
184.38,366.282547
184.39,365.514954
184.4,358.107043
184.41,343.45458
184.42,342.210313
184.43,337.718881
184.44,362.300266
184.45,360.731637
184.46,350.676274
184.47,346.903048
184.48,360.38589
184.49,366.010136
184.5,351.886345
184.51,363.926129
184.52,366.104226
184.53,371.033503
184.54,370.334804
184.55,369.785593
184.56,379.438653
184.57,391.872136
184.58,375.261587
184.59,365.047376
184.6,363.415185
184.61,370.017537
184.62,360.026656
184.63,362.832855
184.64,361.463768
184.65,358.242794
184.66,343.982646
184.67,339.852681
184.68,338.153341
184.69,336.763695
184.7,333.302783
184.71,334.806616
184.72,330.904032
184.73,338.511674
184.74,324.283643
184.75,327.846416
184.76,305.702902
184.77,316.038909
184.78,319.453651
184.79,319.941515
184.8,324.949182
184.81,317.208349
184.82,329.14324
184.83,330.060015
184.84,344.41999
184.85,332.325552
184.86,346.78608
184.87,369.318204
184.88,376.631044
184.89,385.726908
184.9,388.343034
184.91,389.368644
184.92,381.379457
184.93,387.821802
184.94,406.897899
184.95,394.815956
184.96,381.232793
184.97,356.816865
184.98,376.400396
184.99,379.37489
185,383.588833
185.01,371.65764
185.02,374.392983
185.03,364.703837
185.04,366.156435
185.05,344.959457
185.06,366.370557
185.07,359.93319
185.08,354.563082
185.09,342.036733
185.1,335.949187
185.11,334.99576
185.12,329.998155
185.13,315.769945
185.14,333.054896
185.15,342.800887
185.16,343.141103
185.17,341.651006
185.18,358.937322
185.19,368.130346
185.2,381.596771
185.21,386.784074
185.22,421.51952
185.23,430.325628
185.24,430.986705
185.25,447.419649
185.26,400.063449
185.27,426.946299
185.28,440.633607
185.29,427.12203
185.3,424.737874
185.31,416.121868
185.32,409.403341
185.33,411.067599
185.34,399.448399
185.35,380.092448
185.36,391.76191
185.37,382.085418
185.38,386.295364
185.39,377.388725
185.4,375.25458
185.41,376.607528
185.42,368.482124
185.43,351.946044
185.44,349.220841
185.45,347.835797
185.46,345.660192
185.47,348.386895
185.48,342.790321
185.49,356.446465
185.5,357.268733
185.51,366.998981
185.52,367.858632
185.53,373.50543
185.54,381.962497
185.55,388.948563
185.56,391.725746
185.57,404.717026
185.58,396.731487
185.59,406.419717
185.6,402.852905
185.61,400.591608
185.62,398.872303
185.63,397.42291
185.64,396.447556
185.65,380.777943
185.66,384.88181
185.67,381.245722
185.68,374.849245
185.69,384.810498
185.7,379.129031
185.71,382.068291
185.72,372.45557
185.73,382.050198
185.74,378.891132
185.75,377.519157
185.76,385.632888
185.77,372.817324
185.78,366.300701
185.79,370.117172
185.8,366.053078
185.81,367.450902
185.82,369.589726
185.83,365.117951
185.84,371.76232
185.85,377.748342
185.86,383.9132
185.87,396.432565
185.88,395.865235
185.89,400.959468
185.9,413.003384
185.91,408.652594
185.92,374.317235
185.93,390.699717
185.94,405.287007
185.95,401.629129
185.96,380.942527
185.97,372.383897
185.98,371.03588
185.99,374.866442
186,369.289709
186.01,366.504024
186.02,366.015074
186.03,374.225606
186.04,368.724355
186.05,366.040352
186.06,367.425281
186.07,355.797295
186.08,359.94207
186.09,354.662885
186.1,334.754157
186.11,326.404403
186.12,336.204921
186.13,336.19817
186.14,346.979897
186.15,348.775098
186.16,342.147078
186.17,344.382733
186.18,355.980489
186.19,358.577795
186.2,356.6414
186.21,334.115365
186.22,364.085444
186.23,377.057274
186.24,385.40537
186.25,387.371769
186.26,395.889912
186.27,403.575689
186.28,411.624222
186.29,407.104984
186.3,407.8422
186.31,410.955521
186.32,411.212052
186.33,413.666529
186.34,413.795338
186.35,399.564315
186.36,417.599085
186.37,413.233463
186.38,412.578071
186.39,416.004973
186.4,415.636277
186.41,409.193007
186.42,402.156108
186.43,391.889029
186.44,398.286385
186.45,386.260779
186.46,387.408323
186.47,380.762324
186.48,372.753927
186.49,377.762015
186.5,372.419538
186.51,359.160459
186.52,352.059536
186.53,341.513442
186.54,338.112492
186.55,334.67454
186.56,340.117945
186.57,339.323709
186.58,340.28482
186.59,351.120332
186.6,362.138605
186.61,410.844362
186.62,408.539919
186.63,455.007585
186.64,471.398144
186.65,471.16048
186.66,476.706415
186.67,474.058612
186.68,490.995202
186.69,487.577838
186.7,481.285009
186.71,471.682197
186.72,445.875466
186.73,425.338579
186.74,401.718333
186.75,398.136749
186.76,399.565149
186.77,398.643076
186.78,384.750264
186.79,372.798277
186.8,354.03664
186.81,364.061564
186.82,346.795308
186.83,333.972865
186.84,332.257944
186.85,334.078014
186.86,278.788761
186.87,266.570407
186.88,273.224733
186.89,279.002732
186.9,289.399661
186.91,293.897086
186.92,316.125442
186.93,310.469148
186.94,350.310338
186.95,370.496029
186.96,385.651782
186.97,372.587551
186.98,390.431821
186.99,411.030249
187,416.052198
187.01,417.472204
187.02,421.591949
187.03,411.49353
187.04,414.433078
187.05,419.177108
187.06,407.343303
187.07,410.272268
187.08,407.631986
187.09,387.891438
187.1,384.927208
187.11,389.401371
187.12,392.048242
187.13,398.577559
187.14,392.420037
187.15,366.672927
187.16,402.32471
187.17,396.608839
187.18,374.636414
187.19,366.832423
187.2,371.429689
187.21,365.009675
187.22,365.243645
187.23,377.747769
187.24,359.448856
187.25,357.109454
187.26,341.124671
187.27,324.799275
187.28,338.553825
187.29,334.98046
187.3,352.764235
187.31,332.185275
187.32,315.450345
187.33,311.532454
187.34,294.252195
187.35,292.761607
187.36,305.038813
187.37,343.761426
187.38,354.810413
187.39,344.92519
187.4,343.341601
187.41,356.249434
187.42,379.906791
187.43,399.614232
187.44,416.388383
187.45,432.224973
187.46,432.873746
187.47,447.313272
187.48,440.983144
187.49,429.714388
187.5,441.4316
187.51,452.416558
187.52,463.789451
187.53,482.544053
187.54,491.018
187.55,504.011158
187.56,463.075029
187.57,470.4632
187.58,470.321461
187.59,468.274313
187.6,446.999368
187.61,429.596139
187.62,418.142049
187.63,427.957617
187.64,424.5948
187.65,416.228174
187.66,423.6044
187.67,428.493513
187.68,420.578758
187.69,432.762477
187.7,410.9512
187.71,400.130865
187.72,411.816703
187.73,406.052278
187.74,394.341635
187.75,401.486296
187.76,395.668794
187.77,389.172031
187.78,408.161458
187.79,389.980814
187.8,407.37374
187.81,406.143797
187.82,405.587704
187.83,392.072435
187.84,386.070278
187.85,379.707427
187.86,376.542574
187.87,372.97527
187.88,353.297475
187.89,366.4724
187.9,364.648504
187.91,359.223791
187.92,363.47073
187.93,349.890248
187.94,339.832067
187.95,341.541268
187.96,340.716974
187.97,344.920122
187.98,347.301739
187.99,336.411562
188,331.239845
188.01,331.582852
188.02,334.180217
188.03,319.413487
188.04,314.842959
188.05,312.401539
188.06,312.292801
188.07,341.724362
188.08,348.074941
188.09,319.445605
188.1,317.367769
188.11,325.764157
188.12,333.255252
188.13,331.955657
188.14,329.259178
188.15,341.13593
188.16,353.924313
188.17,356.959879
188.18,361.562452
188.19,359.132956
188.2,378.727254
188.21,375.66287
188.22,384.552084
188.23,370.818842
188.24,374.765585
188.25,371.40227
188.26,371.412922
188.27,371.346054
188.28,376.104102
188.29,361.00644
188.3,356.548132
188.31,352.235854
188.32,346.87913
188.33,349.999965
188.34,353.94398
188.35,340.878957
188.36,337.117761
188.37,331.517183
188.38,321.599037
188.39,320.19286
188.4,317.380422
188.41,320.00633
188.42,327.215426
188.43,290.493092
188.44,295.151026
188.45,318.380378
188.46,345.432538
188.47,299.672417
188.48,283.698322
188.49,281.773713
188.5,291.685965
188.51,286.636261
188.52,276.997146
188.53,280.909376
188.54,293.808955
188.55,313.478757
188.56,318.887896
188.57,334.417514
188.58,359.791838
188.59,392.598487
188.6,399.69887
188.61,386.658807
188.62,397.335803
188.63,398.852539
188.64,417.609113
188.65,416.601194
188.66,446.743075
188.67,451.646939
188.68,444.994957
188.69,441.53559
188.7,455.601113
188.71,454.306641
188.72,450.507001
188.73,467.663165
188.74,467.379687
188.75,450.205846
188.76,434.452173
188.77,430.847478
188.78,430.966745
188.79,406.165583
188.8,416.506504
188.81,398.156574
188.82,371.787113
188.83,358.152779
188.84,339.69513
188.85,340.731217
188.86,325.60832
188.87,328.348657
188.88,307.132383
188.89,331.538696
188.9,336.804174
188.91,301.956817
188.92,288.959471
188.93,276.071652
188.94,266.894809
188.95,256.177281
188.96,251.752017
188.97,263.452939
188.98,260.413078
188.99,257.396826
189,266.420452
189.01,265.410681
189.02,273.437409
189.03,275.844587
189.04,276.770226
189.05,298.99104
189.06,342.321486
189.07,343.309796
189.08,376.040023
189.09,365.617908
189.1,351.956748
189.11,361.867578
189.12,374.892892
189.13,369.585735
189.14,359.692561
189.15,343.871602
189.16,354.396413
189.17,348.682792
189.18,351.145297
189.19,357.424492
189.2,341.423451
189.21,360.121644
189.22,346.84492
189.23,326.905319
189.24,312.075056
189.25,316.964135
189.26,306.868183
189.27,284.364438
189.28,277.519759
189.29,279.058644
189.3,266.844528
189.31,262.252579
189.32,263.881475
189.33,267.158637
189.34,272.519023
189.35,291.881417
189.36,301.204635
189.37,327.948361
189.38,346.577234
189.39,355.317741
189.4,352.558886
189.41,385.87279
189.42,394.777683
189.43,416.278364
189.44,406.944021
189.45,422.653954
189.46,422.843688
189.47,419.431907
189.48,420.888223
189.49,398.090297
189.5,374.929736
189.51,378.160662
189.52,377.300726
189.53,359.904422
189.54,356.060768
189.55,365.596968
189.56,363.065599
189.57,357.632238
189.58,355.593904
189.59,346.125966
189.6,339.275727
189.61,332.149704
189.62,344.784088
189.63,335.261827
189.64,318.101586
189.65,316.948415
189.66,312.538973
189.67,324.458471
189.68,331.740583
189.69,331.853808
189.7,351.136976
189.71,364.914159
189.72,377.656462
189.73,374.747767
189.74,374.977412
189.75,383.214296
189.76,364.276346
189.77,354.899897
189.78,352.903437
189.79,332.108338
189.8,306.310232
189.81,310.939313
189.82,362.441431
189.83,291.936517
189.84,291.917436
189.85,279.722217
189.86,274.491487
189.87,284.73848
189.88,294.415244
189.89,314.883337
189.9,324.03007
189.91,347.437939
189.92,356.489196
189.93,353.364806
189.94,379.143785
189.95,404.96874
189.96,397.409299
189.97,415.123605
189.98,450.657538
189.99,465.452511
190,452.861539
190.01,417.492676
190.02,418.65878
190.03,414.798075
190.04,414.377627
190.05,403.32993
190.06,379.961732
190.07,388.520715
190.08,376.374456
190.09,355.443022
190.1,336.956535
190.11,330.121682
190.12,314.738813
190.13,303.481121
190.14,279.431424
190.15,265.466709
190.16,274.67759
190.17,258.694854
190.18,249.927198
190.19,256.139101
190.2,256.90584
190.21,254.192849
190.22,263.36487
190.23,281.420605
190.24,463.773737
190.25,462.824928
190.26,504.834492
190.27,463.575331
190.28,477.154388
190.29,519.070003
190.3,518.918636
190.31,505.755871
190.32,462.426017
190.33,499.592262
190.34,508.877101
190.35,484.699435
190.36,478.843796
190.37,466.642832
190.38,447.287814
190.39,424.787606
190.4,421.941398
190.41,437.553684
190.42,423.390288
190.43,410.02185
190.44,406.467686
190.45,409.467871
190.46,425.139616
190.47,402.996997
190.48,415.786081
190.49,426.565823
190.5,429.609026
190.51,411.155556
190.52,423.387971
190.53,413.295561
190.54,410.851311
190.55,410.874047
190.56,447.383134
190.57,443.438958
190.58,443.294893
190.59,457.723714
190.6,476.459587
190.61,463.222593
190.62,467.066343
190.63,475.360401
190.64,478.829277
190.65,479.602228
190.66,472.20132
190.67,479.7244
190.68,495.670355
190.69,477.999759
190.7,476.468205
190.71,470.609508
190.72,472.607432
190.73,456.494486
190.74,442.634318
190.75,411.941751
190.76,456.04892
190.77,446.084292
190.78,422.909665
190.79,415.348995
190.8,408.214064
190.81,399.124215
190.82,400.079993
190.83,400.775646
190.84,406.513502
190.85,419.832898
190.86,426.502807
190.87,444.273543
190.88,463.935854
190.89,469.069317
190.9,456.762771
190.91,486.674647
190.92,488.352405
190.93,483.46309
190.94,491.4665
190.95,483.785303
190.96,498.025169
190.97,498.15613
190.98,504.73122
190.99,496.102514
191,477.937641
191.01,477.292021
191.02,478.183097
191.03,480.52529
191.04,470.553609
191.05,475.18786
191.06,460.156186
191.07,438.481528
191.08,422.538316
191.09,440.54905
191.1,439.767769
191.11,439.943138
191.12,442.000297
191.13,435.05208
191.14,427.422315
191.15,419.593884
191.16,426.746326
191.17,431.005949
191.18,434.253637
191.19,439.082902
191.2,455.416681
191.21,473.389862
191.22,464.62554
191.23,460.581577
191.24,484.668446
191.25,486.627115
191.26,488.490965
191.27,483.7866
191.28,464.404138
191.29,500.918708
191.3,507.527569
191.31,504.230637
191.32,498.545065
191.33,501.685145
191.34,488.359893
191.35,471.989955
191.36,467.952855
191.37,467.073469
191.38,467.114262
191.39,460.424613
191.4,485.918013
191.41,493.055342
191.42,468.435477
191.43,476.858353
191.44,477.273701
191.45,449.373377
191.46,439.462589
191.47,408.410655
191.48,447.293117
191.49,480.737493
191.5,482.252628
191.51,473.404102
191.52,421.260587
191.53,396.069281
191.54,372.176571
191.55,375.832145
191.56,328.367845
191.57,322.772599
191.58,317.50775
191.59,310.692961
191.6,309.468998
191.61,305.612931
191.62,304.561384
191.63,316.016853
191.64,304.508896
191.65,312.203815
191.66,312.528261
191.67,313.242185
191.68,307.058633
191.69,315.703823
191.7,317.843983
191.71,320.569657
191.72,321.908459
191.73,320.936277
191.74,317.01769
191.75,319.219436
191.76,307.210748
191.77,315.009486
191.78,320.104281
191.79,312.298108
191.8,304.089179
191.81,304.086833
191.82,318.009315
191.83,323.612428
191.84,334.759775
191.85,351.343879
191.86,350.043275
191.87,363.900342
191.88,389.755867
191.89,406.474281
191.9,411.070468
191.91,408.787484
191.92,412.248904
191.93,425.699482
191.94,404.303268
191.95,414.121139
191.96,419.937924
191.97,410.655865
191.98,418.75802
191.99,416.408003
192,386.726493
192.01,401.683587
192.02,408.021535
192.03,401.059734
192.04,406.769577
192.05,409.567049
192.06,411.469671
192.07,405.734212
192.08,391.16903
192.09,394.269817
192.1,394.504469
192.11,374.653285
192.12,389.815085
192.13,382.91344
192.14,367.012328
192.15,373.861474
192.16,379.264096
192.17,379.196089
192.18,366.967373
192.19,369.497198
192.2,363.670406
192.21,366.241159
192.22,370.720932
192.23,371.698231
192.24,370.622263
192.25,346.824879
192.26,378.352903
192.27,364.17558
192.28,353.620178
192.29,349.000684
192.3,344.420948
192.31,346.83782
192.32,331.070297
192.33,330.066998
192.34,324.927379
192.35,329.626887
192.36,331.908697
192.37,339.341554
192.38,344.832607
192.39,343.866716
192.4,348.467462
192.41,348.838521
192.42,350.191005
192.43,367.167803
192.44,372.687347
192.45,368.897006
192.46,357.243216
192.47,362.544703
192.48,370.527389
192.49,372.88947
192.5,388.911056
192.51,381.821269
192.52,378.487425
192.53,400.276077
192.54,406.198328
192.55,398.263639
192.56,411.412673
192.57,406.710189
192.58,395.676247
192.59,402.309508
192.6,392.220633
192.61,381.150786
192.62,372.645508
192.63,370.650943
192.64,358.285905
192.65,355.370026
192.66,344.683486
192.67,334.613307
192.68,341.316834
192.69,335.161052
192.7,322.043574
192.71,311.046035
192.72,327.688524
192.73,327.514101
192.74,362.206886
192.75,355.859009
192.76,340.449952
192.77,357.668019
192.78,370.290549
192.79,388.20578
192.8,400.783538
192.81,390.239252
192.82,392.603653
192.83,407.120164
192.84,410.246232
192.85,402.62934
192.86,405.843386
192.87,426.529915
192.88,418.609494
192.89,414.005503
192.9,402.094639
192.91,364.474102
192.92,338.072318
192.93,315.812951
192.94,346.887657
192.95,320.377892
192.96,309.831604
192.97,335.837094
192.98,305.587358
192.99,277.537289
193,286.553633
193.01,292.62385
193.02,277.400761
193.03,280.935444
193.04,277.346428
193.05,279.412858
193.06,274.982602
193.07,282.535175
193.08,293.195998
193.09,290.742872
193.1,309.559407
193.11,325.731267
193.12,329.215704
193.13,337.250933
193.14,376.875958
193.15,404.409413
193.16,452.42293
193.17,462.366344
193.18,462.110567
193.19,442.849046
193.2,448.024838
193.21,470.511018
193.22,457.443925
193.23,468.262126
193.24,483.237079
193.25,463.431026
193.26,450.466207
193.27,443.685245
193.28,463.445136
193.29,432.376018
193.3,411.800754
193.31,412.751766
193.32,408.898887
193.33,386.266082
193.34,351.90007
193.35,379.585483
193.36,385.167714
193.37,370.320132
193.38,353.761864
193.39,372.339669
193.4,366.832191
193.41,364.010015
193.42,373.304324
193.43,355.011378
193.44,324.745378
193.45,321.717172
193.46,321.548512
193.47,324.754932
193.48,312.959708
193.49,301.889156
193.5,295.258396
193.51,290.412593
193.52,272.572697
193.53,291.661107
193.54,276.405002
193.55,285.65272
193.56,280.364867
193.57,292.47272
193.58,296.884915
193.59,280.530839
193.6,307.858506
193.61,300.647635
193.62,327.225607
193.63,335.541195
193.64,345.862727
193.65,330.048843
193.66,333.614479
193.67,329.271516
193.68,336.86091
193.69,321.619831
193.7,322.271894
193.71,321.038923
193.72,327.126557
193.73,327.964844
193.74,318.383742
193.75,315.264795
193.76,320.621673
193.77,329.959733
193.78,329.582182
193.79,317.031218
193.8,316.257658
193.81,311.777797
193.82,317.072735
193.83,314.366003
193.84,321.101019
193.85,324.512533
193.86,325.709326
193.87,333.113627
193.88,325.602063
193.89,339.927839
193.9,346.017653
193.91,363.405321
193.92,357.980974
193.93,370.581652
193.94,385.720092
193.95,388.333176
193.96,383.669408
193.97,397.10206
193.98,404.340361
193.99,407.386827
194,407.82087
194.01,411.284673
194.02,437.368807
194.03,427.962156
194.04,410.47643
194.05,418.875861
194.06,435.228857
194.07,447.5574
194.08,457.745485
194.09,440.551758
194.1,432.121079
194.11,451.379955
194.12,457.140036
194.13,463.214399
194.14,452.286089
194.15,463.106073
194.16,445.823464
194.17,425.83594
194.18,433.388493
194.19,439.562285
194.2,419.658495
194.21,416.413722
194.22,407.211311
194.23,400.91602
194.24,384.601662
194.25,372.931941
194.26,371.387342
194.27,361.677275
194.28,335.739703
194.29,327.390657
194.3,333.42355
194.31,333.522995
194.32,316.427097
194.33,309.934537
194.34,295.549754
194.35,286.169114
194.36,292.259328
194.37,295.457195
194.38,278.876563
194.39,288.220669
194.4,342.588273
194.41,374.918901
194.42,409.644082
194.43,420.698168
194.44,400.871872
194.45,372.507423
194.46,386.475742
194.47,370.386883
194.48,364.16728
194.49,340.081204
194.5,326.958704
194.51,343.351402
194.52,336.744061
194.53,333.643408
194.54,324.894017
194.55,286.326945
194.56,279.393145
194.57,284.405698
194.58,274.403056
194.59,266.640415
194.6,274.453596
194.61,271.312733
194.62,265.373323
194.63,276.737607
194.64,275.545903
194.65,281.583098
194.66,289.011172
194.67,292.99004
194.68,297.933195
194.69,304.183338
194.7,322.123373
194.71,327.521074
194.72,341.232897
194.73,349.474229
194.74,328.331658
194.75,346.272448
194.76,342.055259
194.77,332.202417
194.78,329.776932
194.79,316.665114
194.8,322.670189
194.81,311.754649
194.82,305.123629
194.83,289.74284
194.84,276.501261
194.85,257.494724
194.86,264.048593
194.87,244.736711
194.88,234.593139
194.89,230.721406
194.9,230.862006
194.91,231.016151
194.92,233.211813
194.93,223.810987
194.94,221.954015
194.95,223.97555
194.96,224.72116
194.97,221.268934
194.98,223.241095
194.99,228.591732
195,245.452404
195.01,254.787493
195.02,290.051788
195.03,312.909368
195.04,315.055782
195.05,340.403108
195.06,353.311286
195.07,353.971113
195.08,330.121926
195.09,344.90455
195.1,333.881092
195.11,310.384201
195.12,293.785156
195.13,271.546801
195.14,264.156983
195.15,279.514844
195.16,250.702029
195.17,245.466388
195.18,264.183286
195.19,260.913773
195.2,266.803156
195.21,256.965074
195.22,256.629716
195.23,241.876088
195.24,256.263719
195.25,283.902579
195.26,313.147817
195.27,341.05827
195.28,338.693555
195.29,344.854932
195.3,366.029513
195.31,376.319917
195.32,386.301029
195.33,383.517431
195.34,378.251955
195.35,373.537764
195.36,349.222971
195.37,339.480604
195.38,331.250902
195.39,331.113623
195.4,318.017381
195.41,312.619411
195.42,307.209168
195.43,304.19577
195.44,296.933756
195.45,296.098213
195.46,303.384563
195.47,281.139287
195.48,284.15177
195.49,281.962599
195.5,293.105215
195.51,308.005905
195.52,332.859691
195.53,373.958922
195.54,380.206337
195.55,412.533608
195.56,428.715015
195.57,463.63977
195.58,439.043547
195.59,474.154666
195.6,491.290702
195.61,484.526686
195.62,467.008771
195.63,483.409203
195.64,490.526426
195.65,486.829491
195.66,477.927563
195.67,477.499698
195.68,481.456724
195.69,481.777795
195.7,461.640834
195.71,436.110066
195.72,432.436398
195.73,406.113431
195.74,380.039593
195.75,364.09993
195.76,344.778399
195.77,312.445434
195.78,340.80259
195.79,328.051509
195.8,337.602226
195.81,291.495806
195.82,279.69625
195.83,284.482707
195.84,301.570382
195.85,308.612492
195.86,307.868216
195.87,322.391015
195.88,345.168805
195.89,323.367255
195.9,330.329427
195.91,362.114704
195.92,349.806687
195.93,337.820775
195.94,353.965547
195.95,333.320422
195.96,312.305227
195.97,292.139145
195.98,289.701254
195.99,291.213191
196,313.103207
196.01,332.060732
196.02,342.350125
196.03,386.130575
196.04,437.546355
196.05,453.92328
196.06,484.064567
196.07,472.548047
196.08,447.594263
196.09,427.97591
196.1,407.554022
196.11,412.293995
196.12,392.718182
196.13,377.270135
196.14,380.568916
196.15,357.958408
196.16,348.456435
196.17,318.831596
196.18,304.628171
196.19,334.951943
196.2,333.75077
196.21,273.709537
196.22,255.607321
196.23,241.328699
196.24,244.461586
196.25,240.125317
196.26,243.85057
196.27,242.906822
196.28,236.09478
196.29,239.950321
196.3,244.715377
196.31,262.154684
196.32,277.046481
196.33,306.417484
196.34,350.696394
196.35,357.603774
196.36,350.704964
196.37,366.532389
196.38,350.131338
196.39,361.814857
196.4,358.047036
196.41,347.38816
196.42,336.04007
196.43,351.227473
196.44,354.660535
196.45,358.847351
196.46,352.345181
196.47,364.531658
196.48,369.524838
196.49,365.016637
196.5,376.199463
196.51,391.288065
196.52,392.387385
196.53,416.906894
196.54,432.564528
196.55,416.217659
196.56,423.189742
196.57,422.34095
196.58,419.77713
196.59,394.161328
196.6,406.126686
196.61,399.431231
196.62,393.494697
196.63,403.382884
196.64,395.672333
196.65,381.77225
196.66,370.365059
196.67,365.339149
196.68,358.289447
196.69,347.042367
196.7,333.476226
196.71,341.034831
196.72,348.014428
196.73,334.211498
196.74,329.034066
196.75,323.267683
196.76,321.329588
196.77,315.894074
196.78,330.238271
196.79,311.470336
196.8,314.815332
196.81,332.088288
196.82,332.710384
196.83,355.358955
196.84,374.876015
196.85,376.043298
196.86,393.241578
196.87,392.101093
196.88,401.527
196.89,414.566381
196.9,413.115955
196.91,404.536002
196.92,394.546702
196.93,387.32831
196.94,363.492876
196.95,370.339887
196.96,363.347611
196.97,353.765318
196.98,349.792866
196.99,337.04552
197,333.977529
197.01,328.42237
197.02,315.847874
197.03,302.679306
197.04,325.148937
197.05,322.726084
197.06,322.822086
197.07,332.621977
197.08,344.716037
197.09,354.818308
197.1,359.294586
197.11,374.10191
197.12,373.966888
197.13,386.505009
197.14,401.695763
197.15,400.648949
197.16,407.3358
197.17,414.294207
197.18,386.261772
197.19,387.396252
197.2,393.274652
197.21,391.802067
197.22,377.391599
197.23,387.222438
197.24,398.802727
197.25,371.996687
197.26,376.042547
197.27,374.444207
197.28,350.400165
197.29,381.2226
197.3,385.81865
197.31,405.236185
197.32,404.854823
197.33,388.82695
197.34,390.081194
197.35,414.191181
197.36,418.837898
197.37,401.30078
197.38,406.948164
197.39,416.781181
197.4,419.816918
197.41,432.160695
197.42,436.234182
197.43,442.904213
197.44,444.796419
197.45,439.912425
197.46,424.054249
197.47,424.612598
197.48,410.348119
197.49,413.526755
197.5,425.869721
197.51,420.857316
197.52,423.365287
197.53,415.376923
197.54,401.603625
197.55,385.621545
197.56,381.113152
197.57,387.661775
197.58,379.943647
197.59,353.853167
197.6,357.970543
197.61,337.176697
197.62,352.403491
197.63,362.199036
197.64,361.618511
197.65,374.269325
197.66,366.4689
197.67,360.681596
197.68,364.805799
197.69,371.475372
197.7,362.623562
197.71,379.529433
197.72,391.204001
197.73,396.589499
197.74,383.650622
197.75,372.684238
197.76,398.831334
197.77,402.959922
197.78,392.679649
197.79,390.039638
197.8,389.441117
197.81,373.3159
197.82,358.185018
197.83,352.386889
197.84,353.558979
197.85,341.109063
197.86,355.049464
197.87,356.181604
197.88,344.28479
197.89,348.568295
197.9,359.750088
197.91,366.821823
197.92,366.283277
197.93,366.337011
197.94,359.593354
197.95,375.376166
197.96,380.032682
197.97,375.630495
197.98,367.507329
197.99,350.366568
198,363.657046
198.01,359.236542
198.02,361.099378
198.03,350.120937
198.04,339.480394
198.05,350.562444
198.06,345.055735
198.07,344.38325
198.08,333.173912
198.09,333.390801
198.1,332.364679
198.11,327.591576
198.12,341.990731
198.13,339.539641
198.14,341.360163
198.15,344.269187
198.16,351.305277
198.17,364.902065
198.18,359.312462
198.19,345.765909
198.2,364.95536
198.21,372.59999
198.22,369.161082
198.23,366.375401
198.24,361.358548
198.25,353.258707
198.26,361.742655
198.27,363.396272
198.28,359.634546
198.29,353.232823
198.3,339.360914
198.31,346.98543
198.32,344.554347
198.33,329.939326
198.34,315.459825
198.35,314.495876
198.36,296.903224
198.37,296.108901
198.377,292.590331
198.38,289.651849
198.387,293.549546
198.39,302.016926
198.397,285.225102
198.407,286.873929
198.417,286.265306
198.427,293.323123
198.437,291.299098
198.447,319.518297
198.457,333.34669
198.467,337.553011
198.477,355.793926
198.487,356.898342
198.497,375.630155
198.507,388.925311
198.517,401.905471
198.527,388.00092
198.537,399.94942
198.547,360.935037
198.557,404.581108
198.567,389.426855
198.577,386.261013
198.587,380.567609
198.597,373.628083
198.607,377.204237
198.617,361.535078
198.627,362.721575
198.637,341.109828
198.647,334.5794
198.657,337.190153
198.667,326.150552
198.677,335.230395
198.687,327.491658
198.697,320.628409
198.707,329.755952
198.717,327.791805
198.727,322.666848
198.737,319.358577
198.747,321.181053
198.757,334.682806
198.767,331.278239
198.777,326.920445
198.787,320.056319
198.797,315.415064
198.807,305.316363
198.817,312.061427
198.827,322.571613
198.837,326.336532
198.847,321.090751
198.857,309.628416
198.867,306.430199
198.877,303.439496
198.887,303.336679
198.897,298.88863
198.907,295.597446
198.917,285.295955
198.927,290.200518
198.937,284.816659
198.947,285.644462
198.957,286.194646
198.967,280.43741
198.977,268.075359
198.987,270.843869
198.997,275.83751
199.007,285.512081
199.017,278.69945
199.027,277.599402
199.037,281.925467
199.047,280.458482
199.057,286.386187
199.067,288.932608
199.077,288.367919
199.087,297.984061
199.097,318.592925
199.107,328.502989
199.117,327.111799
199.127,323.626342
199.137,325.488195
199.147,345.377678
199.157,369.087242
199.167,356.878344
199.177,354.121233
199.187,354.504974
199.197,351.616487
199.207,360.82976
199.217,365.76514
199.227,365.569322
199.237,360.044857
199.247,356.794756
199.257,354.002722
199.267,354.493431
199.277,340.869432
199.287,319.920509
199.297,313.483098
199.307,307.948342
199.317,307.543787
199.327,305.077333
199.337,302.718741
199.347,300.800864
199.357,300.165166
199.367,301.516176
199.377,313.736004
199.387,301.835928
199.397,278.437549
199.407,287.252364
199.417,290.271374
199.427,289.325645
199.437,292.143314
199.447,282.602822
199.457,288.908242
199.467,299.437392
199.477,295.569397
199.487,306.546813
199.497,328.614083
199.507,339.974554
199.517,345.646548
199.527,353.900766
199.537,349.851201
199.547,327.113832
199.557,333.463001
199.567,323.774791
199.577,322.43276
199.587,295.06368
199.597,298.359993
199.607,306.176272
199.617,316.889379
199.627,305.331863
199.637,302.343491
199.647,300.749124
199.657,296.872117
199.667,304.476837
199.677,316.287873
199.687,323.44576
199.697,321.422777
199.707,325.00024
199.717,328.89646
199.727,329.991752
199.737,339.991346
199.747,330.655543
199.757,334.633114
199.767,326.31795
199.777,336.283981
199.787,336.417629
199.797,334.541414
199.807,330.6774
199.817,342.300458
199.827,345.767491
199.837,340.255379
199.847,352.360483
199.857,349.256758
199.867,347.880614
199.877,344.112878
199.887,350.402439
199.897,353.032855
199.907,341.164646
199.917,346.259899
199.927,359.739861
199.937,370.75062
199.947,382.647415
199.957,377.422611
199.967,370.534778
199.977,378.472972
199.987,370.046717
199.997,361.661131
200.007,368.316036
200.017,375.773482
200.027,371.083238
200.037,367.275262
200.047,345.170725
200.057,337.2473
200.067,334.207723
200.077,293.847877
200.087,292.913168
200.097,288.11404
200.107,290.306323
200.117,301.33657
200.127,317.037348
200.137,315.112443
200.147,331.592257
200.157,360.65208
200.167,368.007484
200.177,373.907488
200.187,375.659222
200.197,381.482549
200.207,395.56305
200.217,396.947827
200.227,371.183592
200.237,395.947008
200.247,382.265562
200.257,374.000573
200.267,362.798699
200.277,349.950769
200.287,330.106557
200.297,360.806691
200.307,357.527654
200.317,353.937845
200.327,345.183254
200.337,334.200741
200.347,313.379669
200.357,306.42766
200.367,299.555164
200.377,291.767241
200.387,297.881987
200.397,294.496856
200.407,301.195922
200.417,301.401183
200.427,311.06849
200.437,319.802593
200.447,311.859991
200.457,315.099796
200.467,313.675185
200.477,315.699409
200.487,319.68198
200.497,312.137762
200.507,308.496703
200.517,325.007164
200.527,333.070531
200.537,332.505114
200.547,341.018966
200.557,341.529992
200.567,350.551888
200.577,342.576944
200.587,173.094136
200.597,175.387786
200.607,325.795821
200.617,357.425979
200.627,334.558596
200.637,297.989565
200.647,337.313769
200.657,331.645914
200.667,325.550564
200.677,320.638057
200.687,315.219651
200.697,316.389779
200.707,325.781844
200.717,319.035267
200.727,318.47616
200.737,322.708246
200.747,302.803895
200.757,299.320762
200.767,295.992388
200.777,300.564382
200.787,307.566549
200.797,300.188511
200.807,303.632525
200.817,297.114819
200.827,303.465153
200.837,306.898689
200.847,316.535413
200.857,322.051714
200.867,337.916328
200.877,347.108917
200.887,350.738781
200.897,345.478007
200.907,348.512924
200.917,351.494531
200.927,359.58437
200.937,349.286755
200.947,349.213921
200.957,337.887686
200.967,326.902614
200.977,323.48474
200.987,310.46833
200.997,300.524888
201.007,296.878948
201.017,290.72752
201.027,282.916615
201.037,282.617752
201.047,276.226923
201.057,269.35806
201.067,286.042331
201.077,284.934906
201.087,276.587869
201.097,282.344237
201.107,286.725804
201.117,291.817203
201.127,295.636925
201.137,303.173415
201.147,304.115786
201.157,313.425085
201.167,322.297328
201.177,325.81974
201.187,351.397284
201.197,348.657643
201.207,352.264334
201.217,368.364024
201.227,370.356905
201.237,366.880344
201.247,393.200978
201.257,406.194106
201.267,398.561918
201.277,393.899146
201.287,385.559874
201.297,381.435609
201.307,357.424772
201.317,355.835871
201.327,362.402254
201.337,389.428418
201.347,394.534242
201.357,383.506699
201.367,371.041656
201.377,388.939798
201.387,383.053741
201.397,358.684623
201.407,352.082052
201.417,356.028163
201.427,338.463342
201.437,374.371925
201.447,361.638416
201.457,360.571297
201.467,374.802814
201.477,383.061389
201.487,379.750758
201.497,385.522471
201.507,394.165502
201.517,403.440854
201.527,420.134017
201.537,395.268312
201.547,420.088545
201.557,438.76986
201.567,464.146097
201.577,463.410159
201.587,470.130253
201.597,459.369669
201.607,464.502094
201.617,456.575158
201.627,431.645456
201.637,438.363251
201.647,452.834611
201.657,451.555436
201.667,452.701157
201.677,447.251362
201.687,409.587838
201.697,400.386317
201.707,383.103232
201.717,359.393107
201.727,361.715153
201.737,370.301387
201.747,346.213335
201.757,346.376524
201.767,338.606163
201.777,332.758242
201.787,325.485359
201.797,323.200585
201.807,328.589875
201.817,329.733796
201.827,333.549625
201.837,328.460835
201.847,327.751656
201.857,302.382833
201.867,312.799843
201.877,299.677588
201.887,287.766905
201.897,303.71618
201.907,291.487087
201.917,284.794779
201.927,282.651524
201.937,286.600506
201.947,287.083219
201.957,307.914739
201.967,304.212617
201.977,307.527167
201.987,304.481215
201.997,311.855168
202.007,308.030995
202.017,302.219569
202.027,304.145567
202.037,301.095917
202.047,296.145689
202.057,304.804081
202.067,305.708917
202.077,313.116734
202.087,307.200871
202.097,299.510371
202.107,318.019877
202.117,321.696554
202.127,328.517527
202.137,334.080637
202.147,321.418942
202.157,350.395726
202.167,354.12528
202.177,353.634432
202.187,354.255085
202.197,356.2589
202.207,362.311508
202.217,373.146155
202.227,365.040643
202.237,365.477157
202.247,364.880832
202.257,340.846419
202.267,375.231537
202.277,382.48266
202.287,372.205998
202.297,376.148011
202.307,382.079219
202.317,385.668342
202.327,390.687262
202.337,391.377292
202.347,392.146759
202.357,391.805303
202.367,385.891445
202.377,385.424434
202.387,390.823993
202.397,388.318327
202.407,389.913569
202.417,397.411789
202.427,389.220752
202.437,396.274018
202.447,397.09838
202.457,392.726487
202.467,383.658548
202.477,388.150797
202.487,387.268
202.497,371.981715
202.507,373.401646
202.517,383.560068
202.527,376.70878
202.537,362.559179
202.547,366.659898
202.557,358.936437
202.567,355.424003
202.577,336.841562
202.587,349.278912
202.597,348.389684
202.607,349.547369
202.617,341.914029
202.627,343.947415
202.637,352.945553
202.647,350.342419
202.657,358.222632
202.667,365.225829
202.677,368.304073
202.687,360.749158
202.697,368.67699
202.707,360.1422
202.717,359.052004
202.727,334.699204
202.737,358.322592
202.747,361.939504
202.757,352.706626
202.767,355.138667
202.777,356.034088
202.787,354.672544
202.797,355.759019
202.807,355.708797
202.817,355.223074
202.827,358.654822
202.837,370.482097
202.847,381.552937
202.857,390.077971
202.867,386.626932
202.877,394.805326
202.887,375.48603
202.897,379.987863
202.907,362.689116
202.917,369.17071
202.927,383.224431
202.937,394.670888
202.947,390.297282
202.957,395.474508
202.967,383.718795
202.977,396.049155
202.987,381.720818
202.997,378.490581
203.007,368.878501
203.017,373.555646
203.027,384.322683
203.037,363.820103
203.047,360.108485
203.057,365.460845
203.067,364.232341
203.077,374.008512
203.087,381.075219
203.097,393.171429
203.107,386.079977
203.117,389.777466
203.127,396.416973
203.137,404.306536
203.147,430.673262
203.157,428.071162
203.167,436.990562
203.177,431.468366
203.187,416.14524
203.197,430.89973
203.207,431.613433
203.217,421.450312
203.227,424.702228
203.237,418.777025
203.247,423.122223
203.257,422.784017
203.267,422.243766
203.277,413.196469
203.287,422.779928
203.297,425.417231
203.307,414.796265
203.317,404.830722
203.327,406.070866
203.337,407.556218
203.347,408.893605
203.357,407.727337
203.367,404.251387
203.377,403.21476
203.387,400.299278
203.397,424.065899
203.407,428.697455
203.417,407.533212
203.427,396.062301
203.437,388.636942
203.447,389.961758
203.457,396.453931
203.467,391.750235
203.477,392.905233
203.487,394.913658
203.497,385.61847
203.507,390.07658
203.517,391.865009
203.527,385.215487
203.537,385.563378
203.547,392.394409
203.557,399.419317
203.567,397.32162
203.577,385.202365
203.587,391.849398
203.597,396.333668
203.607,399.012809
203.617,399.000501
203.627,396.684013
203.637,408.752857
203.647,424.107136
203.657,443.069822
203.667,480.194322
203.677,475.334593
203.687,547.29299
203.697,545.044782
203.707,552.832976
203.717,556.313937
203.727,498.599102
203.737,552.677707
203.747,508.449324
203.757,460.634746
203.767,510.992512
203.777,492.727283
203.787,453.26457
203.797,441.106974
203.807,480.421887
203.817,486.090778
203.827,514.214898
203.837,543.085029
203.847,510.089735
203.857,518.723656
203.867,538.45431
203.87,506.787641
203.877,506.278496
203.88,570.45222
203.89,593.696155
203.9,593.337594
203.91,508.714739
203.92,420.146069
203.93,391.257975
203.94,375.370291
203.95,359.798916
203.96,381.468585
203.97,385.610712
203.98,399.389407
203.99,403.026823
204,394.417316
204.01,401.25935
204.02,396.741703
204.03,392.366353
204.04,399.024446
204.05,400.395807
204.06,394.878703
204.07,400.96513
204.08,391.029437
204.09,388.610186
204.1,379.798625
204.11,378.272269
204.12,379.898396
204.13,384.96968
204.14,391.078924
204.15,396.244631
204.16,384.281283
204.17,386.672897
204.18,370.438044
204.19,364.890688
204.2,361.434955
204.21,351.816637
204.22,341.32717
204.23,337.272375
204.24,371.945828
204.25,362.087565
204.26,359.961429
204.27,360.799015
204.28,362.000713
204.29,347.454176
204.3,367.145455
204.31,369.543078
204.32,364.924777
204.33,359.866989
204.34,359.205229
204.35,356.231288
204.36,356.190392
204.37,359.138426
204.38,357.35323
204.39,365.690773
204.4,372.349223
204.41,374.367117
204.42,378.685816
204.43,383.508463
204.44,375.026638
204.45,381.80601
204.46,366.348256
204.47,391.772804
204.48,402.531924
204.49,398.054871
204.5,394.999074
204.51,398.396044
204.52,397.167218
204.53,387.208556
204.54,376.699074
204.55,391.870673
204.56,398.69096
204.57,392.496552
204.58,388.055673
204.59,390.251439
204.6,389.427111
204.61,383.729819
204.62,376.492539
204.63,366.823223
204.64,373.379639
204.65,369.514557
204.66,374.110245
204.67,372.801511
204.68,376.805093
204.69,377.354464
204.7,372.560581
204.71,376.756438
204.72,366.363653
204.73,366.696562
204.74,363.854698
204.75,368.602699
204.76,361.894508
204.77,364.270877
204.78,355.127534
204.79,372.191631
204.8,375.973856
204.81,376.190306
204.82,382.353495
204.83,384.446533
204.84,394.652763
204.85,395.146575
204.86,382.581255
204.87,400.135252
204.88,396.187064
204.89,402.30376
204.9,393.24093
204.91,382.457086
204.92,405.005925
204.93,404.272931
204.94,401.679366
204.95,387.176301
204.96,385.760043
204.97,389.106663
204.98,388.336847
204.99,375.303968
205,381.980528
205.01,368.914897
205.02,363.552754
205.03,360.674798
205.04,357.289551
205.05,363.437111
205.06,352.225589
205.07,354.035206
205.08,367.976301
205.09,352.588897
205.1,352.114099
205.11,350.647806
205.12,345.523924
205.13,350.982808
205.14,355.147012
205.15,352.860233
205.16,355.516662
205.17,362.523708
205.18,368.421611
205.19,360.987251
205.2,373.961871
205.21,386.704626
205.22,373.602428
205.23,373.513267
205.24,382.347665
205.25,413.293465
205.26,415.383468
205.27,427.496383
205.28,435.453285
205.29,439.91603
205.3,439.765141
205.31,426.885376
205.32,429.236854
205.33,425.181715
205.34,428.38779
205.35,436.591389
205.36,431.764717
205.37,407.856661
205.38,392.651008
205.39,391.75476
205.4,371.981336
205.41,369.214556
205.42,364.904348
205.43,358.247811
205.44,351.85572
205.45,353.905292
205.46,350.863039
205.47,327.46658
205.48,327.981093
205.49,331.496145
205.5,330.4638
205.51,321.163451
205.52,324.6561
205.53,337.058966
205.54,339.075772
205.55,357.043667
205.56,370.276388
205.57,389.142212
205.58,388.728267
205.59,400.426611
205.6,412.123094
205.61,407.903836
205.62,384.833671
205.63,408.088462
205.64,398.059898
205.65,403.684043
205.66,391.945038
205.67,382.243339
205.68,374.983098
205.69,374.92969
205.7,370.764094
205.71,370.03953
205.72,352.859341
205.73,351.194913
205.74,347.816165
205.75,347.220893
205.76,344.65439
205.77,338.744636
205.78,333.119796
205.79,328.231857
205.8,321.171516
205.81,323.352683
205.82,323.069564
205.83,329.084563
205.84,327.348442
205.85,329.740799
205.86,333.567331
205.87,343.571493
205.88,344.39089
205.89,336.501656
205.9,353.427247
205.91,358.071795
205.92,356.196219
205.93,363.408754
205.94,361.693738
205.95,361.381143
205.96,368.119821
205.97,372.982662
205.98,380.627264
205.99,375.781401
206,373.553359
206.01,378.340309
206.02,379.925424
206.03,372.285522
206.04,376.617886
206.05,382.66423
206.06,414.70455
206.07,398.377001
206.08,381.911826
206.09,377.754986
206.1,366.808068
206.11,363.30665
206.12,356.949581
206.13,367.790141
206.14,362.066946
206.15,338.554432
206.16,346.617268
206.17,341.536113
206.18,327.917274
206.19,350.178929
206.2,319.92862
206.21,306.811903
206.22,318.067905
206.23,304.331001
206.24,306.755262
206.25,317.819048
206.26,316.130824
206.27,311.897211
206.28,311.37701
206.29,310.766157
206.3,308.191703
206.31,318.842909
206.32,322.307779
206.33,325.90525
206.34,326.816189
206.35,330.658542
206.36,336.673591
206.37,343.552154
206.38,344.001554
206.39,337.906853
206.4,349.410455
206.41,346.692411
206.42,351.060003
206.43,363.32615
206.44,358.863549
206.45,371.185207
206.46,384.325874
206.47,372.033066
206.48,370.800122
206.49,370.448535
206.5,367.19086
206.51,370.527946
206.52,372.802176
206.53,369.473661
206.54,374.688371
206.55,362.113477
206.56,361.135758
206.57,366.930053
206.58,346.279564
206.59,340.345406
206.6,346.467547
206.61,348.829716
206.62,332.169178
206.63,329.079064
206.64,325.330951
206.65,335.583673
206.66,340.339498
206.67,322.539852
206.68,329.099391
206.69,330.648893
206.7,333.71692
206.71,346.55507
206.72,346.408653
206.73,330.758662
206.74,329.517051
206.75,363.987134
206.76,365.885243
206.77,366.185743
206.78,366.689739
206.79,364.054731
206.8,370.152236
206.81,380.545328
206.82,381.726717
206.83,380.954139
206.84,383.1833
206.85,381.137308
206.86,375.273324
206.87,394.909344
206.88,395.064528
206.89,394.792794
206.9,404.333333
206.91,399.415483
206.92,391.39708
206.93,384.319944
206.94,370.841718
206.95,355.049999
206.96,354.339892
206.97,333.727867
206.98,331.297284
206.99,320.077339
207,306.567247
207.01,289.384451
207.02,287.604091
207.03,288.906417
207.04,272.823787
207.05,279.682604
207.06,278.617951
207.07,279.5964
207.08,285.011547
207.09,291.53848
207.1,292.529663
207.11,284.798898
207.12,300.228015
207.13,310.06838
207.14,307.806274
207.15,320.035073
207.16,324.271239
207.17,322.13247
207.18,329.641206
207.19,324.527275
207.2,332.275705
207.21,339.048138
207.22,331.225384
207.23,343.824563
207.24,359.183426
207.25,359.406762
207.26,371.87006
207.27,365.086536
207.28,347.23859
207.29,366.869572
207.3,378.548978
207.31,348.114881
207.32,332.505477
207.33,353.461828
207.34,347.597624
207.35,323.685857
207.36,316.124826
207.37,328.564218
207.38,322.591135
207.39,298.738615
207.4,282.106604
207.41,273.754697
207.42,282.537142
207.43,287.371979
207.44,269.673577
207.45,283.906254
207.46,288.105381
207.47,281.514354
207.48,292.082854
207.49,304.205869
207.5,299.760359
207.51,304.668311
207.52,315.229685
207.53,333.074806
207.54,342.378472
207.55,341.413364
207.56,366.043226
207.57,360.546159
207.58,385.090945
207.59,393.670731
207.6,388.47952
207.61,385.271589
207.62,376.73752
207.63,383.959993
207.64,376.092553
207.65,367.152427
207.66,378.27897
207.67,395.841548
207.68,399.410964
207.69,393.743472
207.7,395.332035
207.71,392.811088
207.72,399.514375
207.73,379.579114
207.74,380.687002
207.75,371.996571
207.76,358.912184
207.77,372.119666
207.78,353.097431
207.79,364.275299
207.8,355.281157
207.81,349.094553
207.82,349.903028
207.83,349.341277
207.84,358.283334
207.85,370.600116
207.86,411.965017
207.87,392.411395
207.88,369.746517
207.89,350.456628
207.9,354.521078
207.91,350.266764
207.92,353.784546
207.93,359.665817
207.94,362.112575
207.95,378.297306
207.96,386.498166
207.97,391.168907
207.98,383.683099
207.99,405.894021
208,407.216765
208.01,403.678087
208.02,407.824541
208.03,402.921071
208.04,414.213368
208.05,417.04224
208.06,405.803256
208.07,408.811877
208.08,435.237395
208.09,438.747131
208.1,454.052095
208.11,462.080665
208.12,471.245858
208.13,475.792884
208.14,474.27562
208.15,477.642291
208.16,484.770098
208.17,483.700102
208.18,484.640267
208.19,497.959469
208.2,478.508068
208.21,477.301657
208.22,487.231691
208.23,475.188401
208.24,463.438247
208.25,485.832516
208.26,461.076309
208.27,494.888197
208.28,497.84378
208.29,503.610708
208.3,494.349697
208.31,500.392251
208.32,497.288207
208.33,484.299938
208.34,462.958349
208.35,457.502467
208.36,459.029817
208.37,460.249396
208.38,452.516032
208.39,451.037598
208.4,444.235265
208.41,436.0116
208.42,427.205975
208.43,430.365679
208.44,427.757813
208.45,449.945559
208.46,451.082495
208.47,472.210045
208.48,478.347895
208.49,489.372276
208.5,464.765402
208.51,492.331742
208.52,496.18852
208.53,489.637282
208.54,511.141901
208.55,514.501798
208.56,512.824743
208.57,508.162956
208.58,515.254729
208.59,495.929599
208.6,510.294757
208.61,517.230936
208.62,537.275145
208.63,533.881905
208.64,521.488728
208.65,535.275946
208.66,536.880137
208.67,529.938007
208.68,497.938979
208.69,542.971028
208.7,535.109987
208.71,530.16478
208.72,521.874777
208.73,508.267351
208.74,484.322127
208.75,482.405869
208.76,475.070144
208.77,457.523154
208.78,464.933721
208.79,454.649219
208.8,429.916231
208.81,429.038829
208.82,430.104402
208.83,425.083675
208.84,402.17771
208.85,400.512678
208.86,398.907633
208.87,399.807837
208.88,401.257154
208.89,419.533054
208.9,430.088998
208.91,418.696501
208.92,419.041422
208.93,445.62928
208.94,479.120764
208.95,484.338
208.96,480.527782
208.97,429.603189
208.98,462.898187
208.99,491.395289
209,475.289598
209.01,466.838553
209.02,439.728429
209.03,443.437694
209.04,454.251807
209.05,443.38112
209.06,433.114913
209.07,434.568475
209.08,408.569198
209.09,397.064036
209.1,405.585362
209.11,411.98527
209.12,417.677142
209.13,414.989001
209.14,408.208804
209.15,388.18144
209.16,417.809644
209.17,452.675737
209.18,470.414667
209.19,438.719249
209.2,470.922678
209.21,500.098543
209.22,493.389426
209.23,497.67757
209.24,505.107314
209.25,506.906942
209.26,482.397863
209.27,472.309403
209.28,487.705702
209.29,484.878061
209.3,466.823256
209.31,461.911808
209.32,460.326763
209.33,441.935287
209.34,452.95313
209.35,439.221081
209.36,461.928467
209.37,447.941943
209.38,449.034876
209.39,444.352277
209.4,432.439141
209.41,425.954678
209.42,410.477175
209.43,457.583061
209.44,461.227428
209.45,453.187411
209.46,432.218324
209.47,427.966277
209.48,407.229949
209.49,397.489524
209.5,400.014842
209.51,384.962521
209.52,391.249898
209.53,410.606836
209.54,417.729831
209.55,419.595944
209.56,458.135744
209.57,456.933753
209.58,445.887123
209.59,464.086335
209.6,482.948865
209.61,498.042809
209.62,497.149425
209.63,500.248938
209.64,491.011504
209.65,488.335764
209.66,494.224841
209.67,494.653469
209.68,494.524153
209.69,491.748782
209.7,483.549261
209.71,477.481606
209.72,482.503621
209.73,481.130186
209.74,473.373993
209.75,478.030846
209.76,471.609941
209.77,465.41473
209.78,466.066751
209.79,469.950761
209.8,465.049729
209.81,464.445508
209.82,450.84529
209.83,447.503721
209.84,443.632147
209.85,447.257023
209.86,445.399571
209.87,450.477327
209.88,455.429137
209.89,455.795905
209.9,444.956244
209.91,438.147663
209.92,444.334822
209.93,433.048573
209.94,432.448623
209.95,448.201421
209.96,454.269706
209.97,455.810575
209.98,466.352623
209.99,470.079932
210,464.991438
210.01,468.484552
210.02,457.610216
210.03,474.359611
210.04,460.251692
210.05,466.950728
210.06,468.132332
210.07,481.809086
210.08,482.239814
210.09,476.598528
210.1,464.256134
210.11,481.775347
210.12,481.336548
210.13,492.913113
210.14,496.840271
210.15,502.833469
210.16,487.507417
210.17,508.506785
210.18,516.528291
210.19,510.859831
210.2,487.302028
210.21,483.73802
210.22,492.072413
210.23,505.446689
210.24,484.171497
210.25,469.141299
210.26,483.843941
210.27,476.348579
210.28,452.682098
210.29,455.295719
210.3,445.705161
210.31,428.590745
210.32,423.275651
210.33,416.106616
210.34,417.874919
210.35,413.782521
210.36,417.244811
210.37,404.544906
210.38,428.383283
210.39,436.654653
210.4,426.818888
210.41,441.17489
210.42,458.277614
210.43,469.704213
210.44,450.213689
210.45,453.034341
210.46,457.692592
210.47,469.161252
210.48,474.936548
210.49,466.701463
210.5,444.40543
210.51,462.059021
210.52,456.564614
210.53,439.388496
210.54,438.142107
210.55,461.161411
210.56,455.882381
210.57,459.656024
210.58,454.559975
210.59,457.101033
210.6,460.981228
210.61,440.781404
210.62,437.762157
210.63,442.820118
210.64,426.103689
210.65,434.905635
210.66,430.686502
210.67,434.217462
210.68,437.033384
210.69,449.870395
210.7,454.996034
210.71,460.293249
210.72,462.988156
210.73,462.186855
210.74,458.876088
210.75,464.267954
210.76,477.287967
210.77,472.098119
210.78,481.288644
210.79,505.918078
210.8,507.821032
210.81,503.442787
210.82,522.632854
210.83,532.551319
210.84,538.991655
210.85,540.769021
210.86,547.630491
210.87,546.547267
210.88,548.636555
210.89,542.67496
210.9,546.19574
210.91,565.097464
210.92,548.258557
210.93,538.899587
210.94,536.85567
210.95,517.830139
210.96,493.991704
210.97,487.780852
210.98,471.331809
210.99,477.854209
211,481.296882
211.01,483.517113
211.02,488.088609
211.03,491.649925
211.04,485.460887
211.05,485.691312
211.06,486.808871
211.07,501.302082
211.08,504.224765
211.09,505.302261
211.1,501.333632
211.11,500.212887
211.12,496.030765
211.13,485.371844
211.14,493.675246
211.15,498.743687
211.16,497.134087
211.17,488.243473
211.18,496.162574
211.19,497.814122
211.2,489.24448
211.21,486.829235
211.22,484.30033
211.23,476.362213
211.24,461.521435
211.25,467.191652
211.26,469.602609
211.27,472.147461
211.28,460.98887
211.29,471.315965
211.3,469.289609
211.31,470.034904
211.32,467.517217
211.33,466.612894
211.34,456.954904
211.35,445.656435
211.36,446.148452
211.37,460.321584
211.38,465.446979
211.39,484.711304
211.4,482.692227
211.41,489.11207
211.42,476.589054
211.43,487.08365
211.44,493.0152
211.45,509.675635
211.46,490.345158
211.47,500.198349
211.48,509.498817
211.49,511.833513
211.5,510.31069
211.51,492.20567
211.52,489.683617
211.53,502.807218
211.54,493.353253
211.55,492.096243
211.56,497.539757
211.57,477.611366
211.58,462.035937
211.59,451.471765
211.6,450.594466
211.61,442.6184
211.62,453.902087
211.63,470.143909
211.64,440.098
211.65,408.864296
211.66,393.091496
211.67,374.482608
211.68,395.675512
211.69,420.268936
211.7,383.348617
211.71,370.598504
211.72,362.7176
211.73,352.258094
211.74,356.857913
211.75,368.578664
211.76,390.916904
211.77,399.620817
211.78,419.223896
211.79,424.761153
211.8,461.200369
211.81,442.88113
211.82,466.7962
211.83,470.901043
211.84,480.597843
211.85,493.617096
211.86,495.088835
211.87,483.398264
211.88,497.583605
211.89,498.899513
211.9,498.389442
211.91,500.506052
211.92,504.411153
211.93,484.88219
211.94,485.958922
211.95,486.59127
211.96,488.780209
211.97,494.829992
211.98,486.788452
211.99,483.054679
212,477.958981
212.01,467.983583
212.02,445.334435
212.03,434.753377
212.04,444.836291
212.05,439.53497
212.06,425.231896
212.07,413.045288
212.08,399.202157
212.09,390.694522
212.1,395.581484
212.11,400.477009
212.12,385.218068
212.13,404.038155
212.14,403.636939
212.15,418.269461
212.16,431.149361
212.17,450.582902
212.18,471.155962
212.19,462.896097
212.2,453.123648
212.21,482.468885
212.22,484.224243
212.23,497.640193
212.24,491.237263
212.25,488.160052
212.26,506.121591
212.27,498.161895
212.28,495.956245
212.29,477.44415
212.3,457.385076
212.31,477.448686
212.32,478.608041
212.33,465.33098
212.34,466.146344
212.35,463.066237
212.36,475.019913
212.37,457.425661
212.38,442.609886
212.39,453.191929
212.4,452.015758
212.41,436.608898
212.42,378.724274
212.43,355.502515
212.44,335.490437
212.45,366.480529
212.46,366.969824
212.47,386.015046
212.48,361.574183
212.49,354.407957
212.5,348.993948
212.51,330.042645
212.52,331.841039
212.53,325.933641
212.54,315.026667
212.55,320.492826
212.56,321.508366
212.57,305.050711
212.58,308.045524
212.59,326.383785
212.6,339.801334
212.61,345.73981
212.62,372.185918
212.63,417.630779
212.64,429.775751
212.65,411.09848
212.66,420.463689
212.67,423.997338
212.68,415.604449
212.69,436.064338
212.7,457.111261
212.71,454.492597
212.72,457.558535
212.73,458.878007
212.74,462.489946
212.75,469.810423
212.76,470.688285
212.77,462.508686
212.78,466.514063
212.79,437.161112
212.8,428.128465
212.81,432.711901
212.82,450.820063
212.83,473.298887
212.84,470.473848
212.85,463.892849
212.86,457.830324
212.87,448.899709
212.88,445.265955
212.89,464.044321
212.9,461.30397
212.91,465.014336
212.92,459.381552
212.93,446.729369
212.94,465.382096
212.95,464.113117
212.96,470.951013
212.97,482.793006
212.98,473.641509
212.99,475.757051
213,476.228664
213.01,474.132513
213.02,480.030482
213.03,472.380915
213.04,451.354472
213.05,445.012381
213.06,447.034524
213.07,438.071269
213.08,448.723748
213.09,446.386104
213.1,476.980623
213.11,479.410787
213.12,459.32154
213.13,441.159595
213.14,427.499443
213.15,422.067109
213.16,412.071558
213.17,415.574968
213.18,403.479122
213.19,396.968942
213.2,395.631435
213.21,397.816013
213.22,375.030303
213.23,382.30272
213.24,385.662755
213.25,384.325862
213.26,372.143421
213.27,375.935182
213.28,385.73616
213.29,391.716347
213.3,401.906166
213.31,411.311169
213.32,415.230505
213.33,419.341596
213.34,418.248433
213.35,422.261563
213.36,423.207996
213.37,432.924664
213.38,442.551373
213.39,451.260059
213.4,452.485677
213.41,459.464365
213.42,445.047169
213.43,444.55592
213.44,479.64832
213.45,483.81666
213.46,462.553965
213.47,471.643799
213.48,446.062122
213.49,456.739998
213.5,442.157087
213.51,423.953669
213.52,426.056555
213.53,442.731121
213.54,441.427326
213.55,442.962353
213.56,441.643508
213.57,440.800605
213.58,429.88818
213.59,426.690909
213.6,415.223362
213.61,421.744657
213.62,439.901429
213.63,448.50074
213.64,424.398808
213.65,422.231808
213.66,431.543417
213.67,445.682851
213.68,430.310137
213.69,452.84564
213.7,452.549858
213.71,447.880916
213.72,468.96785
213.73,488.545796
213.74,513.303221
213.75,543.620507
213.76,544.334795
213.77,551.264512
213.78,556.480916
213.79,558.29996
213.8,581.468753
213.81,560.114484
213.82,578.484896
213.83,571.630546
213.84,555.96319
213.85,562.879795
213.86,562.623704
213.87,567.891983
213.88,607.306559
213.89,609.962416
213.9,599.192995
213.91,609.961739
213.92,612.170846
213.93,573.011742
213.94,548.431538
213.95,502.117055
213.96,488.22415
213.97,482.518121
213.98,526.212244
213.99,495.909486
214,486.614959
214.01,462.826495
214.02,450.937185
214.03,444.305206
214.04,425.942303
214.05,461.348505
214.06,429.064634
214.07,400.024001
214.08,364.557555
214.09,355.527673
214.1,338.564188
214.11,328.949803
214.12,335.936877
214.13,326.773316
214.14,349.419273
214.15,376.501063
214.16,373.853808
214.17,392.999034
214.18,404.16496
214.19,425.674961
214.2,431.018563
214.21,422.144459
214.22,423.775775
214.23,432.847856
214.24,428.265862
214.25,416.1503
214.26,412.29659
214.27,409.776437
214.28,421.258371
214.29,412.884771
214.3,399.273182
214.31,390.48
214.32,373.573692
214.33,372.220168
214.34,375.726116
214.35,353.101536
214.36,358.423003
214.37,364.105162
214.38,358.361513
214.39,346.158439
214.4,344.267002
214.41,353.49864
214.42,350.998282
214.43,355.169693
214.44,325.905992
214.45,317.19477
214.46,301.470991
214.47,301.416012
214.48,298.80301
214.49,294.212688
214.5,295.206196
214.51,290.782696
214.52,304.948483
214.53,300.358617
214.54,312.024994
214.55,312.545558
214.56,336.60317
214.57,328.640598
214.58,337.286892
214.59,372.673884
214.6,373.421949
214.61,404.754002
214.62,399.737607
214.63,394.837578
214.64,392.23409
214.65,390.875071
214.66,383.541631
214.67,384.876782
214.68,389.899384
214.69,376.767672
214.7,392.524901
214.71,380.270866
214.72,365.891264
214.73,355.131501
214.74,374.871487
214.75,394.299415
214.76,386.406332
214.77,375.433744
214.78,356.737077
214.79,336.4667
214.8,304.768755
214.81,301.831225
214.82,333.543899
214.83,342.52644
214.84,346.44183
214.85,358.242663
214.86,344.656772
214.87,327.343439
214.88,306.847061
214.89,295.943579
214.9,315.581769
214.91,305.27794
214.92,266.998616
214.93,256.737141
214.94,260.932334
214.95,261.964615
214.96,274.326053
214.97,277.99952
214.98,279.04217
214.99,292.087737
215,315.40148
215.01,313.530577
215.02,323.964993
215.03,354.082888
215.04,358.707107
215.05,367.881974
215.06,388.340116
215.07,396.674982
215.08,398.007439
215.09,404.164765
215.1,407.888387
215.11,405.963936
215.12,401.716844
215.13,412.52241
215.14,421.939125
215.15,421.820256
215.16,423.221635
215.17,436.742251
215.18,432.452205
215.19,429.08393
215.2,415.64379
215.21,418.169029
215.22,431.721938
215.23,424.771806
215.24,428.746297
215.25,422.453243
215.26,417.472056
215.27,420.270195
215.28,413.845201
215.29,425.242897
215.3,428.509953
215.31,429.539029
215.32,420.712697
215.33,443.188893
215.34,473.966237
215.35,452.32198
215.36,463.220607
215.37,474.618097
215.38,478.335729
215.39,481.602363
215.4,419.871166
215.41,448.406692
215.42,462.189482
215.43,455.349022
215.44,453.15159
215.45,463.986202
215.46,447.046267
215.47,452.22
215.48,453.11902
215.49,431.053593
215.5,449.979256
215.51,453.273905
215.52,458.482309
215.53,461.524524
215.54,459.702144
215.55,460.384239
215.56,446.371299
215.57,441.345945
215.58,450.813658
215.59,449.384834
215.6,434.292355
215.61,447.054977
215.62,447.901707
215.63,449.467955
215.64,453.028859
215.65,431.22293
215.66,425.997001
215.67,428.88695
215.68,425.87834
215.69,410.023862
215.7,416.099292
215.71,394.355323
215.72,402.448849
215.73,400.289768
215.74,428.915408
215.75,411.772069
215.76,414.544977
215.77,398.602905
215.78,374.04721
215.79,373.690299
215.8,372.019819
215.81,376.407805
215.82,366.220094
215.83,360.530099
215.84,371.944824
215.85,366.845199
215.86,364.916055
215.87,365.70272
215.88,366.74445
215.89,369.417845
215.9,368.23529
215.91,382.576361
215.92,389.325771
215.93,414.268376
215.94,427.383269
215.95,451.950168
215.96,462.536615
215.97,457.893395
215.98,466.492152
215.99,480.9822
216,480.494857
216.01,488.453665
216.02,468.610161
216.03,463.758621
216.04,470.300938
216.05,448.916032
216.06,463.413712
216.07,463.122463
216.08,455.051497
216.09,460.779832
216.1,462.048283
216.11,449.337702
216.12,441.959297
216.13,429.347654
216.14,424.504761
216.15,415.169998
216.16,425.674044
216.17,415.098398
216.18,425.168917
216.19,406.454956
216.2,412.775591
216.21,410.737223
216.22,372.783118
216.23,356.696708
216.24,347.69079
216.25,353.767293
216.26,382.591311
216.27,378.263821
216.28,370.972516
216.29,382.796449
216.3,383.501484
216.31,380.025971
216.32,371.203863
216.33,361.829365
216.34,388.436926
216.35,396.651898
216.36,399.413152
216.37,385.288407
216.38,390.56761
216.39,400.422674
216.4,399.824791
216.41,381.930121
216.42,372.610475
216.43,370.223616
216.44,383.999803
216.45,385.126484
216.46,389.563442
216.47,391.464552
216.48,387.580306
216.49,384.516793
216.5,375.132477
216.51,398.141402
216.52,383.169167
216.53,385.64047
216.54,371.11417
216.55,369.177225
216.56,382.46879
216.57,372.041852
216.58,367.054258
216.59,372.117223
216.6,367.760128
216.61,362.770179
216.62,325.490939
216.63,322.390132
216.64,313.180955
216.65,312.598093
216.66,348.522116
216.67,322.827384
216.68,311.034213
216.69,308.030919
216.7,307.787128
216.71,336.462406
216.72,328.059187
216.73,348.866023
216.74,340.193178
216.75,350.885117
216.76,357.996614
216.77,432.685746
216.78,445.263436
216.79,471.740837
216.8,484.617426
216.81,516.957609
216.82,530.930485
216.83,542.280804
216.84,572.314886
216.85,574.191784
216.86,452.915799
216.87,456.212867
216.88,475.546351
216.89,503.987693
216.9,553.984586
216.91,557.094904
216.92,577.359914
216.93,547.35536
216.94,538.136863
216.95,539.593439
216.96,538.348996
216.97,488.530792
216.98,465.558686
216.99,452.768178
217,441.126109
217.01,421.843399
217.02,435.252976
217.03,444.481833
217.04,407.44868
217.05,420.914928
217.06,418.621176
217.07,419.344911
217.08,420.169505
217.09,427.710488
217.1,398.286502
217.11,431.271978
217.12,441.368777
217.13,441.072998
217.14,432.938458
217.15,429.911282
217.16,428.243859
217.17,427.102446
217.18,430.988584
217.19,434.809814
217.2,439.292268
217.21,433.437727
217.22,436.098342
217.23,434.832387
217.24,428.744168
217.25,439.713728
217.26,445.211957
217.27,451.689774
217.28,436.168879
217.29,448.599002
217.3,439.078831
217.31,455.98644
217.32,430.346498
217.33,418.881018
217.34,420.220226
217.35,396.776993
217.36,411.111252
217.37,406.598049
217.38,408.264115
217.39,415.558331
217.4,427.65111
217.41,433.782225
217.42,438.006634
217.43,427.479511
217.44,431.542391
217.45,437.130137
217.46,444.575975
217.47,428.426752
217.48,451.816007
217.49,452.785871
217.5,443.845401
217.51,439.088102
217.52,442.52726
217.53,445.804246
217.54,443.970606
217.55,434.699689
217.56,426.060791
217.57,427.480196
217.58,432.254456
217.59,423.250009
217.6,432.480754
217.61,440.814305
217.62,438.912458
217.63,434.828604
217.64,422.714858
217.65,433.395039
217.66,447.654282
217.67,438.839145
217.68,432.025693
217.69,428.075123
217.7,421.06585
217.71,412.147829
217.72,409.96677
217.73,410.862231
217.74,411.92732
217.75,396.666051
217.76,369.991435
217.77,371.533427
217.78,369.601458
217.79,369.029152
217.8,345.483263
217.81,341.848039
217.82,351.275956
217.83,358.732975
217.84,367.684957
217.85,369.449776
217.86,395.149867
217.87,435.552797
217.88,457.042756
217.89,465.593963
217.9,472.992609
217.91,471.861278
217.92,441.671754
217.93,435.288526
217.94,425.342424
217.95,418.504357
217.96,412.617931
217.97,419.434416
217.98,430.351946
217.99,434.248769
218,426.66092
218.01,430.862552
218.02,434.160619
218.03,433.851139
218.04,446.755695
218.05,445.658721
218.06,443.335573
218.07,449.746163
218.08,450.136053
218.09,460.799982
218.1,480.126283
218.11,491.919393
218.12,477.465341
218.13,489.101122
218.14,491.796787
218.15,490.142191
218.16,493.260147
218.17,495.181706
218.18,494.856562
218.19,491.909648
218.2,494.47416
218.21,492.597809
218.22,508.363036
218.23,488.042497
218.24,484.301984
218.25,487.341348
218.26,470.172776
218.27,454.027867
218.28,452.738387
218.29,417.590507
218.3,425.012705
218.31,423.905172
218.32,395.825542
218.33,394.113457
218.34,391.306008
218.35,391.052263
218.36,384.685333
218.37,401.342246
218.38,419.327397
218.39,439.549597
218.4,463.324118
218.41,465.361677
218.42,489.657431
218.43,517.460437
218.44,538.838556
218.45,530.081198
218.46,542.046215
218.47,517.367509
218.48,506.68986
218.49,508.736901
218.5,504.967947
218.51,522.408927
218.52,513.440236
218.53,520.261587
218.54,509.583858
218.55,479.369935
218.56,459.808157
218.57,468.777492
218.58,458.917493
218.59,471.081632
218.6,464.238671
218.61,462.558046
218.62,460.777753
218.63,445.929479
218.64,468.768562
218.65,465.784565
218.66,453.300672
218.67,451.709687
218.68,446.127027
218.69,446.126832
218.7,460.918152
218.71,463.092362
218.72,456.114697
218.73,469.227193
218.74,458.251765
218.75,442.552988
218.76,441.85015
218.77,433.191057
218.78,431.567677
218.79,421.510921
218.8,404.388961
218.81,409.090478
218.82,407.705504
218.83,402.542966
218.84,397.52548
218.85,374.497435
218.86,390.583021
218.87,380.669109
218.88,389.409942
218.89,390.192742
218.9,357.882508
218.91,337.609588
218.92,330.287186
218.93,318.664579
218.94,306.791959
218.95,306.483503
218.96,319.659948
218.97,311.473454
218.98,314.973897
218.99,336.480524
219,351.856622
219.01,353.801365
219.02,393.456831
219.03,410.043196
219.04,416.750876
219.05,432.779091
219.06,455.593605
219.07,426.431143
219.08,456.760494
219.09,458.374148
219.1,416.285302
219.11,420.239428
219.12,423.793169
219.13,421.637961
219.14,409.166224
219.15,412.763359
219.16,402.995052
219.17,456.619864
219.18,390.400241
219.19,355.77943
219.2,353.09269
219.21,367.401348
219.22,371.601961
219.23,378.253573
219.24,398.887822
219.25,420.282855
219.26,415.31097
219.27,398.104304
219.28,387.888679
219.29,400.936921
219.3,409.371672
219.31,418.232132
219.32,439.282982
219.33,428.040374
219.34,408.248949
219.35,405.420066
219.36,389.544247
219.37,380.538963
219.38,389.863753
219.39,382.360375
219.4,373.85376
219.41,380.800447
219.42,397.249087
219.43,401.208855
219.44,372.913794
219.45,366.791601
219.46,366.21852
219.47,342.531903
219.48,333.414427
219.49,329.832777
219.5,330.067169
219.51,337.690137
219.52,327.865928
219.53,336.696135
219.54,356.669958
219.55,360.916221
219.56,375.771699
219.57,386.643461
219.58,391.573171
219.59,389.439532
219.6,392.334514
219.61,408.619105
219.62,407.16072
219.63,397.198228
219.64,418.432291
219.65,417.905063
219.66,414.161278
219.67,407.733736
219.68,421.501293
219.69,428.262178
219.7,428.623592
219.71,433.017278
219.72,446.442577
219.73,447.281519
219.74,438.822288
219.75,447.19201
219.76,441.987243
219.77,459.747315
219.78,468.975915
219.79,463.109176
219.8,455.311349
219.81,453.589296
219.82,454.178004
219.83,456.299094
219.84,445.941432
219.85,461.036848
219.86,460.80582
219.87,461.688934
219.88,461.367865
219.89,476.955124
219.9,437.451357
219.91,426.749735
219.92,431.977518
219.93,457.314058
219.94,453.94642
219.95,465.452889
219.96,470.172964
219.97,448.563316
219.98,426.553097
219.99,428.829794
220,445.287793
220.01,451.61397
220.02,435.443363
220.03,424.132399
220.04,423.283113
220.05,421.201201
220.06,420.587557
220.07,413.964325
220.08,399.291812
220.09,392.864826
220.1,406.666768
220.11,395.044272
220.12,372.889408
220.13,361.8421
220.14,392.673051
220.15,378.119459
220.16,355.893837
220.17,336.425451
220.18,329.634927
220.19,323.759694
220.2,329.487211
220.21,345.141925
220.22,338.488323
220.23,355.729945
220.24,356.905503
220.25,374.876556
220.26,402.147215
220.27,406.960675
220.28,416.37122
220.29,420.391303
220.3,422.046396
220.31,422.117587
220.32,412.818506
220.33,420.333238
220.34,433.515644
220.35,419.258115
220.36,394.243422
220.37,391.450459
220.38,386.387063
220.39,366.413696
220.4,364.563845
220.41,322.668306
220.42,299.447625
220.43,309.52754
220.44,296.032023
220.45,294.979633
220.46,283.19037
220.47,274.411027
220.48,260.999679
220.49,245.214919
220.5,243.058681
220.51,247.978195
220.52,248.867683
220.53,266.543762
220.54,252.032424
220.55,262.868982
220.56,296.551547
220.57,332.896549
220.58,344.679332
220.59,380.679766
220.6,373.497265
220.61,384.508272
220.62,386.281938
220.63,399.836781
220.64,397.49946
220.65,405.867257
220.66,398.54843
220.67,387.52438
220.68,375.129656
220.69,396.353678
220.7,399.339266
220.71,388.952504
220.72,379.083032
220.73,376.497133
220.74,378.243591
220.75,337.398587
220.76,328.853935
220.77,315.450723
220.78,292.041246
220.79,288.490167
220.8,287.636949
220.8,356.309965
220.81,329.619555
220.82,332.984651
220.83,319.915822
220.84,315.613811
220.85,348.407107
220.86,362.476399
220.87,397.059776
220.88,422.359021
220.89,452.3078
220.9,487.622504
220.91,502.63926
220.92,511.319604
220.93,503.197238
220.94,490.736311
220.95,505.880692
220.96,530.260276
220.97,527.83507
220.98,523.377591
220.99,514.146325
221,499.02936
221.01,505.334996
221.02,480.315378
221.03,476.521498
221.04,499.792213
221.05,491.045757
221.06,501.808556
221.07,481.471664
221.08,458.17551
221.09,455.348019
221.1,427.749031
221.11,425.009555
221.12,409.451998
221.13,397.573511
221.14,387.858367
221.15,383.228034
221.16,374.88688
221.17,366.038164
221.18,379.538164
221.19,372.53431
221.2,380.370898
221.21,382.612441
221.22,393.788007
221.23,404.523974
221.24,410.687435
221.25,421.875865
221.26,418.305724
221.27,416.478821
221.28,420.615413
221.29,420.153433
221.3,420.203427
221.31,406.326849
221.32,417.312973
221.33,435.12987
221.34,424.641076
221.35,442.700824
221.36,448.592836
221.37,433.394433
221.38,419.777467
221.39,424.231485
221.4,433.341322
221.41,441.585873
221.42,441.424395
221.43,452.350042
221.44,451.365108
221.45,441.365645
221.46,438.415401
221.47,428.988966
221.48,437.841275
221.49,439.18031
221.5,461.082223
221.51,461.843579
221.52,464.490055
221.53,469.073283
221.54,471.6048
221.55,475.576032
221.56,464.502718
221.57,461.190969
221.58,448.831595
221.59,447.980651
221.6,457.95409
221.61,459.817474
221.62,459.306032
221.63,457.72119
221.64,462.610609
221.65,476.285952
221.66,473.400351
221.67,465.232104
221.68,458.569347
221.69,470.121811
221.7,459.111304
221.71,446.3028
221.72,473.670904
221.73,485.303094
221.74,476.810902
221.75,463.35301
221.76,450.598106
221.77,456.842859
221.78,459.772097
221.79,452.825224
221.8,431.470484
221.81,424.575155
221.82,433.157305
221.83,386.799527
221.84,357.613416
221.85,359.432992
221.86,377.209728
221.87,376.313807
221.88,374.917785
221.89,351.468336
221.9,344.122891
221.91,323.840553
221.92,348.285842
221.93,315.135591
221.94,302.878374
221.95,307.494415
221.96,306.963075
221.97,313.332333
221.98,356.040566
221.99,366.578325
222,416.195414
222.01,411.714822
222.02,443.682586
222.03,457.785611
222.04,457.247465
222.05,469.538387
222.06,439.094303
222.07,472.442298
222.08,479.805451
222.09,450.461031
222.1,460.146967
222.11,478.633809
222.12,445.714541
222.13,434.728533
222.14,460.716094
222.15,455.12258
222.16,452.729554
222.17,457.445632
222.18,430.326557
222.19,439.403336
222.2,370.188248
222.21,368.008494
222.22,376.573821
222.23,346.709591
222.24,331.89145
222.25,344.420478
222.26,350.622421
222.27,372.98887
222.28,384.890312
222.29,408.411893
222.3,402.536149
222.31,400.581407
222.32,392.48034
222.33,429.211102
222.34,451.448004
222.35,430.917647
222.36,402.387317
222.37,379.006735
222.38,409.943785
222.39,394.605998
222.4,386.742574
222.41,385.978331
222.42,396.739868
222.43,388.774756
222.44,381.658691
222.45,370.821326
222.46,372.88194
222.47,380.644831
222.48,361.977125
222.49,367.374914
222.5,360.162635
222.51,364.087413
222.52,363.869215
222.53,327.622851
222.54,331.337758
222.55,331.390069
222.56,329.253913
222.57,316.440966
222.58,311.906842
222.59,311.94499
222.6,327.496533
222.61,343.360545
222.62,344.276666
222.63,358.21244
222.64,373.551181
222.65,370.988933
222.66,373.596029
222.67,367.870541
222.68,363.489945
222.69,376.928063
222.7,381.709973
222.71,371.374865
222.72,384.071392
222.73,399.978297
222.74,409.519445
222.75,414.96196
222.76,393.312987
222.77,439.869918
222.78,450.836428
222.79,469.950514
222.8,427.916699
222.81,447.695013
222.82,423.800141
222.83,408.852543
222.84,412.998879
222.85,411.005058
222.86,411.617581
222.87,404.119096
222.88,382.692593
222.89,403.172596
222.9,428.110495
222.91,434.597156
222.92,452.622507
222.93,456.780138
222.94,449.19814
222.95,433.987579
222.96,429.613326
222.97,433.349615
222.98,429.206501
222.99,402.107846
223,391.636598
223.01,378.974163
223.02,391.360092
223.03,384.41374
223.04,390.60274
223.05,372.686416
223.06,369.756861
223.07,358.747063
223.08,355.753184
223.09,364.677512
223.1,378.057952
223.11,369.831649
223.12,356.861697
223.13,380.975828
223.14,399.066479
223.15,408.810424
223.16,403.327466
223.17,404.049245
223.18,406.190686
223.19,416.353869
223.2,426.306298
223.21,421.526761
223.22,426.555134
223.23,427.801476
223.24,401.642093
223.25,413.130017
223.26,418.811705
223.27,425.491085
223.28,395.619376
223.29,383.331358
223.3,410.850154
223.31,411.08531
223.32,398.788642
223.33,379.130536
223.34,388.809679
223.35,391.122442
223.36,390.533256
223.37,393.397924
223.38,387.743641
223.39,389.883636
223.4,359.801012
223.41,365.155924
223.42,369.591863
223.43,366.004064
223.44,372.452227
223.45,377.116077
223.46,389.832936
223.47,393.809978
223.48,396.927289
223.49,405.14442
223.5,403.044567
223.51,411.754764
223.52,431.455532
223.53,429.661923
223.54,426.022385
223.55,417.142467
223.56,423.176706
223.57,429.391424
223.58,435.05212
223.59,429.966814
223.6,432.127259
223.61,431.304832
223.62,438.106602
223.63,424.870128
223.64,407.546234
223.65,399.258696
223.66,394.232897
223.67,417.764791
223.68,421.571175
223.69,403.281502
223.7,390.745352
223.71,354.564943
223.72,335.955872
223.73,322.244099
223.74,313.021885
223.75,306.794116
223.76,322.360778
223.77,340.484797
223.78,355.55559
223.79,356.59887
223.8,413.124435
223.81,426.453887
223.82,395.320741
223.83,396.050384
223.84,406.863992
223.85,403.203943
223.86,404.878112
223.87,407.443041
223.88,393.947416
223.89,403.304196
223.9,408.391254
223.91,420.051735
223.92,400.91468
223.93,405.486183
223.94,393.498501
223.95,390.845141
223.96,387.596185
223.97,394.695158
223.98,371.513757
223.99,352.073489
224,363.826689
224.01,364.910927
224.02,361.225217
224.03,373.15699
224.04,371.617825
224.05,372.701937
224.06,369.527975
224.07,378.178803
224.08,385.58144
224.09,374.746214
224.1,373.139283
224.11,372.056015
224.12,375.553447
224.13,372.680707
224.14,384.371869
224.15,407.248574
224.16,436.835508
224.17,452.36828
224.18,459.950695
224.19,459.81029
224.2,458.164908
224.21,454.080013
224.22,419.353917
224.23,409.032729
224.24,408.979434
224.25,414.568359
224.26,414.002478
224.27,410.354151
224.28,395.178771
224.29,377.775911
224.3,403.993891
224.31,407.879679
224.32,407.338289
224.33,412.089922
224.34,411.326784
224.35,420.693764
224.36,406.519502
224.37,407.363584
224.38,421.386056
224.39,413.810052
224.4,393.351525
224.41,398.758975
224.42,380.15523
224.43,377.766532
224.44,366.361457
224.45,369.303612
224.46,380.166833
224.47,410.07062
224.48,430.122026
224.49,465.99773
224.5,475.261771
224.51,465.272443
224.52,445.708889
224.53,436.398039
224.54,450.700799
224.55,451.772112
224.56,425.583965
224.57,434.850079
224.58,442.707487
224.59,428.098255
224.6,431.469411
224.61,439.084637
224.62,401.076581
224.63,376.445865
224.64,368.706551
224.65,381.3929
224.66,367.801581
224.67,376.333894
224.68,361.274332
224.69,352.324116
224.7,351.742687
224.71,367.348753
224.72,361.565743
224.73,373.555521
224.74,377.398132
224.75,388.654019
224.76,389.060156
224.77,407.623159
224.78,414.016165
224.79,416.892631
224.8,410.33614
224.81,399.332294
224.82,395.105724
224.83,396.870551
224.84,392.400948
224.85,369.150716
224.86,380.428808
224.87,365.852308
224.88,342.374708
224.89,347.582253
224.9,389.656411
224.91,386.554724
224.92,347.04782
224.93,358.129875
224.94,348.193842
224.95,346.787722
224.96,361.644392
224.97,368.117175
224.98,373.098596
224.99,395.184988
225,390.698241
225.01,428.923845
225.02,448.984837
225.03,433.831597
225.04,434.193031
225.05,410.46594
225.06,407.531767
225.07,452.452525
225.08,497.937578
225.09,484.332108
225.1,390.20806
225.11,415.773343
225.12,415.331476
225.13,397.22738
225.14,393.345215
225.15,390.518769
225.16,374.343249
225.17,373.153588
225.18,371.222835
225.19,378.676404
225.2,367.876332
225.21,369.553483
225.22,372.446035
225.23,368.517289
225.24,398.261917
225.25,395.567016
225.26,355.592386
225.27,334.850745
225.28,335.418885
225.29,314.877983
225.3,307.336765
225.31,307.808708
225.32,314.562317
225.33,305.487756
225.34,312.959709
225.35,329.0986
225.36,348.246431
225.37,352.535123
225.38,354.306983
225.39,366.734019
225.4,375.789936
225.41,370.205674
225.42,377.054711
225.43,381.289491
225.44,379.57083
225.45,375.315357
225.46,381.450881
225.47,384.676899
225.48,397.094302
225.49,366.648273
225.5,360.059453
225.51,379.332596
225.52,369.303828
225.53,378.685537
225.54,364.400944
225.55,353.999325
225.56,350.211753
225.57,358.22999
225.58,367.535486
225.59,357.830647
225.6,348.694774
225.61,336.476793
225.62,334.283565
225.63,334.840702
225.64,327.254755
225.65,346.105973
225.66,350.229268
225.67,348.83823
225.68,368.843726
225.69,363.009012
225.7,372.951168
225.71,367.114872
225.72,382.85266
225.73,393.852356
225.74,397.402766
225.75,398.391314
225.76,408.722023
225.77,406.94187
225.78,402.809125
225.79,404.766527
225.8,411.870089
225.81,415.425562
225.82,416.790826
225.83,434.027141
225.84,448.091793
225.85,455.222452
225.86,429.617378
225.87,420.01866
225.88,425.018541
225.89,417.760677
225.9,401.150974
225.91,413.219705
225.92,409.15497
225.93,403.290842
225.94,386.280234
225.95,395.563006
225.96,401.213086
225.97,405.0107
225.98,410.089742
225.99,416.550075
226,414.187082
226.01,413.537794
226.02,402.942882
226.03,413.658208
226.04,411.389407
226.05,406.988122
226.06,401.206655
226.07,410.059455
226.08,408.532642
226.09,409.672422
226.1,401.764177
226.11,397.489012
226.12,404.327193
226.13,392.786589
226.14,387.987154
226.15,411.47804
226.16,422.452089
226.17,426.641495
226.18,406.913051
226.19,398.32541
226.2,398.030847
226.21,392.307758
226.22,394.777394
226.23,369.950639
226.24,374.998403
226.25,366.670204
226.26,347.975788
226.27,346.65997
226.28,331.427389
226.29,331.48425
226.3,329.522243
226.31,336.443648
226.32,329.241228
226.33,318.618203
226.34,314.035821
226.35,308.556999
226.36,300.680513
226.37,287.633278
226.38,279.628531
226.39,290.815066
226.4,301.300712
226.41,278.780111
226.42,275.82538
226.43,281.013431
226.44,297.570879
226.45,296.499401
226.46,291.996439
226.47,299.522497
226.48,313.049154
226.49,326.544392
226.5,329.973155
226.51,339.375461
226.52,384.605381
226.53,407.51687
226.54,425.597997
226.55,424.635816
226.56,465.943772
226.57,476.678502
226.58,466.507188
226.59,414.235815
226.6,400.81919
226.61,430.941061
226.62,430.93624
226.63,441.790312
226.64,426.565133
226.65,421.409965
226.66,433.897005
226.67,432.160374
226.68,422.786927
226.69,405.333791
226.7,382.679463
226.71,359.118091
226.72,333.693963
226.73,331.256615
226.74,318.531246
226.75,321.170535
226.76,312.790047
226.77,305.240608
226.78,308.374056
226.79,299.517816
226.8,309.572343
226.81,327.566632
226.82,327.716334
226.83,343.977613
226.84,364.803651
226.85,385.805276
226.86,394.476468
226.87,410.343458
226.88,413.429257
226.89,393.21468
226.9,402.043401
226.91,392.773744
226.92,391.348315
226.93,381.503761
226.94,384.755694
226.95,380.863345
226.96,377.825897
226.97,376.825476
226.98,385.538192
226.99,372.373025
227,356.110343
227.01,353.495644
227.02,349.826973
227.03,337.16675
227.04,316.195293
227.05,302.380435
227.06,325.253308
227.07,302.16249
227.08,287.040607
227.09,277.155445
227.1,269.037805
227.11,263.81704
227.12,255.983777
227.13,262.382044
227.14,260.893911
227.15,256.843474
227.16,263.08697
227.17,275.803451
227.18,283.933858
227.19,285.492215
227.2,312.473655
227.21,326.23185
227.22,363.852543
227.23,373.852465
227.24,347.114665
227.25,354.102445
227.26,371.403713
227.27,378.359017
227.28,385.650593
227.29,377.642418
227.3,372.850109
227.31,384.453042
227.32,388.701811
227.33,408.300187
227.34,408.939545
227.35,393.403833
227.36,397.150328
227.37,389.049672
227.38,395.65078
227.39,404.896396
227.4,398.404597
227.41,398.402917
227.42,391.328844
227.43,398.447348
227.44,402.333635
227.45,394.939205
227.46,388.848969
227.47,387.238643
227.48,379.271201
227.49,385.031047
227.5,379.025725
227.51,381.329875
227.52,383.868315
227.53,382.819407
227.54,382.65808
227.55,380.438768
227.56,386.177129
227.57,384.347785
227.58,377.152106
227.59,381.226287
227.6,369.695991
227.61,379.63312
227.62,396.392473
227.63,393.880078
227.64,385.990868
227.65,392.117241
227.66,403.594243
227.67,404.652943
227.68,416.991408
227.69,422.607691
227.7,435.706069
227.71,445.386926
227.72,450.71446
227.73,447.765367
227.74,439.62039
227.75,425.81908
227.76,424.916927
227.77,419.950484
227.78,414.102324
227.79,428.891279
227.8,430.381139
227.81,419.535991
227.82,407.224649
227.83,393.139563
227.84,413.387956
227.85,422.395137
227.86,405.226371
227.87,385.670157
227.88,392.807585
227.89,365.554383
227.9,351.600905
227.91,347.41298
227.92,348.652668
227.93,335.661763
227.94,358.148458
227.95,391.272838
227.96,409.775397
227.97,419.363748
227.98,431.490614
227.99,457.203781
228,466.313791
228.01,480.75142
228.02,495.122668
228.03,493.070047
228.04,498.537629
228.05,499.857231
228.06,500.731591
228.07,486.918518
228.08,509.819189
228.09,493.558227
228.1,455.133932
228.11,469.718704
228.12,472.629068
228.13,461.886667
228.14,446.857948
228.15,453.60804
228.16,444.795928
228.17,438.426965
228.18,425.336981
228.19,406.883025
228.2,391.449784
228.21,361.193796
228.22,356.255664
228.23,374.715932
228.24,341.650379
228.25,310.656541
228.26,294.299542
228.27,298.461234
228.28,317.92422
228.29,290.973435
228.3,302.491771
228.31,302.865602
228.32,303.504398
228.33,339.944446
228.34,372.253225
228.35,387.771932
228.36,407.102244
228.37,400.837041
228.38,401.872301
228.39,392.016466
228.4,400.368142
228.41,407.10588
228.42,411.959652
228.43,402.782859
228.44,392.783282
228.45,386.647856
228.46,403.802391
228.47,400.551722
228.48,403.265034
228.49,390.556307
228.5,386.053106
228.51,397.974913
228.52,394.8627
228.53,396.721206
228.54,385.699887
228.55,375.622083
228.56,373.150206
228.57,345.165188
228.58,361.116559
228.59,379.531574
228.6,350.525112
228.61,333.761445
228.62,302.409371
228.63,312.846543
228.64,307.163167
228.65,305.948935
228.66,314.879722
228.67,338.707642
228.68,347.907407
228.69,369.17196
228.7,388.468834
228.71,401.154444
228.72,401.189084
228.73,417.749688
228.74,408.16783
228.75,424.035019
228.76,435.059352
228.77,426.323873
228.78,428.742264
228.79,431.964506
228.8,431.697423
228.81,412.533779
228.82,395.298399
228.83,402.76429
228.84,416.061401
228.85,413.625046
228.86,398.8375
228.87,413.898148
228.88,403.418241
228.89,381.784182
228.9,383.267271
228.91,386.241003
228.92,358.971252
228.93,350.808241
228.94,351.280864
228.95,365.362284
228.96,353.18268
228.97,345.166157
228.98,350.597253
228.99,335.858439
229,341.931049
229.01,329.464179
229.02,326.087447
229.03,329.751713
229.04,331.400062
229.05,327.288981
229.06,323.406466
229.07,324.414313
229.08,329.602407
229.09,328.885937
229.1,324.225628
229.11,331.218349
229.12,341.006563
229.13,357.344722
229.14,348.226698
229.15,352.435864
229.16,362.219522
229.17,363.027423
229.18,355.053885
229.19,363.148997
229.2,378.555293
229.21,387.231911
229.22,398.567917
229.23,406.394734
229.24,417.53821
229.25,426.015664
229.26,423.655448
229.27,428.09606
229.28,429.415201
229.29,427.904072
229.3,425.665612
229.31,422.297654
229.32,423.003127
229.33,423.663377
229.34,426.065498
229.35,428.625442
229.36,435.012191
229.37,426.43463
229.38,419.693318
229.39,418.470478
229.4,420.055353
229.41,419.365154
229.42,422.900306
229.43,421.78838
229.44,412.09642
229.45,400.372685
229.46,409.823733
229.47,407.914514
229.48,408.963488
229.49,426.320941
229.5,423.117577
229.51,413.983672
229.52,398.182978
229.53,383.723179
229.54,385.113688
229.55,373.831512
229.56,364.64287
229.57,365.999673
229.58,348.132315
229.59,342.516269
229.6,332.462844
229.61,356.228972
229.62,306.100645
229.63,299.540758
229.64,334.751016
229.65,298.292128
229.66,276.310341
229.67,297.697593
229.68,288.794006
229.69,288.582608
229.7,306.013626
229.71,321.680407
229.72,342.615055
229.73,363.106211
229.74,382.950587
229.75,383.807532
229.76,421.667046
229.77,436.694006
229.78,434.799515
229.79,436.199914
229.8,446.483865
229.81,441.383897
229.82,445.093375
229.83,443.06545
229.84,446.096463
229.85,444.97621
229.86,439.557825
229.87,440.604749
229.88,417.749495
229.89,415.915005
229.9,417.109467
229.91,421.743114
229.92,424.340156
229.93,420.39895
229.94,419.720657
229.95,405.678451
229.96,397.805757
229.97,381.980344
229.98,377.408905
229.99,369.557658
230,365.601581
230.01,368.755477
230.02,363.442184
230.03,358.414925
230.04,358.679128
230.05,358.125939
230.06,367.974131
230.07,363.96867
230.08,371.761204
230.09,380.236307
230.1,381.810297
230.11,395.028137
230.12,377.535702
230.13,381.918251
230.14,377.104298
230.15,376.330595
230.16,362.70061
230.17,380.898016
230.18,382.755915
230.19,363.569155
230.2,362.108977
230.21,370.454241
230.22,366.068779
230.23,360.859455
230.24,347.794163
230.25,342.757388
230.26,336.472345
230.27,326.739646
230.28,324.524288
230.29,322.287744
230.3,333.748326
230.31,348.259037
230.32,329.294038
230.33,337.98457
230.34,344.822019
230.35,345.254675
230.36,353.19482
230.37,359.379964
230.38,380.202426
230.39,394.408357
230.4,396.169678
230.41,404.829734
230.42,413.308169
230.43,422.054315
230.44,432.201656
230.45,434.701296
230.46,441.183668
230.47,450.738764
230.48,452.170376
230.49,457.956869
230.5,469.65748
230.51,462.235915
230.52,450.575693
230.53,452.392471
230.54,442.448826
230.55,426.47206
230.56,413.490653
230.57,418.940923
230.58,415.411201
230.59,403.008153
230.6,405.879124
230.61,403.812776
230.62,398.552723
230.63,395.867355
230.64,386.478439
230.65,409.459318
230.66,404.0382
230.67,383.560519
230.68,377.078404
230.69,377.028451
230.7,364.760627
230.71,377.48734
230.72,385.4439
230.73,390.361227
230.74,382.225258
230.75,365.635133
230.76,369.268428
230.77,374.271315
230.78,362.174134
230.79,353.844983
230.8,358.9982
230.81,362.439112
230.82,356.533683
230.83,371.432003
230.84,389.656182
230.85,381.916473
230.86,379.838936
230.87,380.925391
230.88,377.499749
230.89,383.052488
230.9,371.168271
230.91,362.679624
230.92,341.477427
230.93,375.039803
230.94,382.103552
230.95,390.873787
230.96,406.856357
230.97,408.013976
230.98,411.589906
230.99,408.952336
231,442.415593
231.01,465.372958
231.02,478.708209
231.03,495.710579
231.04,499.296072
231.05,494.673239
231.06,496.085265
231.07,502.569421
231.08,508.72947
231.09,515.041514
231.1,526.340628
231.11,530.5238
231.12,522.168869
231.13,526.628498
231.14,526.8899
231.15,513.067071
231.16,479.437997
231.17,436.45138
231.18,418.279357
231.19,444.072894
231.2,443.568611
231.21,441.70428
231.22,462.374684
231.23,460.433609
231.24,444.908291
231.25,426.905746
231.26,415.46481
231.27,411.898761
231.28,416.823667
231.29,414.432873
231.3,389.677779
231.31,390.893216
231.32,373.900097
231.33,365.177949
231.34,361.660846
231.35,380.682952
231.36,382.01405
231.37,374.743401
231.38,376.622934
231.39,375.500824
231.4,377.069777
231.41,376.240549
231.42,371.834223
231.43,366.456765
231.44,369.011374
231.45,396.072294
231.46,390.177224
231.47,392.043635
231.48,373.235799
231.49,374.185848
231.5,379.420906
231.51,371.920873
231.52,371.747491
231.53,357.389273
231.54,367.881268
231.55,371.930827
231.56,358.497127
231.57,357.580501
231.58,341.39585
231.59,332.280407
231.6,335.829996
231.61,340.009595
231.62,337.641777
231.63,342.083811
231.64,336.39757
231.65,329.808521
231.66,325.738016
231.67,326.593071
231.68,317.730487
231.69,319.243093
231.7,320.692019
231.71,328.474209
231.72,339.156492
231.73,349.279815
231.74,345.530242
231.75,348.968587
231.76,364.19892
231.77,359.177624
231.78,355.581292
231.79,359.333714
231.8,375.775887
231.81,390.992086
231.82,389.701276
231.83,406.95364
231.84,418.703481
231.85,426.423263
231.86,427.082488
231.87,420.202249
231.88,426.414174
231.89,421.234118
231.9,420.846511
231.91,437.927098
231.92,436.160474
231.93,416.543203
231.94,418.842398
231.95,413.917577
231.96,422.807526
231.97,412.340383
231.98,409.083631
231.99,419.687399
232,417.279789
232.01,414.091317
232.02,411.804001
232.03,409.017157
232.04,415.128408
232.05,425.382484
232.06,419.604935
232.07,410.270226
232.08,408.234836
232.09,408.043831
232.1,388.818599
232.11,395.028932
232.12,394.334459
232.13,396.420669
232.14,400.058517
232.15,408.081363
232.16,394.379156
232.17,396.344544
232.18,417.048335
232.19,407.493388
232.2,429.598174
232.21,434.237186
232.22,435.367121
232.23,433.104723
232.24,444.475451
232.25,457.546711
232.26,461.897848
232.27,442.273054
232.28,435.884728
232.29,456.173758
232.3,463.726114
232.31,471.322351
232.32,452.697318
232.33,437.244562
232.34,422.576895
232.35,448.152919
232.36,442.596299
232.37,434.347447
232.38,430.413652
232.39,433.316672
232.4,429.504855
232.41,429.555315
232.42,421.306816
232.43,395.749547
232.44,357.22746
232.45,349.19807
232.46,380.725233
232.47,395.88507
232.48,395.325375
232.49,405.962698
232.5,444.598717
232.51,459.215352
232.52,460.076957
232.53,487.38761
232.54,503.513144
232.55,520.175062
232.56,530.922423
232.57,527.433344
232.58,523.803737
232.59,504.612229
232.6,493.662122
232.61,495.839766
232.62,465.543614
232.63,447.518003
232.64,425.376727
232.65,408.848084
232.66,413.775575
232.67,407.449922
232.68,411.829762
232.69,391.034034
232.7,375.732874
232.71,357.069408
232.72,348.193507
232.73,346.343583
232.74,357.774977
232.75,353.554152
232.76,364.735124
232.77,345.741308
232.78,355.794629
232.79,380.859907
232.8,379.744788
232.81,367.093676
232.82,343.61473
232.83,334.21162
232.84,320.644116
232.85,313.986449
232.86,307.446112
232.87,316.443548
232.88,330.331146
232.89,349.80271
232.9,357.615768
232.91,350.130298
232.92,350.455688
232.93,359.67605
232.94,370.083187
232.95,372.812196
232.96,386.758457
232.97,378.982954
232.98,370.802658
232.99,365.152218
233,367.565997
233.01,368.272082
233.02,375.267979
233.03,378.528025
233.04,385.557679
233.05,371.064933
233.06,361.622424
233.07,355.836173
233.08,348.158133
233.09,330.742904
233.1,344.078287
233.11,335.614788
233.12,336.062711
233.13,341.869291
233.14,346.117539
233.15,326.681402
233.16,342.439455
233.17,319.128034
233.18,325.769813
233.19,319.385962
233.2,312.533903
233.21,324.833787
233.22,335.245421
233.23,345.257088
233.24,362.808274
233.25,396.745445
233.26,401.703623
233.27,405.296107
233.28,392.725759
233.29,374.570681
233.3,382.956199
233.31,380.785503
233.32,370.491782
233.33,374.879865
233.34,384.5381
233.35,401.960745
233.36,418.809277
233.37,420.140358
233.38,399.882583
233.39,400.011221
233.4,383.400908
233.41,383.555252
233.42,380.446576
233.43,358.615941
233.44,365.504034
233.45,353.050748
233.46,344.587822
233.47,320.727998
233.48,325.99384
233.49,370.588251
233.5,320.077936
233.51,303.343042
233.52,319.53035
233.53,297.394835
233.54,288.793842
233.55,287.803844
233.56,290.851002
233.57,287.695844
233.58,277.654905
233.59,302.573645
233.596,266.029529
233.6,306.472828
233.606,267.190503
233.616,272.218764
233.626,281.287886
233.636,304.596585
233.646,317.060173
233.656,329.848423
233.666,340.850975
233.676,369.659348
233.686,374.674701
233.696,383.613671
233.706,369.607829
233.716,357.939148
233.726,366.832932
233.736,367.337804
233.746,360.216539
233.756,370.209825
233.766,349.278902
233.776,344.395662
233.786,350.412559
233.796,351.416864
233.806,355.992384
233.816,366.279315
233.826,361.383965
233.836,353.464612
233.846,339.117091
233.856,327.671783
233.866,317.936493
233.876,311.245619
233.886,322.242022
233.896,312.809979
233.906,308.272408
233.916,306.070429
233.926,315.903482
233.936,314.934088
233.946,312.553653
233.956,309.434609
233.966,312.39811
233.976,310.842688
233.986,326.769178
233.996,333.394635
234.006,324.58243
234.016,334.99306
234.026,321.740337
234.036,326.528207
234.046,310.332087
234.056,305.073368
234.066,282.760547
234.076,278.35279
234.086,282.663157
234.096,280.229043
234.106,273.039721
234.116,274.736322
234.126,261.507272
234.136,305.104644
234.146,321.446987
234.156,258.254703
234.166,246.822542
234.176,240.254044
234.186,246.498602
234.196,250.365039
234.206,253.964407
234.216,284.807384
234.226,309.564125
234.236,343.54333
234.246,366.826887
234.256,368.711912
234.266,367.619549
234.276,365.52858
234.286,356.452454
234.296,351.090934
234.306,368.591133
234.316,390.886009
234.326,398.603362
234.336,402.851255
234.346,417.037654
234.356,415.057698
234.366,410.461522
234.376,411.453859
234.386,408.379399
234.396,410.801133
234.406,390.31464
234.416,395.349746
234.426,392.245896
234.436,377.674331
234.446,385.511087
234.456,354.812319
234.466,360.627289
234.476,351.356521
234.486,340.874561
234.496,329.238407
234.506,328.918294
234.516,306.752674
234.526,290.572171
234.536,296.202243
234.546,305.940396
234.556,293.835489
234.566,283.893392
234.576,279.262614
234.586,277.777396
234.596,285.102567
234.606,293.811509
234.616,309.118239
234.626,327.559004
234.636,353.829366
234.646,344.249908
234.656,332.239284
234.666,354.497688
234.676,347.861737
234.686,323.853395
234.696,320.658637
234.706,314.964974
234.716,324.877136
234.726,317.710381
234.736,302.498555
234.746,301.533878
234.756,305.888921
234.766,312.2945
234.776,316.120006
234.786,324.058915
234.796,343.343203
234.806,351.299257
234.816,337.157062
234.826,345.524091
234.836,334.656343
234.846,335.60941
234.856,330.668085
234.866,331.02146
234.876,337.217566
234.886,341.44876
234.896,341.432487
234.906,371.944373
234.916,393.167742
234.926,404.842784
234.936,421.452299
234.946,429.71856
234.956,440.4509
234.966,442.697168
234.976,442.366894
234.986,443.487992
234.996,454.943027
235.006,462.833576
235.016,461.88588
235.026,482.535883
235.036,502.068954
235.046,502.391388
235.056,485.224086
235.066,463.828983
235.076,465.268576
235.086,450.353645
235.096,430.958693
235.106,414.354096
235.116,416.817513
235.126,411.543027
235.136,399.673701
235.146,389.925047
235.156,376.333861
235.166,374.653668
235.176,376.854971
235.186,379.221295
235.196,405.622718
235.206,405.712486
235.216,402.552903
235.226,397.043932
235.236,388.316616
235.246,394.532126
235.256,369.462332
235.266,375.992335
235.276,378.995426
235.286,322.283429
235.296,296.455814
235.306,299.570177
235.316,287.443996
235.326,279.056922
235.336,247.472503
235.346,241.24674
235.356,269.041514
235.366,271.379062
235.376,272.876396
235.386,275.930933
235.396,303.9539
235.406,307.404994
235.416,324.529523
235.426,351.945088
235.436,364.662593
235.446,364.940611
235.456,364.557623
235.466,351.384524
235.476,363.574181
235.486,358.788991
235.496,367.494083
235.506,384.265116
235.516,399.345627
235.526,383.416931
235.536,393.817461
235.546,388.112877
235.556,389.187599
235.566,383.577576
235.576,381.078484
235.586,362.556775
235.596,359.043975
235.606,375.806891
235.616,386.127131
235.626,384.263835
235.636,388.06278
235.646,380.773637
235.656,373.513336
235.666,361.654765
235.676,355.954789
235.686,358.006261
235.696,349.303077
235.706,334.563383
235.716,309.417943
235.726,332.146685
235.736,324.817384
235.746,320.60115
235.756,317.916933
235.766,317.027141
235.776,317.867331
235.786,313.971088
235.796,323.085546
235.806,326.925835
235.816,304.133469
235.826,304.32859
235.836,315.694981
235.846,311.298927
235.856,310.995077
235.866,312.118269
235.876,312.607739
235.886,309.203882
235.896,312.884649
235.906,314.33452
235.916,317.040422
235.926,325.010633
235.936,319.604501
235.946,313.067514
235.956,310.708013
235.966,305.229396
235.976,304.554397
235.986,295.628929
235.996,275.592298
236.006,288.17676
236.016,296.783374
236.026,300.465814
236.036,305.260228
236.046,315.35693
236.056,315.5716
236.066,321.004338
236.076,335.542327
236.086,346.607425
236.096,338.589668
236.106,371.608131
236.116,397.573127
236.126,402.437262
236.136,406.963694
236.146,418.19431
236.156,411.473917
236.166,419.291321
236.176,419.684191
236.186,430.813109
236.196,429.011081
236.206,418.561927
236.216,431.859796
236.226,438.780888
236.236,434.632561
236.246,425.107135
236.256,440.351561
236.266,435.407605
236.276,427.19245
236.286,439.687472
236.296,432.529863
236.306,440.758187
236.316,444.207001
236.326,446.962151
236.336,459.821283
236.346,460.239135
236.356,456.490632
236.366,455.163576
236.376,461.414359
236.386,464.243982
236.396,461.151296
236.406,451.626905
236.416,447.035189
236.426,448.744133
236.436,461.933344
236.446,454.39161
236.456,432.212153
236.466,412.149197
236.476,424.622094
236.486,418.985322
236.496,412.629675
236.506,430.33871
236.516,433.617349
236.526,452.66935
236.536,470.457272
236.546,454.444954
236.556,425.173932
236.566,409.743724
236.576,404.521682
236.586,404.745015
236.596,389.315077
236.606,378.431223
236.616,373.291254
236.626,368.80477
236.636,364.277979
236.646,371.717183
236.656,366.543189
236.666,358.296256
236.676,363.203516
236.686,371.178994
236.696,368.451811
236.706,371.404255
236.716,380.100133
236.726,390.528839
236.736,388.839752
236.746,382.728003
236.756,374.622798
236.766,372.862584
236.776,370.801554
236.786,362.662549
236.796,368.78319
236.806,358.832374
236.816,359.515774
236.826,344.200255
236.836,342.060724
236.846,332.212561
236.856,336.596369
236.866,344.970163
236.876,357.148963
236.886,370.772139
236.896,380.768777
236.906,371.253204
236.916,387.863824
236.926,394.268401
236.936,385.395825
236.946,405.18661
236.956,397.566937
236.966,379.897276
236.976,396.748879
236.986,382.745957
236.996,393.884427
237.006,389.11476
237.016,383.72098
237.026,372.901878
237.036,363.305341
237.046,358.047724
237.056,361.806316
237.066,351.018177
237.076,347.447523
237.086,357.033669
237.096,364.909319
237.106,330.635035
237.116,334.549303
237.126,337.248282
237.136,352.09613
237.146,335.790501
237.156,334.436207
237.166,327.23404
237.176,315.58241
237.186,308.943932
237.196,290.994536
237.206,282.94678
237.216,303.468684
237.226,307.516594
237.236,293.763618
237.246,271.913111
237.256,292.711363
237.266,276.553357
237.276,271.485888
237.286,286.356293
237.296,283.331192
237.306,299.20195
237.316,364.493731
237.326,373.160887
237.336,396.605357
237.346,386.615558
237.356,413.3047
237.366,412.476342
237.376,419.890789
237.386,429.819026
237.396,394.793827
237.406,449.732429
237.416,453.184881
237.426,468.080949
237.436,455.662617
237.446,452.004814
237.456,448.745081
237.466,432.868653
237.476,433.99676
237.486,434.875335
237.496,428.135636
237.506,434.501892
237.516,434.031663
237.526,420.529089
237.536,437.835217
237.546,430.459103
237.556,410.452106
237.566,411.598638
237.576,382.973456
237.586,367.835335
237.596,361.867817
237.606,358.111983
237.616,363.674
237.626,356.085835
237.636,364.194968
237.646,355.673122
237.656,362.176665
237.666,374.551944
237.676,375.305516
237.686,365.040123
237.696,359.504474
237.706,371.684945
237.716,369.029349
237.726,365.222321
237.736,373.967736
237.746,373.072912
237.756,370.675728
237.766,370.602518
237.776,371.645508
237.786,379.070093
237.796,399.390937
237.806,409.127029
237.816,408.891563
237.826,408.703935
237.836,411.081418
237.846,405.572276
237.856,388.207337
237.866,374.884014
237.876,371.31031
237.886,389.253839
237.896,361.800794
237.906,352.929892
237.916,380.795243
237.926,343.121083
237.936,302.472602
237.946,309.98565
237.956,312.873659
237.966,318.49276
237.976,325.375384
237.986,322.137974
237.996,312.892016
238.006,312.145786
238.016,295.340865
238.026,296.842953
238.036,293.703245
238.046,301.392032
238.056,312.941724
238.066,313.05752
238.076,296.715752
238.086,311.054156
238.096,323.465851
238.106,349.005251
238.116,365.27906
238.126,374.618897
238.136,381.060748
238.146,382.768711
238.156,414.345387
238.166,408.552147
238.176,394.763674
238.186,387.228961
238.196,388.644439
238.206,386.776887
238.216,386.285987
238.226,390.817841
238.236,388.989078
238.246,399.288477
238.256,380.889071
238.266,366.348375
238.276,389.287858
238.286,377.942243
238.296,358.941208
238.306,367.732913
238.316,367.923854
238.326,352.462193
238.336,348.05099
238.346,337.046471
238.356,340.413311
238.366,352.86312
238.376,349.382895
238.386,343.59707
238.396,340.503393
238.406,332.773924
238.416,329.759624
238.426,324.938093
238.436,330.103592
238.446,329.791559
238.456,329.216812
238.466,329.389999
238.476,338.887322
238.486,353.174438
238.496,355.024565
238.506,356.443963
238.516,369.626915
238.526,390.204037
238.536,400.885263
238.546,399.355338
238.556,376.992617
238.566,369.214969
238.576,376.822388
238.586,380.673812
238.596,368.767786
238.606,366.686958
238.616,351.720706
238.626,335.196624
238.636,321.514745
238.646,303.315031
238.656,301.271398
238.666,311.314144
238.676,316.126018
238.686,309.088192
238.696,315.953785
238.706,316.066548
238.716,297.743359
238.726,290.100752
238.736,288.857103
238.746,295.49499
238.756,300.525549
238.766,288.47541
238.776,275.020464
238.786,267.97028
238.796,270.487026
238.806,280.072505
238.816,279.528849
238.826,285.194171
238.836,305.156884
238.846,307.312584
238.856,307.714651
238.866,322.117895
238.876,336.654079
238.886,337.156549
238.896,365.738885
238.906,394.983676
238.916,401.696641
238.926,434.442787
238.936,467.578742
238.946,471.041076
238.956,448.823838
238.966,446.826974
238.976,447.136502
238.986,427.719533
238.996,430.813178
239.006,417.739991
239.016,424.699378
239.026,424.852242
239.036,414.285033
239.046,388.004505
239.056,370.180457
239.066,350.049504
239.076,348.130852
239.086,355.139488
239.096,367.435463
239.106,371.613378
239.116,369.947012
239.126,363.317009
239.136,362.656803
239.146,365.597492
239.156,332.497205
239.166,341.721347
239.176,350.521525
239.186,340.647454
239.196,359.998065
239.206,327.913022
239.216,301.398706
239.226,287.021196
239.236,284.05986
239.246,271.588297
239.256,270.408959
239.266,267.208401
239.276,272.386494
239.286,280.779826
239.296,270.361119
239.306,266.10452
239.316,267.590205
239.326,247.965533
239.336,260.349725
239.346,318.427589
239.356,275.086734
239.366,303.343728
239.376,310.868375
239.386,298.939893
239.396,302.622076
239.406,337.438751
239.416,307.835382
239.426,307.904919
239.436,314.087939
239.446,342.97666
239.456,309.797694
239.466,301.481772
239.476,317.844141
239.486,310.263355
239.496,296.780123
239.506,303.077549
239.516,314.843253
239.526,308.657551
239.536,308.726112
239.546,317.48961
239.556,297.907308
239.566,292.963476
239.576,298.013966
239.586,298.47744
239.596,318.586207
239.606,343.771633
239.616,358.030147
239.626,376.620526
239.636,382.298261
239.646,381.527723
239.656,381.892407
239.666,389.202384
239.676,385.044876
239.686,358.196442
239.696,346.126958
239.706,347.906108
239.716,355.832011
239.726,361.38412
239.736,335.701672
239.746,350.445818
239.756,357.702759
239.766,342.124376
239.776,316.870057
239.786,337.197157
239.796,301.866767
239.806,292.721767
239.816,280.574639
239.826,260.725385
239.836,248.876231
239.846,258.608869
239.856,238.942751
239.866,227.449245
239.876,220.07524
239.886,239.868022
239.896,237.005261
239.906,214.766488
239.916,220.788112
239.926,229.832404
239.936,227.566364
239.946,228.078337
239.956,243.107964
239.966,259.406415
239.976,289.294231
239.986,355.579141
239.996,389.249389
240.006,402.554836
240.016,414.200773
240.026,439.20582
240.036,436.939721
240.046,453.482049
240.056,443.669674
240.066,436.223064
240.076,424.527809
240.086,362.548944
240.096,386.916402
240.106,378.508947
240.116,359.475979
240.126,348.714586
240.136,318.704053
240.146,304.092883
240.156,298.365209
240.166,297.136501
240.176,306.28786
240.186,316.999564
240.196,331.003413
240.206,362.871368
240.216,374.769329
240.226,359.009406
240.236,388.786837
240.246,413.804059
240.256,404.929355
240.266,406.469619
240.276,406.822016
240.286,418.718204
240.296,411.943621
240.306,408.933364
240.316,403.586919
240.326,396.677235
240.336,402.921156
240.346,398.830476
240.356,392.244001
240.366,369.004941
240.376,378.943774
240.386,328.397335
240.396,286.285707
240.406,272.163551
240.416,285.55102
240.426,259.143794
240.436,240.019865
240.446,231.048138
240.456,230.091709
240.466,231.31542
240.476,220.601274
240.486,227.548238
240.496,231.043812
240.506,253.47113
240.516,260.475448
240.526,283.337156
240.536,300.952607
240.546,312.394988
240.556,334.852725
240.566,351.423827
240.576,375.758776
240.586,370.016891
240.596,375.571034
240.606,371.784832
240.616,378.586591
240.626,374.139582
240.636,368.286263
240.646,359.586267
240.656,350.341756
240.666,330.411352
240.676,369.084729
240.686,367.660322
240.696,367.081868
240.706,354.806477
240.716,324.448913
240.726,289.460672
240.736,267.868547
240.746,280.942313
240.756,281.720695
240.766,270.669831
240.776,259.303998
240.786,267.574622
240.796,275.995199
240.806,284.673816
240.816,291.393285
240.826,288.415918
240.836,298.203721
240.846,307.508141
240.856,325.955091
240.866,333.162964
240.876,360.691962
240.886,391.312929
240.896,412.657672
240.906,418.28169
240.916,417.85126
240.926,417.615404
240.936,386.923314
240.946,394.209502
240.956,381.685014
240.966,392.493529
240.976,362.093957
240.986,326.079966
240.996,295.785611
241.006,269.71114
241.016,282.887299
241.026,267.706692
241.036,294.281355
241.046,345.953876
241.056,384.589082
241.066,411.733274
241.076,429.905443
241.086,435.552621
241.096,437.884633
241.106,454.828563
241.116,456.892328
241.126,462.771323
241.136,441.889341
241.146,431.416599
241.156,429.049292
241.166,434.290747
241.176,420.216302
241.186,392.479081
241.196,395.994402
241.206,381.036548
241.216,397.370242
241.226,375.845216
241.236,368.334294
241.246,349.470227
241.256,338.638638
241.266,313.861816
241.276,306.4646
241.286,269.417252
241.296,269.256547
241.306,270.756822
241.316,267.115335
241.326,284.374019
241.336,286.284686
241.346,305.809054
241.356,341.005908
241.366,376.362062
241.376,421.440781
241.386,478.034044
241.396,485.256983
241.398,449.69653
241.406,498.81642
241.408,407.779856
241.418,482.781868
241.428,532.619946
241.438,438.373819
241.448,471.198705
241.458,456.703141
241.468,455.432405
241.478,453.302893
241.488,448.317078
241.498,459.374894
241.508,453.935807
241.518,451.685561
241.528,454.127401
241.538,446.749132
241.548,439.355224
241.558,429.165212
241.568,415.39796
241.578,405.849316
241.588,403.742205
241.598,387.641789
241.608,376.554996
241.618,374.344263
241.628,387.504799
241.638,405.193077
241.648,415.563561
241.658,423.115005
241.668,421.775486
241.678,421.280403
241.688,423.076743
241.698,457.51107
241.708,455.454843
241.718,435.00172
241.728,443.119883
241.738,436.673745
241.748,432.244254
241.758,435.283063
241.768,426.158787
241.778,430.533831
241.788,430.451528
241.798,431.150999
241.808,426.545142
241.818,413.405276
241.828,417.688166
241.838,423.137443
241.848,394.778935
241.858,404.219251
241.868,405.490986
241.878,427.427385
241.888,401.539407
241.898,398.071632
241.908,411.973669
241.918,415.951653
241.928,415.108719
241.938,433.249167
241.948,454.11785
241.958,450.166557
241.968,455.355521
241.978,440.336407
241.988,448.529537
241.998,437.423406
242.008,437.598586
242.018,454.987332
242.028,459.509288
242.038,449.181568
242.048,435.885027
242.058,437.401344
242.068,454.213777
242.078,429.251728
242.088,419.598927
242.098,421.453793
242.108,421.533308
242.118,427.781874
242.128,452.319839
242.138,444.281812
242.148,466.644043
242.158,478.90759
242.168,468.074289
242.178,480.856412
242.188,475.113793
242.198,423.56561
242.208,381.900194
242.218,378.107343
242.228,381.694366
242.238,391.54922
242.248,364.466905
242.258,360.052561
242.268,367.809157
242.278,366.039412
242.288,364.839994
242.298,362.202974
242.308,368.34076
242.318,374.979412
242.328,395.07213
242.338,399.23642
242.348,391.82471
242.358,407.374002
242.368,385.251108
242.378,401.561316
242.388,363.659125
242.398,308.624333
242.408,314.694282
242.418,299.332549
242.428,272.647325
242.438,259.570895
242.448,254.668705
242.458,248.207295
242.468,256.927601
242.478,262.977702
242.488,257.360536
242.498,276.607886
242.508,284.112308
242.518,298.18027
242.528,323.009914
242.538,312.021981
242.548,312.762245
242.558,304.853607
242.568,320.286101
242.578,299.983726
242.588,298.057995
242.598,306.003675
242.608,322.133846
242.618,329.014746
242.628,321.278845
242.638,352.048207
242.648,337.878206
242.658,328.069079
242.668,355.448275
242.678,355.2701
242.688,388.112072
242.698,406.75007
242.708,393.143767
242.718,417.037476
242.728,424.694708
242.738,427.494939
242.748,392.137758
242.758,377.876046
242.768,370.821621
242.778,366.774122
242.788,376.233113
242.798,377.318337
242.808,380.498668
242.818,393.390506
242.828,425.962013
242.838,448.377487
242.848,442.868733
242.858,431.209849
242.868,410.380198
242.878,413.932492
242.888,417.250092
242.898,402.296477
242.908,394.5609
242.918,396.787522
242.928,390.472919
242.938,388.26038
242.948,379.567875
242.958,370.197538
242.968,379.04727
242.978,400.868997
242.988,421.184844
242.998,441.160439
243.008,446.369673
243.018,447.377674
243.028,429.897673
243.038,405.153298
243.048,377.308311
243.058,373.787152
243.068,394.731473
243.078,398.531357
243.088,358.951308
243.098,346.274835
243.108,341.285563
243.118,338.866094
243.128,328.447359
243.138,330.278614
243.148,281.215502
243.158,318.312403
243.168,294.076707
243.178,279.7352
243.188,273.502486
243.198,271.44688
243.208,276.792403
243.218,286.752341
243.228,313.70024
243.238,300.28748
243.248,315.154326
243.258,329.005081
243.268,327.246028
243.278,320.061024
243.288,317.754825
243.298,318.031241
243.308,316.888576
243.318,316.111607
243.328,327.678441
243.338,343.668896
243.348,346.606581
243.358,353.190428
243.368,367.824052
243.378,354.538549
243.388,339.26711
243.398,334.425342
243.408,330.622684
243.418,334.354632
243.428,345.829398
243.438,356.805122
243.448,356.065207
243.458,341.925048
243.468,332.715267
243.478,340.438883
243.488,346.857439
243.498,337.768048
243.508,331.467719
243.518,323.614535
243.528,322.078779
243.538,313.394993
243.548,309.125706
243.558,324.331102
243.568,335.331825
243.578,333.63861
243.588,353.424428
243.598,368.927806
243.608,382.297469
243.618,367.68649
243.628,374.366217
243.638,377.777285
243.648,379.671737
243.658,374.753524
243.668,386.781763
243.678,383.64303
243.688,381.208867
243.698,376.340517
243.708,377.365046
243.718,384.939505
243.728,382.324069
243.738,385.639434
243.748,386.581516
243.758,379.174382
243.768,349.750763
243.778,326.85759
243.788,292.730976
243.798,287.769405
243.808,300.469625
243.818,275.7975
243.828,284.600472
243.838,283.66454
243.848,296.615116
243.858,320.429501
243.868,326.272716
243.878,353.36426
243.888,353.80548
243.898,360.032394
243.908,380.495895
243.918,390.924582
243.928,376.022114
243.938,357.550307
243.948,344.38838
243.958,337.258829
243.968,349.306516
243.978,335.923376
243.988,299.58333
243.998,276.912291
244.008,247.401878
244.018,259.519645
244.028,254.248373
244.038,256.627564
244.048,271.542852
244.058,306.6877
244.068,328.258655
244.078,362.73741
244.088,405.85388
244.098,413.835409
244.108,385.305069
244.118,361.67779
244.128,355.862576
244.138,378.411935
244.148,369.91296
244.158,333.200254
244.168,358.369655
244.178,298.830824
244.188,288.958821
244.198,292.949897
244.208,273.414575
244.218,269.476369
244.228,282.470801
244.238,316.549491
244.248,359.109901
244.258,401.546252
244.268,401.610668
244.278,383.589126
244.288,388.954301
244.298,359.736261
244.308,367.572036
244.318,372.421183
244.328,346.959457
244.338,332.871383
244.348,324.171426
244.358,316.418651
244.368,319.559486
244.378,315.714855
244.388,307.963672
244.398,301.05263
244.408,310.794915
244.418,314.054698
244.428,335.812543
244.438,334.942925
244.448,338.168329
244.458,354.706995
244.468,339.841799
244.478,326.342073
244.488,308.51743
244.498,302.444276
244.508,291.297793
244.518,299.190916
244.528,320.784461
244.538,293.139798
244.548,291.951219
244.558,291.601862
244.568,283.540588
244.578,276.770609
244.588,277.069918
244.598,276.032158
244.608,257.103897
244.618,245.306347
244.628,257.17001
244.638,245.461752
244.648,226.454433
244.658,226.099212
244.668,246.021367
244.678,256.632103
244.688,293.391094
244.698,298.320167
244.708,318.178161
244.718,344.405152
244.728,346.350682
244.738,360.3195
244.748,357.637395
244.758,351.592822
244.768,353.082094
244.778,331.308645
244.788,314.687996
244.798,298.092992
244.8,271.417848
244.808,277.871643
244.81,262.871006
244.82,274.162373
244.83,287.66595
244.84,302.566005
244.85,282.73943
244.86,287.96528
244.87,273.125601
244.88,237.026924
244.89,215.522329
244.9,218.926418
244.91,215.527827
244.92,227.446045
244.93,257.481452
244.94,284.171148
244.95,276.634096
244.96,255.351194
244.97,273.287128
244.98,277.788619
244.99,270.647959
245,282.178752
245.01,295.332521
245.02,285.455875
245.03,273.516549
245.04,280.803145
245.05,283.684848
245.06,274.762382
245.07,272.600545
245.08,272.744118
245.09,276.149386
245.1,287.249395
245.11,279.095419
245.12,277.385609
245.13,286.545949
245.14,286.219015
245.15,299.221431
245.16,309.788716
245.17,315.979939
245.18,327.487282
245.19,336.200339
245.2,335.205411
245.21,333.678681
245.22,337.140581
245.23,325.759829
245.24,324.8708
245.25,327.417275
245.26,316.959041
245.27,298.284875
245.28,286.910092
245.29,287.450043
245.3,279.971511
245.31,281.429532
245.32,282.631832
245.33,272.570366
245.34,277.633547
245.35,303.682284
245.36,320.5682
245.37,317.11585
245.38,320.552155
245.39,334.093751
245.4,310.781115
245.41,305.740874
245.42,304.337725
245.43,300.423209
245.44,298.719678
245.45,284.482095
245.46,283.041591
245.47,273.153802
245.48,271.325827
245.49,266.300188
245.5,270.414564
245.51,276.08527
245.52,282.79624
245.53,280.714718
245.54,286.807764
245.55,291.582849
245.56,303.908366
245.57,303.362753
245.58,298.337677
245.59,319.579134
245.6,314.967185
245.61,295.278393
245.62,285.260515
245.63,291.439914
245.64,295.844885
245.65,296.766692
245.66,284.8434
245.67,280.644427
245.68,289.189534
245.69,291.527637
245.7,296.248516
245.71,295.104931
245.72,303.598578
245.73,316.949094
245.74,315.016382
245.75,338.463797
245.76,347.78996
245.77,352.302698
245.78,330.672904
245.79,316.190027
245.8,326.806983
245.81,342.775618
245.82,315.892775
245.83,322.898158
245.84,331.039145
245.85,326.198165
245.86,327.342153
245.87,323.6709
245.88,326.898992
245.89,331.377176
245.9,340.05
245.91,334.548122
245.92,333.930371
245.93,352.939757
245.94,363.348462
245.95,360.480574
245.96,306.835524
245.97,352.867206
245.98,350.927238
245.99,329.584279
246,305.370262
246.01,307.614601
246.02,320.11065
246.03,304.357517
246.04,328.013182
246.05,306.510037
246.06,285.867006
246.07,280.781355
246.08,282.050123
246.09,286.330627
246.1,288.206111
246.11,292.901744
246.12,300.710243
246.13,315.420998
246.14,318.560559
246.15,323.37586
246.16,322.655803
246.17,315.261636
246.18,308.077782
246.19,309.466364
246.2,301.95771
246.21,296.143503
246.22,292.535852
246.23,285.589471
246.24,289.354122
246.25,281.937368
246.26,279.05304
246.27,280.55339
246.28,276.897593
246.29,274.132751
246.3,289.379467
246.31,302.702472
246.32,310.783009
246.33,320.907038
246.34,335.317546
246.35,349.231793
246.36,351.018796
246.37,340.562542
246.38,336.95213
246.39,328.235036
246.4,324.617038
246.41,319.765633
246.42,313.657719
246.43,330.647143
246.44,320.392366
246.45,326.643609
246.46,312.495869
246.47,318.417793
246.48,310.814727
246.49,308.22835
246.5,312.399036
246.51,310.902269
246.52,308.117502
246.53,302.143333
246.54,309.864073
246.55,294.219877
246.56,286.354371
246.57,295.192854
246.58,296.09858
246.59,296.788868
246.6,296.999034
246.61,297.842956
246.62,294.360497
246.63,280.673194
246.64,282.634751
246.65,308.095639
246.66,303.82841
246.67,293.908803
246.68,289.841076
246.69,297.362075
246.7,297.805391
246.71,298.957255
246.72,303.149816
246.73,308.795624
246.74,305.746758
246.75,305.486737
246.76,308.594494
246.77,316.365377
246.78,316.237592
246.79,323.588519
246.8,324.198349
246.81,327.464861
246.82,331.002416
246.83,337.61392
246.84,339.307598
246.85,347.47287
246.86,356.866836
246.87,357.771815
246.88,344.58045
246.89,342.756048
246.9,343.091435
246.91,337.423564
246.92,356.828972
246.93,361.930275
246.94,356.392716
246.95,356.6893
246.96,360.323827
246.97,355.272727
246.98,356.212533
246.99,330.398808
247,341.280988
247.01,342.543719
247.02,338.563989
247.03,320.476281
247.04,328.935979
247.05,335.11716
247.06,324.638472
247.07,326.571309
247.08,328.968157
247.09,331.773476
247.1,317.816619
247.11,310.203625
247.12,317.650315
247.13,326.352083
247.14,310.848558
247.15,308.612663
247.16,301.74079
247.17,288.252724
247.18,284.722778
247.19,283.595169
247.2,274.38366
247.21,269.49726
247.22,257.208564
247.23,240.669395
247.24,242.16455
247.25,247.162055
247.26,236.207647
247.27,234.010757
247.28,229.14011
247.29,233.123361
247.3,237.492385
247.31,247.402465
247.32,245.044388
247.33,251.473274
247.34,257.94315
247.35,268.790412
247.36,275.278014
247.37,271.252885
247.38,290.93552
247.39,313.886002
247.4,312.747767
247.41,312.632791
247.42,305.761951
247.43,316.520737
247.44,317.667235
247.45,302.001148
247.46,292.315177
247.47,293.983756
247.48,287.218746
247.49,290.352691
247.5,265.743012
247.51,254.208882
247.52,273.702654
247.53,264.119018
247.54,249.978794
247.55,243.874059
247.56,243.821026
247.57,254.032034
247.58,248.211839
247.59,259.049591
247.6,270.816134
247.61,293.033892
247.62,305.159665
247.63,309.999101
247.64,313.759835
247.65,315.674439
247.66,309.285343
247.67,300.678759
247.68,291.925441
247.69,287.460405
247.7,267.872634
247.71,259.279627
247.72,260.535688
247.73,251.215623
247.74,260.486268
247.75,245.760834
247.76,238.985492
247.77,243.854246
247.78,267.404983
247.79,215.371717
247.8,215.590238
247.81,214.542761
247.82,214.44665
247.83,212.374485
247.84,217.746325
247.85,239.573188
247.86,248.36564
247.87,264.851521
247.88,265.529559
247.89,282.883428
247.9,286.581799
247.91,329.746356
247.92,327.198385
247.93,352.326275
247.94,356.284181
247.95,369.309093
247.96,381.90056
247.97,380.273117
247.98,345.993612
247.99,320.783303
248,337.673942
248.01,348.431877
248.02,355.691117
248.03,349.813217
248.04,336.303804
248.05,328.637813
248.06,338.322241
248.07,343.392316
248.08,334.152603
248.09,338.171133
248.1,336.874732
248.11,321.343155
248.12,323.694664
248.13,328.827146
248.14,318.690877
248.15,309.405971
248.16,309.73666
248.17,326.621961
248.18,331.771908
248.19,351.850369
248.2,358.579363
248.21,347.779191
248.22,341.835307
248.23,345.785404
248.24,339.933149
248.25,351.632499
248.26,325.309443
248.27,323.418463
248.28,329.356869
248.29,345.556379
248.3,338.997148
248.31,322.768665
248.32,318.091165
248.33,317.73495
248.34,307.308357
248.35,301.077871
248.36,306.78943
248.37,318.359165
248.38,322.027558
248.39,318.536135
248.4,314.80452
248.41,303.592966
248.42,316.564855
248.43,320.06042
248.44,320.347797
248.45,319.842646
248.46,310.337935
248.47,313.813866
248.48,320.675133
248.49,342.570057
248.5,358.84937
248.51,361.925027
248.52,349.824604
248.53,336.293062
248.54,323.50793
248.55,326.807354
248.56,319.981119
248.57,318.953335
248.58,315.019047
248.59,302.494787
248.6,330.519305
248.61,336.348297
248.62,275.564922
248.63,272.19079
248.64,268.555236
248.65,258.532048
248.66,241.592858
248.67,229.007212
248.68,235.789782
248.69,231.060813
248.7,228.155804
248.71,224.851133
248.72,234.975369
248.73,249.759595
248.74,261.241537
248.75,268.843036
248.76,293.138657
248.77,306.387511
248.78,308.295307
248.79,342.160078
248.8,341.933143
248.81,332.883815
248.82,341.639376
248.83,327.176865
248.84,324.166625
248.85,333.529303
248.86,322.135348
248.87,275.342847
248.88,287.694852
248.89,261.526606
248.9,248.901438
248.91,243.918659
248.92,240.460069
248.93,234.682015
248.94,246.92073
248.95,253.887475
248.96,275.112075
248.97,288.629501
248.98,318.512758
248.99,315.97278
249,346.239207
249.01,351.224815
249.02,379.38253
249.03,385.566508
249.04,362.342848
249.05,344.590174
249.06,311.72487
249.07,296.963102
249.08,305.088419
249.09,289.060994
249.1,300.751452
249.11,298.454619
249.12,261.173969
249.13,241.674879
249.14,228.168861
249.15,223.235029
249.16,210.138984
249.17,211.597888
249.18,204.519007
249.19,203.631106
249.2,204.405993
249.21,206.525038
249.22,211.531957
249.23,224.631565
249.24,238.596682
249.25,244.674985
249.26,252.574541
249.27,264.000526
249.28,298.017595
249.29,296.625343
249.3,271.329305
249.31,291.892557
249.32,302.289441
249.33,296.556261
249.34,303.867755
249.35,305.528318
249.36,314.06997
249.37,320.307417
249.38,318.385673
249.39,325.000233
249.4,325.819734
249.41,314.205455
249.42,312.503467
249.43,332.060798
249.44,332.254229
249.45,334.21868
249.46,333.172054
249.47,335.979674
249.48,338.648441
249.49,356.143214
249.5,370.172439
249.51,361.455894
249.52,351.702095
249.53,345.08322
249.54,352.943094
249.55,359.632207
249.56,357.201413
249.57,365.842577
249.58,360.621116
249.59,363.239146
249.6,351.785411
249.61,354.164314
249.62,360.298896
249.63,342.396512
249.64,342.397399
249.65,328.329949
249.66,343.697017
249.67,349.131677
249.68,342.436053
249.69,332.732071
249.7,344.047525
249.71,347.965393
249.72,345.330072
249.73,351.149044
249.74,344.556784
249.75,338.6852
249.76,317.488648
249.77,325.993783
249.78,340.019788
249.79,321.571688
249.8,312.511253
249.81,308.400321
249.82,276.678581
249.83,279.178444
249.84,278.02637
249.85,261.285994
249.86,259.896785
249.87,252.99071
249.88,256.316131
249.89,262.699691
249.9,282.706239
249.91,287.862519
249.92,288.779183
249.93,297.964756
249.94,317.186421
249.95,321.412887
249.96,326.175165
249.97,317.466862
249.98,305.123341
249.99,316.071811
250,317.032022
250.01,298.134988
250.02,286.644535
250.03,274.415874
250.04,276.167152
250.05,297.838942
250.06,269.592978
250.07,248.279927
250.08,242.784304
250.09,232.260806
250.1,239.578359
250.11,238.725811
250.12,238.015084
250.13,242.38262
250.14,251.644106
250.15,261.87946
250.16,259.800338
250.17,263.464757
250.18,307.426807
250.19,298.425967
250.2,276.258427
250.21,276.610712
250.22,283.727495
250.23,257.906351
250.24,227.568632
250.25,272.651603
250.26,252.271232
250.27,236.470425
250.28,230.193628
250.29,221.604968
250.3,218.652845
250.31,211.467494
250.32,221.017504
250.33,226.38926
250.34,237.475304
250.35,249.44079
250.36,305.325874
250.37,301.394846
250.38,327.940838
250.39,349.617657
250.4,375.873366
250.41,369.989379
250.42,378.874063
250.43,373.179507
250.44,364.964957
250.45,368.275188
250.46,393.228449
250.47,385.277841
250.48,354.866667
250.49,340.45022
250.5,308.483582
250.51,320.88903
250.52,323.263293
250.53,341.734966
250.54,360.189952
250.55,331.757465
250.56,298.909772
250.57,299.13629
250.58,311.693669
250.59,301.075749
250.6,314.974308
250.61,325.364063
250.62,299.227392
250.63,295.268214
250.64,313.501212
250.65,301.342488
250.66,302.814713
250.67,303.759992
250.68,289.864917
250.69,286.52948
250.7,280.65437
250.71,259.720881
250.72,268.030239
250.73,264.993
250.74,265.134236
250.75,263.424083
250.76,265.742846
250.77,287.068661
250.78,311.534416
250.79,313.653655
250.8,332.989948
250.81,333.573795
250.82,344.560092
250.83,384.905167
250.84,341.893756
250.85,348.373469
250.86,332.445071
250.87,315.460923
250.88,297.181844
250.89,303.493089
250.9,304.960279
250.91,304.214968
250.92,312.374891
250.93,316.365512
250.94,324.672657
250.95,336.473674
250.96,334.105843
250.97,328.875002
250.98,321.374115
250.99,322.319365
251,326.355221
251.01,332.366448
251.02,351.247421
251.03,336.323342
251.04,320.072502
251.05,314.928251
251.06,293.17948
251.07,319.47411
251.08,263.381228
251.09,255.340957
251.1,223.502239
251.11,215.940964
251.12,208.339112
251.13,211.998122
251.14,200.304007
251.15,171.659259
251.16,198.86987
251.17,203.85074
251.18,204.777461
251.19,215.93583
251.2,235.41343
251.21,257.856999
251.22,312.094107
251.23,406.319528
251.24,442.024976
251.25,481.224433
251.26,347.030487
251.27,367.462337
251.28,369.730472
251.29,371.762516
251.3,373.134634
251.31,340.103703
251.32,347.831094
251.33,377.467593
251.34,379.87199
251.35,363.650479
251.36,355.731608
251.37,372.289214
251.38,370.233537
251.39,344.330371
251.4,356.887817
251.41,343.973999
251.42,332.909326
251.43,335.129102
251.44,335.032502
251.45,334.127957
251.46,330.42019
251.47,330.985603
251.48,332.518586
251.49,318.590807
251.5,333.834782
251.51,331.118698
251.52,336.29858
251.53,358.236038
251.54,329.538867
251.55,319.043675
251.56,312.841639
251.57,320.891549
251.58,331.281856
251.59,319.226059
251.6,299.236375
251.61,305.220348
251.62,277.626244
251.63,314.590569
251.64,299.929577
251.65,297.810967
251.66,289.788551
251.67,290.505918
251.68,299.918559
251.69,263.433357
251.7,266.505831
251.71,266.751339
251.72,265.176752
251.73,261.482778
251.74,274.704605
251.75,274.957526
251.76,291.088352
251.77,287.658385
251.78,305.15357
251.79,309.379572
251.8,313.076879
251.81,317.672235
251.82,325.087844
251.83,304.662024
251.84,291.011497
251.85,289.761757
251.86,287.298827
251.87,284.010023
251.88,295.872132
251.89,296.761591
251.9,296.894724
251.91,300.206929
251.92,304.001123
251.93,319.870271
251.94,326.308755
251.95,342.798105
251.96,323.053835
251.97,320.964537
251.98,330.640614
251.99,331.848634
252,320.410424
252.01,314.374694
252.02,304.79435
252.03,301.079475
252.04,289.512401
252.05,275.829258
252.06,253.802168
252.07,259.196492
252.08,300.618812
252.09,290.058175
252.1,255.68388
252.11,228.409828
252.12,241.781887
252.13,213.221414
252.14,196.060318
252.15,204.068858
252.16,208.485872
252.17,220.322499
252.18,237.272948
252.19,257.789673
252.2,266.185671
252.21,252.020284
252.22,261.460934
252.23,272.892878
252.24,282.327285
252.25,282.987091
252.26,258.141464
252.27,242.782762
252.28,234.300971
252.29,223.332533
252.3,217.247924
252.31,208.792598
252.32,199.001886
252.33,195.820687
252.34,202.052864
252.35,203.625335
252.36,212.166512
252.37,217.214826
252.38,229.746568
252.39,249.326758
252.4,270.623957
252.41,260.064758
252.42,258.401232
252.43,275.417004
252.44,291.009714
252.45,317.312346
252.46,277.74452
252.47,272.799112
252.48,277.385517
252.49,261.678293
252.5,249.40931
252.51,220.742231
252.52,227.106065
252.53,226.743502
252.54,209.705462
252.55,197.390013
252.56,204.085786
252.57,185.165076
252.58,180.766453
252.59,185.123841
252.6,190.762666
252.61,212.094173
252.62,228.536773
252.63,280.509366
252.64,296.820793
252.65,343.914613
252.66,375.062951
252.67,408.306716
252.68,408.743852
252.69,430.086465
252.7,430.475485
252.71,409.416545
252.72,393.934704
252.73,389.120399
252.74,414.318817
252.75,400.340028
252.76,420.011998
252.77,389.270027
252.78,373.023195
252.79,368.852888
252.8,345.993702
252.81,329.268096
252.82,355.819124
252.83,347.834301
252.84,346.601702
252.85,355.376114
252.86,357.650984
252.87,353.43408
252.88,349.112197
252.89,346.692419
252.9,342.993026
252.91,366.002452
252.92,343.850909
252.93,328.722657
252.94,323.060994
252.95,326.290534
252.96,304.152947
252.97,326.298919
252.98,313.762427
252.99,310.578034
253,306.740845
253.01,319.293643
253.02,305.294224
253.03,317.141367
253.04,314.112508
253.05,320.1137
253.06,302.016513
253.07,294.73396
253.08,303.634839
253.09,310.363472
253.1,299.474424
253.11,280.224375
253.12,272.827266
253.13,276.221672
253.14,254.316741
253.15,245.495253
253.16,256.770108
253.17,237.450496
253.18,236.215899
253.19,260.498126
253.2,224.499439
253.21,216.588082
253.22,218.985837
253.23,219.389211
253.24,248.667986
253.25,272.106898
253.26,278.842458
253.27,310.23223
253.28,404.153246
253.29,413.906531
253.3,467.701917
253.31,510.789973
253.32,505.791089
253.33,462.364761
253.34,360.367774
253.35,241.662354
253.36,218.749846
253.37,392.085517
253.38,425.374796
253.39,384.697411
253.4,362.951859
253.41,358.300903
253.42,374.064485
253.43,333.521767
253.44,295.514515
253.45,261.02278
253.46,228.363333
253.47,227.513212
253.48,238.149278
253.49,263.216759
253.5,283.031753
253.51,300.159958
253.52,333.772273
253.53,331.997051
253.54,335.593252
253.55,349.009949
253.56,348.474363
253.57,283.648743
253.58,233.331966
253.59,224.065023
253.6,217.227771
253.61,207.909232
253.62,187.860657
253.63,182.739872
253.64,200.737199
253.65,186.663587
253.66,199.444323
253.67,223.456139
253.68,239.672151
253.69,269.860092
253.7,277.353103
253.71,333.654455
253.72,327.763318
253.73,304.745146
253.74,301.631585
253.75,276.892857
253.76,259.858648
253.77,255.494779
253.78,252.743748
253.79,243.482181
253.8,226.144777
253.81,221.689475
253.82,226.907634
253.83,237.757332
253.84,245.631197
253.85,267.470338
253.86,280.277773
253.87,306.789548
253.88,333.046237
253.89,326.975146
253.9,328.919247
253.91,323.04689
253.92,314.98914
253.93,349.773349
253.94,349.745551
253.95,304.334593
253.96,308.912227
253.97,326.151825
253.98,310.988449
253.99,318.1451
254,324.68321
254.01,318.272572
254.02,315.857588
254.03,331.292657
254.04,340.442739
254.05,335.374593
254.06,339.752166
254.07,351.495353
254.08,369.487742
254.09,381.399539
254.1,377.804086
254.11,376.601406
254.12,371.030353
254.13,371.04226
254.14,367.394896
254.15,383.878862
254.16,398.068463
254.17,389.748794
254.18,375.607927
254.19,386.047051
254.2,400.765484
254.21,403.560895
254.22,367.359862
254.23,338.182842
254.24,343.830672
254.25,315.360411
254.26,278.035928
254.27,286.325979
254.28,245.515579
254.29,207.934049
254.3,214.853441
254.31,224.362743
254.32,269.84294
254.33,260.027131
254.34,315.604133
254.35,346.370779
254.36,354.760788
254.37,376.222481
254.38,398.154207
254.39,366.286582
254.4,335.303265
254.41,313.933161
254.42,305.065708
254.43,259.788594
254.44,246.772775
254.45,224.495425
254.46,206.318266
254.47,233.158512
254.48,234.764925
254.49,267.83873
254.5,331.383999
254.51,355.311048
254.52,351.118753
254.53,359.361696
254.54,357.745755
254.55,395.843708
254.56,367.644105
254.57,342.187642
254.58,277.035157
254.59,266.24436
254.6,227.312436
254.61,211.040474
254.62,177.79589
254.63,176.00287
254.64,180.026054
254.65,169.604639
254.65,208.769025
254.66,179.321924
254.66,199.43081
254.67,202.545201
254.68,200.200446
254.69,198.60608
254.7,202.408726
254.71,200.35755
254.72,244.336148
254.73,318.074752
254.74,367.950226
254.75,372.728504
254.76,356.840653
254.77,421.081312
254.78,414.173458
254.79,397.225193
254.8,379.638308
254.81,375.211599
254.82,385.484991
254.83,345.754911
254.84,352.618916
254.85,318.478583
254.86,295.320081
254.87,238.652709
254.89,303.001674
254.9,271.58332
254.91,247.724831
254.92,232.396568
254.93,221.706963
254.94,215.392967
254.95,226.539369
254.96,212.514278
254.97,220.794973
254.98,219.756099
254.99,231.050145
255,232.056275
255.01,225.475252
255.02,213.855516
255.05,240.989216
255.06,249.996291
255.07,261.396298
255.08,268.862223
255.09,296.102834
255.1,323.643368
255.11,345.036569
255.12,366.784674
255.13,380.771533
255.14,380.278129
255.15,355.516898
255.16,359.510074
255.17,331.901511
255.18,349.777273
255.19,321.606691
255.2,346.651074
255.21,285.638614
255.22,300.577576
255.23,264.044131
255.24,269.812078
255.25,271.352689
255.26,277.281262
255.27,279.841551
255.28,263.123247
255.29,273.675813
255.3,270.640757
255.31,275.352638
255.32,253.676642
255.33,242.196835
255.34,247.956283
255.35,239.908173
255.36,247.709269
255.37,234.267236
255.38,233.270495
255.39,237.876069
255.4,243.77066
255.41,248.512793
255.42,259.462036
255.43,260.18279
255.44,234.96064
255.45,252.421123
255.46,262.98104
255.47,262.979816
255.48,267.195088
255.49,265.144884
255.5,273.173716
255.51,267.185995
255.52,279.378172
255.53,299.671248
255.54,300.317569
255.55,304.091999
255.56,304.838768
255.57,297.163632
255.58,305.883411
255.59,288.796757
255.6,291.172365
255.61,286.934159
255.62,251.27639
255.63,235.186831
255.64,208.572862
255.65,214.66479
255.66,200.518267
255.67,201.956058
255.68,162.686636
255.69,153.6323
255.7,160.401426
255.7,242.4179
255.71,195.70687
255.72,199.156962
255.73,201.41854
255.74,221.532281
255.75,231.384559
255.76,238.708888
255.77,273.581809
255.78,281.183084
255.79,261.491412
255.8,279.463081
255.81,271.135486
255.82,281.477442
255.83,266.118332
255.84,253.441309
255.85,255.000757
255.86,243.107519
255.87,224.102686
255.88,207.076673
255.89,203.135025
255.9,210.824842
255.91,232.182056
255.92,222.131596
255.93,242.85416
255.94,271.220989
255.95,280.265913
255.96,290.08962
255.97,301.420954
255.98,305.274894
255.99,310.341362
256,301.821756
256.01,297.014356
256.02,306.6184
256.03,268.896675
256.04,261.902498
256.05,262.353964
256.06,273.730683
256.07,254.447354
256.08,243.794951
256.09,227.199736
256.1,211.349253
256.11,191.031313
256.12,178.370885
256.13,183.002117
256.14,180.493572
256.15,173.818937
256.16,191.973904
256.17,209.382961
256.18,237.28639
256.19,290.903804
256.2,371.278624
256.21,325.174675
256.22,332.168992
256.23,355.969516
256.24,347.344046
256.25,382.061331
256.26,437.595707
256.27,451.967857
256.28,460.611927
256.29,458.728624
256.3,456.756087
256.31,449.486471
256.32,447.009307
256.33,460.923054
256.34,443.226196
256.35,446.429715
256.36,441.636306
256.37,404.660978
256.38,381.074351
256.39,380.819863
256.4,349.630236
256.41,341.226882
256.42,313.93297
256.43,310.156612
256.44,296.34254
256.45,292.291696
256.46,290.163071
256.47,290.043228
256.48,272.197906
256.49,269.687667
256.5,297.68253
256.51,277.600317
256.52,280.984181
256.53,294.104521
256.54,313.658357
256.55,328.736471
256.56,342.406263
256.57,340.563224
256.58,356.415183
256.59,352.871503
256.6,324.564172
256.61,360.104864
256.62,389.776407
256.63,389.995936
256.64,377.241381
256.65,384.055668
256.66,386.691072
256.67,372.788398
256.68,369.474157
256.69,373.116766
256.7,358.598399
256.71,344.76957
256.72,327.156224
256.73,304.792335
256.74,291.493772
256.75,287.420192
256.76,285.589337
256.77,283.120714
256.78,295.151179
256.79,302.31503
256.8,333.633576
256.81,366.829521
256.82,369.155626
256.83,372.587028
256.84,407.687966
256.85,409.424156
256.86,422.060628
256.87,398.042508
256.88,408.368306
256.89,406.526181
256.9,404.638388
256.91,416.176073
256.92,381.263353
256.93,365.724384
256.94,360.792339
256.95,316.72032
256.96,304.441485
256.97,299.632548
256.98,247.626144
256.99,224.079008
257,213.355771
257.01,233.492928
257.02,210.914661
257.03,220.57053
257.04,225.269651
257.05,215.963476
257.06,221.626636
257.07,245.745813
257.08,267.719819
257.09,283.702023
257.1,286.744938
257.11,314.554159
257.12,334.26555
257.13,334.785994
257.14,322.729599
257.15,308.663128
257.16,298.144571
257.17,287.07487
257.18,262.598751
257.19,249.185087
257.2,228.147635
257.21,206.163909
257.22,224.852606
257.23,206.247113
257.24,202.94281
257.25,227.310486
257.26,270.015102
257.27,328.131064
257.28,375.798727
257.29,417.933614
257.3,494.657684
257.31,524.641946
257.32,541.655572
257.33,556.454346
257.34,549.788183
257.35,561.904655
257.36,546.230657
257.37,561.453183
257.38,516.528354
257.39,502.465537
257.4,521.966192
257.41,497.831067
257.42,495.503867
257.43,508.664274
257.44,423.794027
257.45,438.730097
257.46,445.073299
257.47,381.586638
257.48,351.025651
257.49,332.586291
257.5,400.256263
257.51,371.288454
257.52,297.191009
257.53,280.109948
257.54,319.277877
257.55,283.100927
257.56,290.478818
257.57,311.083566
257.58,329.664607
257.59,366.493803
257.6,390.963018
257.61,375.478491
257.62,447.390417
257.63,440.958683
257.64,455.146617
257.65,475.650739
257.66,467.299708
257.67,461.053483
257.68,412.205224
257.69,453.560888
257.7,446.684028
257.71,441.912092
257.72,406.151083
257.73,412.22485
257.74,433.840195
257.75,406.94157
257.76,416.121362
257.77,425.392062
257.78,393.615611
257.79,364.494734
257.8,392.143009
257.81,366.216125
257.82,356.97513
257.83,358.655403
257.84,338.287214
257.85,363.992574
257.86,347.71312
257.87,350.109367
257.88,367.41758
257.89,353.082536
257.9,343.247731
257.91,352.302902
257.92,378.389587
257.93,380.352406
257.94,382.247964
257.95,340.799757
257.96,312.341901
257.97,304.873139
257.98,283.053097
257.99,266.555788
258,263.956621
258.01,226.714117
258.02,218.463142
258.03,180.899192
258.04,200.134757
258.05,203.316603
258.06,194.899697
258.07,202.47138
258.08,244.426008
258.09,264.514587
258.1,300.418162
258.11,324.46534
258.12,323.435581
258.13,317.676718
258.14,293.716169
258.15,298.91485
258.16,331.354748
258.17,326.805639
258.18,267.325824
258.19,271.004818
258.2,236.213334
258.21,227.545455
258.22,209.553818
258.23,203.478612
258.24,202.820564
258.25,216.403957
258.26,208.924243
258.27,226.247869
258.28,256.48322
258.29,247.886563
258.3,256.840461
258.31,283.315058
258.32,309.006363
258.33,290.815507
258.34,266.111792
258.35,251.250764
258.36,233.12077
258.37,235.319692
258.38,239.45771
258.39,215.963956
258.4,182.963311
258.41,193.860147
258.42,212.915106
258.43,237.857641
258.44,268.405207
258.45,327.523098
258.46,353.278135
258.47,391.333134
258.48,355.528625
258.49,371.112033
258.5,394.003778
258.51,400.287031
258.52,388.637377
258.53,416.80514
258.54,417.64432
258.55,432.243105
258.56,433.020069
258.57,411.079074
258.58,405.499784
258.59,410.079828
258.6,408.629577
258.61,388.61284
258.62,407.463806
258.63,348.822051
258.64,320.130667
258.65,297.998557
258.66,303.489082
258.67,290.951715
258.68,278.538826
258.69,271.184498
258.7,259.240426
258.71,260.414795
258.72,244.355961
258.73,243.385707
258.74,253.14314
258.75,267.340009
258.76,275.17098
258.77,299.93343
258.78,315.411759
258.79,343.623122
258.8,367.608269
258.81,355.772989
258.82,378.888239
258.83,388.643995
258.84,387.692614
258.85,382.168001
258.86,365.187571
258.87,390.77945
258.88,378.854147
258.89,378.978432
258.9,390.647686
258.91,388.386582
258.92,385.679828
258.93,379.312854
258.94,395.417079
258.95,400.188843
258.96,394.793188
258.97,410.202321
258.98,352.383632
258.99,363.948072
259,355.707697
259.01,355.878077
259.02,338.433753
259.03,334.361987
259.04,324.302586
259.05,332.011278
259.06,320.486244
259.07,307.62003
259.08,291.427493
259.09,281.591399
259.1,240.196502
259.11,213.22331
259.12,215.785574
259.13,209.607668
259.14,201.08412
259.15,212.730752
259.16,226.89321
259.17,252.041847
259.18,294.20767
259.19,326.637965
259.2,330.073228
259.21,361.289044
259.22,339.375129
259.23,363.922347
259.24,366.175555
259.25,363.078685
259.26,365.001018
259.27,372.222761
259.28,366.477982
259.29,371.147567
259.3,355.729638
259.31,389.415328
259.32,402.496185
259.33,424.588449
259.34,425.406498
259.35,407.335107
259.36,415.24956
259.37,404.627262
259.38,396.896464
259.39,397.236676
259.4,388.495131
259.41,351.75008
259.42,355.812093
259.43,360.453493
259.44,360.411335
259.45,331.272981
259.46,300.823505
259.47,312.164077
259.48,327.236141
259.49,277.195131
259.5,262.770543
259.51,269.038755
259.52,264.407142
259.53,257.169484
259.54,238.471389
259.55,235.790473
259.56,233.672957
259.57,239.625248
259.58,246.043195
259.59,251.05613
259.6,251.33752
259.61,252.797972
259.62,278.450708
259.63,304.159285
259.64,315.371216
259.65,335.906015
259.66,347.220528
259.67,359.494552
259.68,361.966656
259.69,350.070511
259.7,366.837721
259.71,367.686948
259.72,373.873381
259.73,372.026127
259.74,378.644308
259.75,378.456051
259.76,382.879644
259.77,377.907236
259.78,382.725756
259.79,385.192224
259.8,392.884984
259.81,412.207094
259.82,401.591733
259.83,403.256537
259.84,396.03721
259.85,402.362542
259.86,405.92138
259.87,401.943117
259.88,414.051171
259.89,406.785849
259.9,397.272823
259.91,408.460349
259.92,413.631194
259.93,400.450494
259.94,413.566196
259.95,401.344703
259.96,371.662034
259.97,372.446001
259.98,356.038882
259.99,342.129042
260,329.420935
260.01,289.745112
260.02,291.124219
260.03,293.355902
260.04,286.704394
260.05,235.318737
260.06,217.192056
260.07,214.334108
260.08,221.206457
260.09,247.451215
260.1,232.518144
260.11,223.601654
260.12,260.722809
260.13,301.855517
260.14,326.146811
260.15,347.669893
260.16,371.549145
260.17,377.91151
260.18,345.403072
260.19,380.614061
260.2,391.714746
260.21,401.934458
260.22,371.849395
260.23,392.201496
260.24,395.943147
260.25,406.491038
260.26,417.258051
260.27,428.587416
260.28,421.1098
260.29,414.020608
260.3,417.675509
260.31,423.490031
260.32,417.210409
260.33,421.094397
260.34,422.710512
260.35,437.771867
260.36,424.684244
260.37,455.569011
260.38,469.839679
260.39,457.524416
260.4,462.038474
260.41,443.28975
260.42,449.866428
260.43,450.151815
260.44,437.210153
260.45,429.368075
260.46,430.644614
260.47,436.305053
260.48,411.458174
260.49,393.76456
260.5,372.108274
260.51,384.781008
260.52,353.188183
260.53,344.673527
260.54,312.787695
260.55,291.82378
260.56,264.328733
260.57,257.151069
260.58,231.558168
260.59,205.938397
260.6,265.540165
260.61,201.160443
260.62,192.448816
260.63,198.751359
260.64,200.332053
260.65,222.860702
260.66,236.470618
260.67,269.602916
260.68,311.357481
260.69,332.591924
260.7,380.46372
260.71,400.466
260.72,421.243466
260.73,424.020522
260.74,429.21323
260.75,434.23363
260.76,445.219605
260.77,439.397141
260.78,433.847328
260.79,415.423971
260.8,448.551497
260.81,412.812885
260.82,409.310238
260.83,386.813169
260.84,379.407221
260.85,351.217832
260.86,348.151588
260.87,345.017236
260.88,361.375434
260.89,372.800321
260.9,313.587031
260.91,314.970397
260.92,304.290855
260.93,317.653173
260.94,311.615206
260.95,309.505802
260.96,319.747496
260.97,322.374801
260.98,336.380122
260.99,342.260534
261,357.931771
261.01,321.587446
261.02,315.615576
261.03,308.109038
261.04,289.061387
261.05,288.692214
261.06,292.074687
261.07,288.592891
261.08,286.210244
261.09,299.32284
261.1,264.558641
261.11,279.505313
261.12,247.362794
261.13,217.581768
261.14,206.12738
261.15,205.325682
261.16,213.755833
261.17,222.145236
261.18,220.284715
261.19,276.476748
261.2,362.655328
261.21,394.711662
261.22,453.803423
261.23,472.087368
261.24,499.724672
261.25,467.747828
261.26,508.380896
261.27,507.030229
261.28,513.496412
261.29,521.283863
261.3,512.626586
261.31,518.773757
261.32,499.19115
261.33,464.748694
261.34,416.655756
261.35,410.089854
261.36,418.571527
261.37,348.403191
261.38,334.781456
261.39,329.21543
261.4,230.530947
261.41,243.018504
261.42,228.412107
261.43,233.34331
261.44,237.524123
261.45,271.324382
261.46,306.106168
261.47,350.314931
261.48,384.089188
261.49,385.620989
261.5,384.129239
261.51,388.29516
261.52,395.254214
261.53,395.288503
261.54,404.382924
261.55,403.86567
261.56,391.324709
261.57,390.379487
261.58,409.929262
261.59,417.17174
261.6,419.04629
261.61,446.747804
261.62,457.648183
261.63,439.321566
261.64,446.784433
261.65,438.731217
261.66,465.0662
261.67,480.500135
261.68,479.279567
261.69,511.170317
261.7,485.872898
261.71,496.50266
261.72,546.955083
261.73,551.137
261.74,545.080133
261.75,556.23815
261.76,529.189596
261.77,532.20405
261.78,530.728012
261.79,504.394478
261.8,519.247525
261.81,510.4266
261.82,505.609883
261.83,492.4138
261.84,487.734695
261.85,489.258767
261.86,482.79545
261.87,480.787817
261.88,480.900387
261.89,469.787
261.9,454.5595
261.91,449.094817
261.92,431.127855
261.93,392.205932
261.94,396.399083
261.95,390.684417
261.96,325.476517
261.97,313.938148
261.98,274.559683
261.99,257.4652
262,226.491463
262.01,218.937727
262.02,219.54755
262.03,223.266593
262.04,221.397379
262.05,226.1269
262.06,245.266246
262.07,251.8052
262.08,245.83665
262.09,291.952983
262.1,282.253367
262.11,397.140283
262.12,427.959367
262.13,452.5874
262.14,468.98697
262.15,445.992272
262.16,459.94068
262.17,474.658583
262.18,485.284057
262.19,476.234708
262.2,473.022783
262.21,490.6696
262.22,494.68425
262.23,496.70729
262.24,494.687718
262.25,498.512667
262.26,496.595683
262.27,506.125303
262.28,503.061152
262.29,523.408633
262.3,513.601183
262.31,508.288401
262.32,512.631333
262.33,501.985267
262.34,508.099783
262.35,501.979283
262.36,498.919192
262.37,508.1815
262.38,512.829967
262.39,527.622433
262.4,525.869185
262.41,524.520348
262.42,533.508717
262.43,532.959467
262.44,526.750825
262.45,529.622533
262.46,529.582733
262.47,527.503133
262.48,530.230404
262.49,528.587867
262.5,525.4319
262.51,515.891483
262.52,502.543566
262.53,508.892828
262.54,479.280667
262.55,435.877467
262.56,400.255521
262.57,390.723232
262.58,368.125167
262.59,301.017533
262.6,300.0282
262.61,314.975168
262.62,287.36935
262.63,249.820467
262.64,241.1214
262.65,237.1956
262.66,237.400488
262.67,230.759667
262.68,235.606033
262.69,234.768267
262.7,233.673064
262.71,231.965083
262.72,251.383167
262.73,296.263258
262.74,372.433716
262.75,401.28735
262.76,455.10285
262.77,474.8459
262.78,494.887946
262.79,501.346
262.8,517.04975
262.81,522.792583
262.82,519.3769
262.83,530.70771
262.84,522.884311
262.85,540.273717
262.86,547.013733
262.87,555.653923
262.88,561.406783
262.89,544.3422
262.9,539.906834
262.91,535.251399
262.92,524.410151
262.93,511.827967
262.94,511.0634
262.95,501.729717
262.96,519.374108
262.97,520.970208
262.98,480.95555
262.99,486.490167
263,456.303838
263.01,426.573567
263.02,451.976133
263.03,493.007085
263.04,457.095286
263.05,461.545833
263.06,478.8709
263.07,473.866883
263.08,471.425455
263.09,469.417714
263.1,456.43183
263.11,430.470309
263.12,455.522656
263.13,449.93852
263.14,452.255423
263.15,445.065023
263.16,445.128812
263.17,437.099706
263.18,426.109908
263.19,411.091368
263.2,401.705709
263.21,393.00072
263.22,389.203712
263.23,367.608763
263.24,378.128732
263.25,373.555515
263.26,381.792549
263.27,383.603765
263.28,379.393797
263.29,362.21902
263.3,339.364912
263.31,336.948593
263.32,325.934328
263.33,306.423591
263.34,295.091419
263.35,270.493651
263.36,264.021708
263.37,264.308825
263.38,279.59785
263.39,292.62776
263.4,313.431339
263.41,354.250942
263.42,401.971643
263.43,428.511051
263.44,400.176388
263.45,452.796112
263.46,465.215802
263.47,473.045184
263.48,477.734825
263.49,482.925731
263.5,489.551631
263.51,497.9158
263.52,479.154951
263.53,489.02226
263.54,501.366163
263.55,475.234714
263.56,494.841605
263.57,506.398536
263.58,516.398999
263.59,492.83359
263.6,482.449538
263.61,488.87768
263.62,498.36495
263.63,462.4825
263.64,453.223109
263.65,449.661505
263.66,425.225958
263.67,437.594365
263.68,435.991815
263.69,396.459505
263.7,392.79386
263.71,383.341165
263.72,356.405511
263.73,357.495662
263.74,337.66895
263.75,316.237541
263.76,303.86636
263.77,276.545836
263.78,262.286438
263.79,273.227785
263.8,252.789715
263.81,258.061999
263.82,291.332526
263.83,281.0614
263.84,277.743077
263.85,305.266507
263.86,319.557053
263.87,327.577262
263.88,338.623409
263.89,364.959232
263.9,365.851952
263.91,358.966424
263.92,369.744882
263.93,372.734207
263.94,378.628622
263.95,382.232165
263.96,379.186276
263.97,388.425984
263.98,393.059149
263.99,391.17387
264,387.77671
264.01,379.517546
264.02,396.107676
264.03,400.593886
264.04,399.356407
264.05,396.293226
264.06,405.067921
264.07,411.206802
264.08,400.427708
264.09,414.556173
264.1,413.84815
264.11,417.373912
264.12,418.560812
264.13,417.904979
264.14,435.280422
264.15,438.069567
264.16,433.193914
264.17,427.027917
264.18,447.782962
264.19,450.247063
264.2,448.477644
264.21,443.298765
264.22,430.088576
264.23,451.510667
264.24,430.985387
264.25,433.144073
264.26,430.250008
264.27,425.261366
264.28,425.083314
264.29,414.462164
264.3,416.036097
264.31,404.004734
264.32,397.446628
264.33,400.069269
264.34,346.04433
264.35,337.334996
264.36,309.175219
264.37,314.010628
264.38,248.329074
264.39,227.550822
264.4,227.789525
264.41,224.567699
264.42,232.339298
264.43,218.057912
264.44,229.892855
264.45,220.392076
264.46,238.696681
264.47,271.437655
264.48,333.55213
264.49,358.441587
264.5,374.592734
264.51,383.428384
264.52,421.934325
264.53,459.958879
264.54,528.804066
264.55,537.919014
264.56,525.803729
264.57,534.313482
264.58,506.787751
264.59,469.352522
264.6,440.431324
264.61,483.110448
264.62,522.749343
264.63,547.37872
264.64,549.606428
264.65,526.649446
264.66,522.988326
264.67,536.204602
264.68,513.097734
264.69,474.714458
264.7,432.423591
264.71,428.461101
264.72,391.246593
264.73,385.633182
264.74,394.932161
264.75,390.234407
264.76,378.837126
264.77,362.937439
264.78,366.504706
264.79,368.785384
264.8,348.192164
264.81,316.194795
264.82,339.20153
264.83,347.150761
264.84,337.346203
264.85,341.599524
264.86,370.778045
264.87,355.945266
264.88,319.015657
264.89,317.184807
264.9,299.919924
264.91,300.830952
264.92,287.482442
264.93,277.047561
264.94,258.051134
264.95,251.200135
264.96,253.417595
264.97,238.256597
264.98,224.740679
264.99,238.569582
265,229.745192
265.01,222.189664
265.02,229.846318
265.03,227.159563
265.04,216.792696
265.05,234.786862
265.06,236.161764
265.07,240.260232
265.08,246.055391
265.09,252.88048
265.1,254.338731
265.11,267.147023
265.12,261.921701
265.13,273.555463
265.14,274.470294
265.15,277.982698
265.16,282.598496
265.17,299.671398
265.18,300.24301
265.19,315.664046
265.2,331.162053
265.21,342.977093
265.22,337.528066
265.23,360.663988
265.24,381.382561
265.25,376.371343
265.26,362.349031
265.27,361.278045
265.28,354.140899
265.29,358.978086
265.3,375.686956
265.31,351.257042
265.32,351.710392
265.33,375.200353
265.34,372.098245
265.35,346.974939
265.36,376.179259
265.37,372.788028
265.38,370.261903
265.39,378.681973
265.4,387.37393
265.41,352.99801
265.42,339.544787
265.43,360.310654
265.44,350.389169
265.45,336.795086
265.46,331.446402
265.47,374.793548
265.48,375.663137
265.49,348.269959
265.5,346.712263
265.51,344.26466
265.52,336.812336
265.53,331.568977
265.54,317.09868
265.55,312.961642
265.56,327.404827
265.57,314.137924
265.58,304.653787
265.59,298.134931
265.6,287.710589
265.61,304.479205
265.62,315.253005
265.63,313.530355
265.64,303.782491
265.65,307.433611
265.66,313.716556
265.67,309.909912
265.68,304.863654
265.69,282.373336
265.7,277.113539
265.71,283.75
265.72,282.609965
265.73,294.282654
265.74,293.622561
265.75,287.698218
265.76,294.496199
265.77,292.77673
265.78,293.257378
265.79,290.125329
265.8,296.054948
265.81,294.407128
265.82,306.092804
265.83,321.381968
265.84,334.064879
265.85,337.891
265.86,343.025515
265.87,340.52409
265.88,335.109784
265.89,335.813301
265.9,339.162592
265.91,377.360125
265.92,389.94036
265.93,395.413186
265.94,376.212128
265.95,365.35699
265.96,363.459347
265.97,362.063048
265.98,354.222022
265.99,366.059474
266,362.687488
266.01,377.978354
266.02,355.959979
266.03,346.971495
266.04,338.25807
266.05,352.058821
266.06,358.128533
266.07,340.83226
266.08,343.37166
266.09,359.576694
266.1,337.701995
266.11,331.154595
266.12,345.525467
266.13,341.653742
266.14,363.24668
266.15,366.359689
266.16,357.270912
266.17,358.181708
266.18,381.595497
266.19,379.491476
266.2,350.744946
266.21,363.173825
266.22,376.535332
266.23,366.751883
266.24,347.199784
266.25,358.814278
266.26,359.838768
266.27,334.473084
266.28,323.233226
266.29,317.209069
266.3,302.753882
266.31,304.283079
266.32,314.537681
266.33,313.378418
266.34,315.035898
266.35,332.856314
266.36,318.238809
266.37,297.992396
266.38,293.904679
266.39,286.202773
266.4,272.525749
266.41,278.903671
266.42,284.98633
266.43,293.181225
266.44,289.424239
266.45,294.810119
266.46,302.557057
266.47,306.770793
266.48,305.884872
266.49,311.737912
266.5,310.198175
266.51,306.186981
266.52,303.904215
266.53,300.430977
266.54,299.225461
266.55,283.042567
266.56,274.601065
266.57,276.765801
266.58,283.848442
266.59,265.495703
266.6,269.768072
266.61,283.401472
266.62,301.105666
266.63,304.715756
266.64,313.515427
266.65,360.642838
266.66,368.714645
266.67,335.962451
266.68,369.277478
266.69,364.39221
266.7,361.599555
266.71,362.718869
266.72,392.470696
266.73,373.921528
266.74,343.407527
266.75,367.288731
266.76,333.923434
266.77,345.693026
266.78,341.937361
266.79,313.75275
266.8,318.361732
266.81,310.120751
266.82,295.847987
266.83,293.174753
266.84,311.326742
266.85,310.750645
266.86,302.993264
266.87,302.911453
266.88,316.83822
266.89,284.680207
266.9,279.67535
266.91,280.871231
266.92,268.30769
266.93,271.767552
266.94,268.667256
266.95,267.775054
266.96,276.593402
266.97,276.766632
266.98,287.637516
266.99,303.735336
267,302.523768
267.01,286.341368
267.02,295.465103
267.03,304.553676
267.04,318.420346
267.05,305.342609
267.06,304.035208
267.07,336.094255
267.08,331.884394
267.09,334.344233
267.1,333.99091
267.11,322.381318
267.12,327.250157
267.13,344.403937
267.14,341.981944
267.15,331.145793
267.16,336.910111
267.17,342.980246
267.18,327.277951
267.19,327.318891
267.2,303.86406
267.21,307.612227
267.22,305.137516
267.23,304.180013
267.24,318.893999
267.25,353.372379
267.26,352.239484
267.27,397.1302
267.28,453.928797
267.29,410.122779
267.3,471.926184
267.31,531.416189
267.32,545.496233
267.33,534.634083
267.34,553.159092
267.35,533.337531
267.36,556.717373
267.37,561.652683
267.38,557.639426
267.39,553.77051
267.4,533.152148
267.41,566.376141
267.42,536.418435
267.43,495.515819
267.44,530.719036
267.45,501.407368
267.46,479.707687
267.47,457.059384
267.48,466.744416
267.49,428.785424
267.5,371.524956
267.51,336.660843
267.52,367.182329
267.53,364.396073
267.54,338.859834
267.55,300.385872
267.56,313.927388
267.57,318.34221
267.58,291.046943
267.59,255.24767
267.6,251.570475
267.61,233.600027
267.62,204.9877
267.63,198.838174
267.64,199.319813
267.65,197.365252
267.66,238.956734
267.67,247.618619
267.68,208.419032
267.69,214.071065
267.7,231.53926
267.71,244.940582
267.72,256.734229
267.73,258.176458
267.74,273.141027
267.75,288.422763
267.76,294.285322
267.77,286.595622
267.78,285.037157
267.79,313.201402
267.8,310.458952
267.81,301.707038
267.82,313.96692
267.83,315.045576
267.84,313.359035
267.85,311.039151
267.86,324.581001
267.87,319.438835
267.88,306.43203
267.89,304.423083
267.9,300.409484
267.91,300.876255
267.92,314.983267
267.93,343.498269
267.94,338.79
267.95,337.253853
267.96,338.754848
267.97,359.649214
267.98,343.522863
267.99,375.601691
268,402.092983
268.01,435.927367
268.02,442.75939
268.03,448.633322
268.04,442.558602
268.05,429.103111
268.06,435.214843
268.07,414.129616
268.08,410.158336
268.09,393.842902
268.1,384.262273
268.11,346.706076
268.12,361.989522
268.13,362.61796
268.14,338.359334
268.15,326.732213
268.16,318.596951
268.17,297.761763
268.18,294.041183
268.19,288.001481
268.2,270.659205
268.21,227.185989
268.22,203.697941
268.23,186.129791
268.24,182.552147
268.25,180.701616
268.26,178.215247
268.27,185.6298
268.28,197.68393
268.29,225.845275
268.3,258.561909
268.31,277.056206
268.32,283.591913
268.33,281.998782
268.34,285.915711
268.35,327.423948
268.36,344.542746
268.37,346.697978
268.38,351.926106
268.39,358.238297
268.4,352.919444
268.41,345.954193
268.42,334.144519
268.43,335.761636
268.44,338.070682
268.45,332.028353
268.46,322.42898
268.47,310.125447
268.48,311.082496
268.49,295.819468
268.5,294.396436
268.51,317.477498
268.52,313.810316
268.53,304.288089
268.54,308.251244
268.55,305.344339
268.56,313.209667
268.57,311.022269
268.58,319.201279
268.59,311.076434
268.6,288.906121
268.61,296.809212
268.62,308.357488
268.63,328.618319
268.64,339.193062
268.65,336.614027
268.66,355.005957
268.67,357.014958
268.68,361.707255
268.69,347.343577
268.7,369.034241
268.71,370.207375
268.72,348.507188
268.73,346.974609
268.74,335.836064
268.75,318.499185
268.76,317.67589
268.77,333.444592
268.78,322.31819
268.79,298.35599
268.8,281.290765
268.81,283.479263
268.82,285.92208
268.83,247.018701
268.84,240.57729
268.85,230.231043
268.86,236.482327
268.87,282.00882
268.88,309.750908
268.89,320.086158
268.9,344.193555
268.91,349.120823
268.92,339.632077
268.93,418.355964
268.94,401.820912
268.95,392.923028
268.96,421.715011
268.97,403.49644
268.98,399.231435
268.99,397.226429
269,393.202975
269.01,372.354959
269.02,332.994329
269.03,333.920641
269.04,356.504049
269.05,364.127187
269.06,353.436356
269.07,332.698578
269.08,332.629701
269.09,317.539776
269.1,302.835571
269.11,292.320602
269.12,285.327482
269.13,276.088279
269.14,261.889555
269.15,237.6125
269.16,241.587978
269.17,231.39482
269.18,238.454746
269.19,247.702077
269.2,255.244535
269.21,262.415073
269.22,269.668509
269.23,277.494271
269.24,280.960251
269.25,287.670084
269.26,278.953107
269.27,265.211086
269.28,282.631538
269.29,293.336131
269.3,296.327638
269.31,298.520127
269.32,284.876191
269.33,301.799337
269.34,311.664671
269.35,307.201116
269.36,307.053068
269.37,316.378612
269.38,304.053118
269.39,294.866995
269.4,299.222809
269.41,286.136942
269.42,284.820142
269.43,269.990954
269.44,284.744258
269.45,287.397976
269.46,287.737591
269.47,321.424488
269.48,381.362851
269.49,370.525889
269.5,366.543227
269.51,371.935
269.52,414.812955
269.53,392.395062
269.54,399.86812
269.55,383.932502
269.56,396.346517
269.57,394.305091
269.58,377.935524
269.59,355.002144
269.6,358.035821
269.61,356.253815
269.62,327.319145
269.63,320.608177
269.64,316.471125
269.65,297.684809
269.66,299.738438
269.67,292.31583
269.68,259.729399
269.69,239.521764
269.7,247.549243
269.71,276.204381
269.72,288.691333
269.73,292.077434
269.74,313.89707
269.75,312.69428
269.76,346.069195
269.77,345.915613
269.78,335.085835
269.79,328.007806
269.8,313.151431
269.81,321.188753
269.82,326.358929
269.83,319.293317
269.84,343.219659
269.85,348.251034
269.86,340.245774
269.87,338.170143
269.88,338.955793
269.89,334.894216
269.9,341.375513
269.91,344.52992
269.92,335.789303
269.93,347.495737
269.94,349.97814
269.95,351.719249
269.96,368.36181
269.97,374.399185
269.98,380.006501
269.99,421.213612
270,446.377691
270.01,419.255
270.02,427.051229
270.03,447.706803
270.04,464.89249
270.05,446.806339
270.06,448.403169
270.07,445.825653
270.08,433.088246
270.09,434.348551
270.1,468.239874
270.11,451.586797
270.12,442.276915
270.13,451.427459
270.14,438.475351
270.15,438.229911
270.16,441.352961
270.17,443.676784
270.18,437.255591
270.19,418.856408
270.2,428.737926
270.21,420.097908
270.22,412.644488
270.23,413.545924
270.24,412.410088
270.25,415.620852
270.26,392.235104
270.27,379.297687
270.28,371.23986
270.29,353.404611
270.3,360.058227
270.31,368.467829
270.32,355.657548
270.33,358.132174
270.34,360.549606
270.35,344.622695
270.36,335.091328
270.37,332.000084
270.38,318.939863
270.39,317.624312
270.4,318.765401
270.41,310.035476
270.42,330.187139
270.43,328.470728
270.44,317.821432
270.45,324.805751
270.46,315.415833
270.47,296.707617
270.48,308.2331
270.49,336.448188
270.5,349.602418
270.51,345.549224
270.52,352.616918
270.53,363.190662
270.54,360.553993
270.55,350.065597
270.56,363.809963
270.57,371.86703
270.58,394.425198
270.59,372.626452
270.6,420.516535
270.61,425.388597
270.62,428.026023
270.63,413.818696
270.64,441.228119
270.65,480.230918
270.66,464.044374
270.67,445.154818
270.68,437.298851
270.69,454.091733
270.7,418.129571
270.71,363.645814
270.72,353.803281
270.73,370.513845
270.74,352.478614
270.75,345.600446
270.76,357.285644
270.77,353.776568
270.78,346.4233
270.79,342.310446
270.8,345.907871
270.81,348.713795
270.82,334.925132
270.83,314.24736
270.84,341.828161
270.85,330.468581
270.86,333.387426
270.87,344.397772
270.88,362.377162
270.89,371.535495
270.9,358.826898
270.91,353.019026
270.92,347.3183
270.93,349.142343
270.94,348.960644
270.95,337.060809
270.96,344.578531
270.97,349.548878
270.98,337.672723
270.99,340.148058
271,352.470941
271.01,349.760182
271.02,343.361056
271.03,345.721205
271.04,345.247459
271.05,322.650842
271.06,291.567414
271.07,323.791808
271.08,332.070083
271.09,313.928332
271.1,309.465693
271.11,309.226187
271.12,334.959455
271.13,342.764323
271.14,352.527999
271.15,370.591799
271.16,379.847706
271.17,377.786452
271.18,353.170084
271.19,369.401519
271.2,388.880627
271.21,400.7983
271.22,401.583465
271.23,385.786403
271.24,423.93729
271.25,420.544241
271.26,407.74929
271.27,399.692805
271.28,387.663317
271.29,388.595259
271.3,404.504652
271.31,417.71802
271.32,410.724356
271.33,404.614967
271.34,399.812706
271.35,400.502261
271.36,393.723333
271.37,380.042456
271.38,360.879889
271.39,372.790545
271.4,385.027244
271.41,381.551947
271.42,358.97698
271.43,343.56843
271.44,358.511514
271.45,357.734034
271.46,366.758762
271.47,364.313119
271.48,360.775512
271.49,359.024884
271.5,363.572376
271.51,353.52559
271.52,369.278548
271.53,378.593475
271.54,381.334653
271.55,366.325528
271.56,355.707607
271.57,378.963993
271.58,380.309587
271.59,378.955693
271.6,364.846411
271.61,335.941871
271.62,336.821732
271.63,350.478713
271.64,345.431056
271.65,332.809851
271.66,321.335396
271.67,332.201584
271.68,336.633317
271.69,321.768911
271.7,314.000776
271.71,328.725033
271.72,326.457756
271.73,343.919061
271.74,344.375026
271.75,350.121748
271.76,362.736485
271.77,381.42731
271.78,384.110182
271.79,386.625528
271.8,394.183465
271.81,407.00896
271.82,402.176089
271.83,412.506106
271.84,430.01099
271.85,420.690627
271.86,437.527313
271.87,452.142673
271.88,458.59269
271.89,464.269123
271.9,417.74141
271.91,458.309432
271.92,452.584227
271.93,451.561977
271.94,460.209922
271.95,457.543168
271.96,419.616112
271.97,392.206967
271.98,410.881661
271.99,372.507528
272,360.908202
272.01,337.997223
272.02,351.460887
272.03,345.583645
272.04,330.049751
272.05,336.431044
272.06,355.117013
272.07,360.944033
272.08,352.16821
272.09,345.242544
272.1,343.074724
272.11,362.310067
272.12,362.504966
272.13,360.173457
272.14,363.487057
272.15,380.373285
272.16,388.989453
272.17,398.718204
272.18,405.822501
272.19,419.076733
272.2,421.74959
272.21,435.305608
272.22,429.58615
272.23,425.995167
272.24,418.393583
272.25,406.036549
272.26,391.105233
272.27,409.498461
272.28,415.162667
272.29,410.253081
272.3,388.607167
272.31,359.3108
272.32,354.448752
272.33,332.672539
272.34,320.549974
272.35,304.412783
272.36,290.407483
272.37,297.590954
272.38,282.019609
272.39,255.343298
272.4,261.550044
272.41,229.139268
272.42,230.411417
272.43,233.526456
272.44,244.915708
272.45,234.656847
272.46,242.515573
272.47,226.413993
272.48,265.580501
272.49,278.528398
272.5,266.08148
272.51,277.853887
272.52,281.182543
272.53,287.566806
272.54,301.90822
272.55,325.825225
272.56,352.164388
272.57,383.457704
272.58,409.8035
272.59,417.476279
272.6,421.98386
272.61,437.024744
272.62,451.146243
272.63,451.65986
272.64,427.949896
272.65,448.615008
272.66,459.299829
272.67,465.586123
272.68,453.225974
272.69,450.260868
272.7,448.450016
272.71,443.964172
272.72,418.752519
272.73,424.124605
272.74,420.122961
272.75,420.629304
272.76,429.30324
272.77,430.509829
272.78,429.380574
272.79,405.594747
272.8,411.474744
272.81,413.069891
272.82,407.108016
272.83,414.923847
272.84,420.795814
272.85,431.468264
272.86,433.720992
272.87,433.346657
272.88,445.022062
272.89,446.049008
272.9,450.644496
272.91,458.47445
272.92,464.527669
272.93,467.060074
272.94,458.671132
272.95,447.982649
272.96,444.355156
272.97,462.084403
272.98,448.127364
272.99,447.040419
273,427.604651
273.01,438.697953
273.02,438.7775
273.03,405.282914
273.04,408.703047
273.05,395.194927
273.06,385.05938
273.07,367.704248
273.08,351.153949
273.09,322.211941
273.1,387.413891
273.11,406.951473
273.12,401.797697
273.13,409.115969
273.14,420.458806
273.15,414.500961
273.16,417.114557
273.17,393.540671
273.18,384.305132
273.19,382.466806
273.2,404.006078
273.21,402.800015
273.22,368.911876
273.23,357.785364
273.24,364.711116
273.25,357.011804
273.26,357.381256
273.27,356.669736
273.28,347.722775
273.29,345.911981
273.3,325.260434
273.31,322.859845
273.32,310.187628
273.33,314.10558
273.34,330.54907
273.35,336.995163
273.36,356.24414
273.37,365.895326
273.38,381.54755
273.39,387.692026
273.4,395.165244
273.41,423.455743
273.42,437.725513
273.43,445.413994
273.44,440.449322
273.45,438.966456
273.46,462.997725
273.47,417.55496
273.48,438.194559
273.49,459.791724
273.5,466.173234
273.51,468.117658
273.52,479.983754
273.53,472.457388
273.54,436.350613
273.55,472.560431
273.56,464.138514
273.57,460.087823
273.58,454.81402
273.59,452.564474
273.6,452.896637
273.61,440.453724
273.62,443.146829
273.63,416.833494
273.64,398.540054
273.65,386.084948
273.66,382.437042
273.67,381.754512
273.68,356.608123
273.69,343.21997
273.7,345.868514
273.71,343.109579
273.72,345.003483
273.73,352.05021
273.74,360.452733
273.75,368.329966
273.76,390.108589
273.77,407.867805
273.78,416.194159
273.79,404.765402
273.8,432.391246
273.81,432.538347
273.82,419.229035
273.83,430.093093
273.84,419.692849
273.85,402.031242
273.86,398.857808
273.87,406.456092
273.88,405.235511
273.89,413.340411
273.9,406.683034
273.91,375.171235
273.92,378.621879
273.93,414.922538
273.94,416.147718
273.95,406.9753
273.96,415.808976
273.97,412.35461
273.98,412.089309
273.99,410.63042
274,399.695438
274.01,379.979264
274.02,366.509069
274.03,339.324565
274.04,339.310507
274.05,345.307342
274.06,317.553859
274.07,289.928874
274.08,288.935102
274.09,292.835736
274.1,294.834144
274.11,294.717327
274.12,305.052386
274.13,323.347387
274.14,333.331231
274.15,348.244069
274.16,372.289775
274.17,383.911946
274.18,413.112261
274.19,402.127564
274.2,423.369412
274.21,436.709239
274.22,427.164897
274.23,434.409751
274.24,437.228774
274.25,449.438628
274.26,451.333639
274.27,450.625624
274.28,446.002201
274.29,430.338352
274.3,432.086186
274.31,438.716607
274.32,433.567112
274.33,428.886536
274.34,426.626444
274.35,415.052569
274.36,426.391633
274.37,443.834774
274.38,443.328296
274.39,423.297538
274.4,407.012943
274.41,400.396441
274.42,392.941881
274.43,365.343048
274.44,340.95994
274.45,339.123979
274.46,372.69292
274.47,306.204463
274.48,294.166299
274.49,275.785045
274.5,273.69198
274.51,284.308559
274.52,283.789574
274.53,282.2847
274.54,305.912519
274.55,322.227327
274.56,330.258378
274.57,353.214159
274.58,370.989247
274.59,378.730075
274.6,380.84395
274.61,390.551997
274.62,388.466694
274.63,396.507975
274.64,385.870997
274.65,391.910856
274.66,382.590901
274.67,380.76121
274.68,409.753333
274.69,415.411025
274.7,434.895285
274.71,428.656802
274.72,414.514764
274.73,443.685467
274.74,466.296967
274.75,468.04644
274.76,471.009416
274.77,487.979414
274.78,484.812042
274.79,490.196409
274.8,463.207341
274.81,472.604174
274.82,464.960195
274.83,450.442943
274.84,436.810751
274.85,424.299985
274.86,434.582297
274.87,420.60327
274.88,423.141832
274.89,404.00842
274.9,400.16575
274.91,420.802552
274.92,433.614473
274.93,427.327186
274.94,430.637248
274.95,428.653632
274.96,421.564336
274.97,417.164977
274.98,414.495155
274.99,405.078214
275,395.14011
275.01,390.83226
275.02,367.429951
275.03,374.622044
275.04,396.567053
275.05,388.89514
275.06,372.082931
275.07,375.566246
275.08,386.587267
275.09,397.475021
275.1,399.123053
275.11,397.389893
275.12,396.424654
275.13,378.56538
275.14,391.00068
275.15,381.091313
275.16,386.667402
275.17,384.129346
275.18,364.67774
275.19,384.140125
275.2,384.052489
275.21,381.273997
275.22,377.129285
275.23,376.04692
275.24,369.214458
275.25,364.990458
275.26,365.996916
275.27,356.576122
275.28,356.016764
275.29,334.488533
275.3,350.106642
275.31,342.657713
275.32,323.005008
275.33,329.396463
275.34,346.413878
275.35,309.268914
275.36,314.896516
275.37,311.065557
275.38,300.336357
275.39,295.357311
275.4,307.745896
275.41,309.686061
275.42,325.741335
275.43,323.828824
275.44,334.142916
275.45,346.59282
275.46,348.082766
275.47,354.067176
275.48,357.679634
275.49,364.595359
275.5,352.415167
275.51,371.446608
275.52,377.398685
275.53,393.758748
275.54,388.53352
275.55,384.059939
275.56,390.835885
275.57,420.288763
275.58,416.461527
275.59,412.626292
275.6,418.075921
275.61,414.99497
275.62,427.83506
275.63,434.076608
275.64,450.298947
275.65,420.300046
275.66,418.672103
275.67,396.982451
275.68,397.92117
275.69,381.450031
275.7,380.084015
275.71,362.08829
275.72,367.760641
275.73,355.995647
275.74,358.896198
275.75,361.849112
275.76,386.655344
275.77,407.359534
275.78,429.794
275.79,462.379053
275.8,494.471332
275.81,495.38625
275.82,505.92311
275.83,482.343908
275.84,528.98137
275.85,494.349603
275.86,505.477712
275.87,497.965087
275.88,488.686504
275.89,498.219755
275.9,488.388824
275.91,447.239523
275.92,446.66569
275.93,407.683405
275.94,412.827788
275.95,404.146031
275.96,357.392744
275.97,345.315969
275.98,314.683682
275.99,277.165267
276,264.166641
276.01,273.016976
276.02,274.95745
276.03,286.27596
276.04,283.138789
276.05,288.162735
276.06,278.599264
276.07,289.416021
276.08,271.783552
276.09,282.774578
276.1,261.97832
276.11,258.107285
276.12,265.241683
276.13,265.867423
276.14,280.718207
276.15,308.610718
276.16,317.279695
276.17,339.510389
276.18,371.525189
276.19,399.707456
276.2,384.486694
276.21,383.612827
276.22,392.791723
276.23,405.864233
276.24,405.419058
276.25,424.320989
276.26,417.517275
276.27,429.196803
276.28,437.997349
276.29,426.792126
276.3,437.036936
276.31,435.678446
276.32,431.880888
276.33,431.243339
276.34,425.531898
276.35,420.759437
276.36,426.483995
276.37,410.924998
276.38,410.805528
276.39,405.860797
276.4,398.190824
276.41,398.3982
276.42,395.815732
276.43,396.283352
276.44,393.443538
276.45,403.391114
276.46,408.88046
276.47,406.595073
276.48,374.550933
276.49,409.040818
276.5,415.940029
276.51,423.865712
276.52,431.319191
276.53,400.872709
276.54,409.301423
276.55,392.499775
276.56,413.844246
276.57,418.332476
276.58,416.860827
276.59,407.981302
276.6,409.241985
276.61,417.827192
276.62,408.472628
276.63,426.272191
276.64,420.030836
276.65,406.576927
276.66,403.90791
276.67,414.229544
276.68,438.9569
276.69,419.753617
276.7,432.465036
276.71,431.376559
276.72,390.677768
276.73,414.137549
276.74,421.614424
276.75,411.643842
276.76,377.606708
276.77,376.975947
276.78,382.854695
276.79,361.843461
276.8,333.505148
276.81,369.634221
276.82,369.310514
276.83,368.458006
276.84,381.585339
276.85,369.13395
276.86,377.797964
276.87,379.7941
276.88,374.864919
276.89,378.54672
276.9,376.772395
276.91,383.222677
276.92,370.297846
276.93,367.98074
276.94,369.242397
276.95,354.066637
276.96,369.514646
276.97,375.153521
276.98,377.16272
276.99,384.921945
277,389.18276
277.01,386.036254
277.02,387.367128
277.03,383.312122
277.04,394.829127
277.05,396.512315
277.06,393.987813
277.07,382.8365
277.08,410.057026
277.09,418.144938
277.1,424.446125
277.11,414.927994
277.12,415.996206
277.13,423.571029
277.14,422.189272
277.15,401.480659
277.16,415.503681
277.17,422.281929
277.18,423.545227
277.19,421.619035
277.2,422.315482
277.21,422.556725
277.22,412.839952
277.23,410.681786
277.24,416.160788
277.25,406.332164
277.26,399.568167
277.27,415.727229
277.28,404.583728
277.29,399.759541
277.3,400.564751
277.31,395.454799
277.32,408.424369
277.33,413.090723
277.34,396.056319
277.35,414.835949
277.36,398.590466
277.37,385.727338
277.38,376.918392
277.39,380.626935
277.4,390.019823
277.41,382.112313
277.42,385.203159
277.43,377.331123
277.44,368.182354
277.45,379.92508
277.46,380.827812
277.47,381.81201
277.48,390.331027
277.49,385.630949
277.5,371.432476
277.51,370.059096
277.52,373.605981
277.53,361.479993
277.54,325.642941
277.55,292.399098
277.56,307.098834
277.57,318.771929
277.58,325.357498
277.59,324.836077
277.6,341.920004
277.61,340.168071
277.62,344.888158
277.63,343.957186
277.64,336.315795
277.65,332.207657
277.66,331.188939
277.67,342.533762
277.68,341.809807
277.69,333.125077
277.7,340.467267
277.71,353.963282
277.72,353.244791
277.73,375.158714
277.74,396.592955
277.75,411.977444
277.76,410.498499
277.77,402.768832
277.78,427.043896
277.79,438.377926
277.8,445.795994
277.81,418.752528
277.82,417.544928
277.83,436.616048
277.84,443.212355
277.85,445.167892
277.86,460.305064
277.87,450.82172
277.88,436.466146
277.89,445.845684
277.9,450.216928
277.91,439.181833
277.92,434.566371
277.93,431.99402
277.94,428.676614
277.95,423.495868
277.96,408.225434
277.97,418.225519
277.98,381.365989
277.99,387.821792
278,374.312814
278.01,379.686511
278.02,372.115885
278.03,342.495713
278.04,346.325678
278.05,324.275053
278.06,308.086658
278.07,308.690066
278.08,290.101689
278.09,299.495715
278.1,313.286447
278.11,319.430239
278.12,327.720305
278.13,341.644847
278.14,339.279111
278.15,346.306752
278.16,342.389803
278.17,359.313986
278.18,364.643012
278.19,368.943316
278.2,350.168484
278.21,374.272845
278.22,387.56335
278.23,386.219055
278.24,384.371222
278.25,384.593852
278.26,386.716036
278.27,382.403473
278.28,376.531813
278.29,370.349818
278.3,368.631959
278.31,375.094205
278.32,363.259162
278.33,382.300426
278.34,378.752475
278.35,380.560915
278.36,374.50969
278.37,369.706233
278.38,350.655575
278.39,356.059373
278.4,358.082276
278.41,357.315338
278.42,372.818092
278.43,368.536288
278.44,397.072892
278.45,397.762652
278.46,408.225986
278.47,411.407158
278.48,411.391105
278.49,424.372062
278.5,411.531395
278.51,384.206948
278.52,398.796624
278.53,394.21477
278.54,391.159942
278.55,382.756225
278.56,385.918471
278.57,370.923254
278.58,379.292647
278.59,377.127788
278.6,379.058689
278.61,383.026002
278.62,378.170691
278.63,375.863658
278.64,362.344798
278.65,375.23725
278.66,376.805584
278.67,371.757491
278.68,382.813829
278.69,386.869918
278.7,378.718163
278.71,388.519542
278.72,394.165785
278.73,393.1818
278.74,389.737916
278.75,389.498799
278.76,371.836991
278.77,358.53469
278.78,381.742486
278.79,396.32603
278.8,395.87528
278.81,390.05689
278.82,391.285457
278.83,393.800454
278.84,403.210745
278.85,406.235936
278.86,387.68441
278.87,402.320873
278.88,406.864063
278.89,356.432052
278.9,376.121526
278.91,402.734556
278.92,391.126781
278.93,389.772391
278.94,390.033387
278.95,376.752656
278.96,392.964421
278.97,401.89112
278.98,386.636775
278.99,401.689563
279,401.137121
279.01,405.46968
279.02,398.586041
279.03,386.01503
279.04,395.296747
279.05,384.75459
279.06,387.219075
279.07,382.588119
279.08,386.821831
279.09,379.054618
279.1,372.03051
279.11,352.426945
279.12,359.823373
279.13,356.792279
279.14,335.354876
279.15,334.783688
279.16,324.486025
279.17,309.428594
279.18,318.089661
279.19,318.442553
279.2,331.362814
279.21,337.197793
279.22,340.520443
279.23,335.744717
279.24,363.205786
279.25,405.061532
279.26,410.698052
279.27,398.699367
279.28,407.10284
279.29,427.81331
279.3,456.906803
279.31,463.777098
279.32,449.783282
279.33,467.613894
279.34,437.241416
279.35,455.787643
279.36,469.168528
279.37,476.29815
279.38,471.229687
279.39,491.88941
279.4,492.3938
279.41,496.595033
279.42,468.1137
279.43,480.312142
279.44,495.549424
279.45,491.537624
279.46,509.30784
279.47,506.270638
279.48,507.762607
279.49,523.684126
279.5,515.672943
279.51,490.860217
279.52,460.634734
279.53,452.733131
279.54,440.634851
279.55,418.898681
279.56,430.319821
279.57,419.07955
279.58,404.426154
279.59,393.272214
279.6,405.016939
279.61,407.094097
279.62,402.589812
279.63,397.484192
279.64,392.970251
279.65,402.120942
279.66,409.887129
279.67,414.160235
279.68,410.104414
279.69,425.22675
279.7,415.1967
279.71,425.369421
279.72,425.353852
279.73,408.680314
279.74,405.143267
279.75,440.314297
279.76,437.711146
279.77,431.24102
279.78,432.235416
279.79,438.822559
279.8,440.166939
279.81,430.723391
279.82,417.208713
279.83,380.719931
279.84,329.750829
279.85,285.531601
279.86,312.257834
279.87,345.27607
279.88,377.220801
279.89,366.649868
279.9,337.068844
279.91,352.675651
279.92,343.789401
279.93,347.48124
279.94,331.346834
279.95,353.150377
279.96,318.098044
279.97,325.043117
279.98,334.807422
279.99,320.193768
280,327.107786
280.01,330.942565
280.02,343.337002
280.03,349.109529
280.04,355.295259
280.05,364.86843
280.06,368.462873
280.07,377.340816
280.08,384.718744
280.09,375.976358
280.1,392.365016
280.11,383.398006
280.12,385.209121
280.13,389.153454
280.14,359.269383
280.15,350.988332
280.16,370.209631
280.17,373.380659
280.18,378.313046
280.19,359.418375
280.2,358.633045
280.21,375.818352
280.22,374.485636
280.23,372.760201
280.24,370.203507
280.25,371.999655
280.26,383.476593
280.27,381.227551
280.28,374.742797
280.29,373.659937
280.3,386.834819
280.31,381.616719
280.32,371.006808
280.33,365.678006
280.34,367.118854
280.35,363.647598
280.36,357.842104
280.37,352.427111
280.38,365.699608
280.39,360.050848
280.4,364.634898
280.41,371.190374
280.42,367.037567
280.43,367.769455
280.44,356.300958
280.45,369.040531
280.46,369.534239
280.47,367.423077
280.48,367.664113
280.49,368.704389
280.5,375.352229
280.51,363.972998
280.52,368.831434
280.53,352.156217
280.54,364.331177
280.55,346.276452
280.56,372.114422
280.57,370.569011
280.58,369.795275
280.59,373.455526
280.6,371.921215
280.61,376.011162
280.62,375.725656
280.63,361.975577
280.64,371.227974
280.65,339.862386
280.66,316.74686
280.67,331.799341
280.68,315.418681
280.69,324.847567
280.7,296.745312
280.71,288.747064
280.72,276.394209
280.73,277.287912
280.74,280.780377
280.75,288.439018
280.76,313.731224
280.77,319.887755
280.78,336.271586
280.79,338.784172
280.8,358.328116
280.81,370.115479
280.82,352.793799
280.83,344.443987
280.84,333.325699
280.85,348.765259
280.86,364.013077
280.87,380.949372
280.88,376.276484
280.89,373.493871
280.9,389.397771
280.91,381.293155
280.92,385.199498
280.93,339.307988
280.94,350.022945
280.95,359.096778
280.96,364.080801
280.97,360.130738
280.98,346.500198
280.99,347.479027
281,350.222009
281.01,358.50237
281.02,349.137958
281.03,273.576309
281.04,288.403867
281.05,275.180068
281.06,264.316488
281.07,264.601457
281.08,262.397666
281.09,259.547035
281.1,267.866534
281.11,255.241606
281.12,263.139708
281.13,278.475705
281.14,295.748311
281.15,313.479387
281.16,362.09112
281.17,390.012025
281.18,381.003765
281.19,404.833037
281.2,375.89692
281.21,428.507331
281.22,398.967607
281.23,403.866665
281.24,396.231692
281.25,412.577393
281.26,402.223942
281.27,394.893627
281.28,370.226854
281.29,345.536212
281.3,313.388459
281.31,281.938986
281.32,253.672321
281.33,264.206663
281.34,252.559669
281.35,256.616865
281.36,258.360299
281.37,254.574038
281.38,269.685199
281.39,295.621012
281.4,334.911503
281.41,336.402637
281.42,372.897485
281.43,414.643635
281.44,444.634632
281.45,467.679954
281.46,420.215896
281.47,467.12158
281.48,470.458129
281.49,472.593117
281.5,470.101382
281.51,458.555527
281.52,449.131695
281.53,424.204372
281.54,398.183098
281.55,385.191911
281.56,373.940166
281.57,373.259198
281.58,377.388785
281.59,384.962826
281.6,388.534371
281.61,391.877561
281.62,396.554962
281.63,403.310245
281.64,373.476535
281.65,350.978666
281.66,377.17112
281.67,366.317791
281.68,346.420734
281.69,359.46908
281.7,361.181181
281.71,344.798896
281.72,337.255414
281.73,325.568662
281.74,317.986148
281.75,307.989877
281.76,303.037672
281.77,289.717583
281.78,296.899387
281.79,294.827791
281.8,302.295215
281.81,317.085477
281.82,329.450576
281.83,341.676227
281.84,327.943911
281.85,354.566135
281.86,360.112377
281.87,373.046802
281.88,379.021273
281.89,404.881808
281.9,428.483267
281.91,430.817903
281.92,424.739279
281.93,424.114954
281.94,458.480523
281.95,437.301918
281.96,442.290548
281.97,456.255914
281.98,447.549126
281.99,455.95704
282,445.544494
282.01,441.921348
282.02,440.618126
282.03,444.076488
282.04,434.284785
282.05,406.680935
282.06,392.40219
282.07,384.314561
282.08,354.727529
282.09,352.93997
282.1,323.073933
282.11,295.748062
282.12,276.463797
282.13,292.939878
282.14,268.252091
282.15,283.28569
282.16,287.79831
282.17,298.294463
282.18,307.832915
282.19,310.02384
282.2,349.518175
282.21,364.12523
282.22,373.405383
282.23,372.352869
282.24,370.625322
282.25,377.057761
282.26,369.331125
282.27,363.997454
282.28,350.852296
282.29,355.661058
282.3,345.12316
282.31,347.022684
282.32,354.691594
282.33,336.949479
282.34,326.451549
282.35,314.582163
282.36,308.789187
282.37,301.074053
282.38,306.922009
282.39,321.434494
282.4,311.96523
282.41,318.526136
282.42,315.02092
282.43,334.754371
282.44,351.489494
282.45,346.519831
282.46,378.13554
282.47,363.653451
282.48,420.173405
282.49,407.488037
282.5,393.998714
282.51,374.892141
282.52,378.514555
282.53,466.855616
282.54,474.550577
282.55,427.998204
282.56,436.186648
282.57,456.932906
282.58,474.965519
282.59,462.665783
282.6,478.728369
282.61,467.168573
282.62,450.509176
282.63,449.1404
282.64,446.309287
282.65,451.586572
282.66,419.071954
282.67,422.45402
282.68,416.33944
282.69,374.433773
282.7,356.891021
282.71,338.121995
282.72,320.073627
282.73,299.82888
282.74,288.915371
282.75,263.324194
282.76,248.090382
282.77,245.369067
282.78,241.207894
282.79,235.285281
282.8,242.288386
282.81,256.233229
282.82,259.987265
282.83,267.920544
282.84,266.615618
282.85,276.091301
282.86,278.372554
282.87,282.744086
282.88,296.097298
282.89,312.302026
282.9,336.758814
282.91,307.88743
282.92,303.229012
282.93,312.824752
282.94,350.828451
282.95,376.302538
282.96,385.002154
282.97,366.113904
282.98,371.538007
282.99,390.086936
283,374.189542
283.01,363.833347
283.02,374.78916
283.03,371.919259
283.04,358.797809
283.05,345.572632
283.06,367.614333
283.07,353.738056
283.08,342.936392
283.09,348.381417
283.1,344.545502
283.11,339.953262
283.12,350.636771
283.13,356.647677
283.14,361.136343
283.15,365.13196
283.16,365.946409
283.17,365.020544
283.18,371.05687
283.19,385.383624
283.2,399.54743
283.21,424.104267
283.22,432.754283
283.23,450.360552
283.24,465.085693
283.25,461.341137
283.26,470.855699
283.27,483.90061
283.28,480.292663
283.29,475.907133
283.3,466.312784
283.31,458.263378
283.32,461.840401
283.33,482.152949
283.34,472.329495
283.35,459.168122
283.36,447.046639
283.37,448.097397
283.38,429.384382
283.39,402.464646
283.4,412.804267
283.41,430.197562
283.42,429.438221
283.43,395.703667
283.44,407.099981
283.45,400.587858
283.46,425.418962
283.47,413.927628
283.48,409.166359
283.49,397.409209
283.5,394.773084
283.51,397.071203
283.52,399.183591
283.53,404.298748
283.54,402.952175
283.55,395.19089
283.56,398.456414
283.57,393.332585
283.58,398.417842
283.59,386.318386
283.6,379.297924
283.61,377.899522
283.62,369.75313
283.63,368.659423
283.64,367.238583
283.65,371.691746
283.66,360.902702
283.67,362.324333
283.68,362.476656
283.69,379.231532
283.7,399.299539
283.71,432.141928
283.72,444.367595
283.73,452.671631
283.74,433.246436
283.75,427.810297
283.76,429.685321
283.77,447.1568
283.78,438.486604
283.79,454.990033
283.8,449.118303
283.81,452.591809
283.82,448.280725
283.83,446.784975
283.84,430.132518
283.85,417.636789
283.86,403.13944
283.87,410.348072
283.88,410.29257
283.89,401.525636
283.9,390.226882
283.91,383.395766
283.92,371.491587
283.93,363.132416
283.94,355.74514
283.95,365.850066
283.96,384.0314
283.97,399.967117
283.98,420.182619
283.99,393.610198
284,411.022801
284.01,414.781186
284.02,408.106969
284.03,372.997613
284.04,365.369563
284.05,366.087964
284.06,366.550929
284.07,363.089985
284.08,359.859478
284.09,356.257655
284.1,346.711277
284.11,326.23241
284.12,314.734904
284.13,306.306806
284.14,280.185132
284.15,260.950005
284.16,255.33781
284.16,278.629168
284.17,280.679279
284.18,285.717028
284.19,310.674218
284.2,331.269812
284.21,368.745243
284.22,356.800417
284.23,394.297607
284.24,420.594393
284.25,434.903703
284.26,424.704741
284.27,427.108337
284.28,428.267452
284.29,416.556135
284.3,428.898695
284.31,436.263403
284.32,417.668372
284.33,384.421031
284.34,364.330772
284.35,407.941694
284.36,428.489687
284.37,408.915478
284.38,428.214826
284.39,402.651677
284.4,410.643744
284.41,426.349398
284.42,437.026205
284.43,429.240691
284.44,427.901287
284.45,431.377607
284.46,432.962063
284.47,428.209455
284.48,422.256392
284.49,422.299818
284.5,415.555264
284.51,421.070607
284.52,414.65277
284.53,394.670968
284.54,409.048746
284.55,410.193269
284.56,402.558399
284.57,390.960949
284.58,386.249558
284.59,383.690865
284.6,391.942311
284.61,387.263284
284.62,368.089518
284.63,337.919182
284.64,354.648335
284.65,366.942778
284.66,356.58835
284.67,317.778379
284.68,348.420585
284.69,366.299241
284.7,351.676818
284.71,346.404673
284.72,332.548901
284.73,338.36719
284.74,329.894765
284.75,323.354219
284.76,303.788508
284.77,312.997786
284.78,313.166515
284.79,306.463506
284.8,288.363205
284.81,280.643895
284.82,275.681014
284.83,270.912518
284.84,272.926788
284.85,271.979817
284.86,279.259301
284.87,279.011532
284.88,301.302025
284.89,299.687609
284.9,313.384686
284.91,344.866817
284.92,374.874368
284.93,372.096298
284.94,344.568642
284.95,364.184648
284.96,385.4386
284.97,397.03984
284.98,393.802271
284.99,407.066138
285,406.398113
285.01,401.553132
285.02,388.877728
285.03,373.47912
285.04,393.146938
285.05,378.67921
285.06,358.050697
285.07,369.485115
285.08,355.273305
285.09,375.896671
285.1,369.19962
285.11,363.104855
285.12,349.087561
285.13,350.739604
285.14,363.71375
285.15,358.089136
285.16,364.788047
285.17,383.327145
285.18,388.139564
285.19,385.687151
285.2,373.942211
285.21,405.079308
285.22,389.10604
285.23,398.555322
285.24,397.859356
285.25,378.279473
285.26,387.639948
285.27,384.169989
285.28,384.255414
285.29,360.268719
285.3,304.917796
285.31,284.83227
285.32,261.344434
285.33,236.732631
285.34,278.227522
285.35,251.406428
285.36,257.860675
285.37,237.094322
285.38,243.196409
285.39,244.30327
285.4,228.422845
285.41,229.257599
285.42,255.099496
285.43,263.894076
285.44,264.062334
285.45,290.281327
285.46,303.420094
285.47,368.298482
285.48,367.6213
285.49,389.602828
285.5,413.239201
285.51,418.713086
285.52,427.678798
285.53,424.04353
285.54,409.803017
285.55,395.785024
285.56,438.360063
285.57,433.976527
285.58,445.350826
285.59,437.153446
285.6,423.689194
285.61,430.003798
285.62,442.109053
285.63,441.287089
285.64,420.775039
285.65,435.496989
285.66,424.43817
285.67,421.182821
285.68,431.636156
285.69,430.039747
285.7,427.203345
285.71,433.036319
285.72,452.026585
285.73,441.375308
285.74,444.571688
285.75,443.316793
285.76,422.705759
285.77,420.302632
285.78,442.78257
285.79,443.718983
285.8,445.146793
285.81,464.390445
285.82,452.813848
285.83,432.211579
285.84,426.900774
285.85,437.828566
285.86,436.18603
285.87,446.413663
285.88,439.942117
285.89,445.714384
285.9,455.954867
285.91,452.127099
285.92,464.201142
285.93,464.945954
285.94,443.739087
285.95,448.724161
285.96,435.697161
285.97,461.41916
285.98,464.280866
285.99,428.932508
286,380.059641
286.01,402.344629
286.02,387.224552
286.03,405.452907
286.04,444.43562
286.05,436.817678
286.06,411.147842
286.07,432.292066
286.08,432.503387
286.09,432.034028
286.1,427.92247
286.11,429.730988
286.12,429.647709
286.13,423.730863
286.14,423.437845
286.15,424.748772
286.16,422.460522
286.17,422.033375
286.18,417.50654
286.19,416.262259
286.2,403.589115
286.21,406.781288
286.22,381.866335
286.23,391.737214
286.24,392.099962
286.25,392.356931
286.26,389.725486
286.27,387.175355
286.28,368.02762
286.29,362.547836
286.3,361.137217
286.31,367.873697
286.32,367.41762
286.33,366.30079
286.34,363.017106
286.35,354.787346
286.36,350.449902
286.37,348.392227
286.38,348.13618
286.39,344.856509
286.4,351.656015
286.41,317.476207
286.42,322.645529
286.43,330.76472
286.44,345.098118
286.45,347.539366
286.46,342.64794
286.47,349.832223
286.48,362.06492
286.49,367.238582
286.5,366.507258
286.51,374.487448
286.52,376.166767
286.53,370.811875
286.54,378.462599
286.55,381.414001
286.56,379.48873
286.57,395.860856
286.58,399.039737
286.59,389.748413
286.6,406.582029
286.61,403.824945
286.62,391.891379
286.63,414.07607
286.64,413.702177
286.65,398.935628
286.66,411.879667
286.67,397.222203
286.68,404.393772
286.69,433.295011
286.7,428.939327
286.71,430.654992
286.72,434.095089
286.73,442.660903
286.74,458.982773
286.75,463.186844
286.76,456.451331
286.77,438.704754
286.78,419.05573
286.79,469.519984
286.8,455.681306
286.81,442.135689
286.82,446.308669
286.83,430.300254
286.84,427.25432
286.85,443.146292
286.86,442.705055
286.87,442.922666
286.88,446.883503
286.89,456.269047
286.9,439.464654
286.91,439.681606
286.92,463.910691
286.93,441.860095
286.94,436.044596
286.95,417.923027
286.96,427.999556
286.97,412.91868
286.98,413.978077
286.99,417.388447
287,433.483235
287.01,412.359049
287.02,400.244295
287.03,399.795144
287.04,376.118495
287.05,370.407971
287.06,341.423296
287.07,339.742482
287.08,312.265285
287.09,294.317817
287.1,296.319556
287.11,287.667564
287.12,279.547302
287.13,291.47182
287.14,282.016922
287.15,272.836965
287.16,256.907637
287.17,245.02823
287.18,227.339208
287.19,197.460166
287.2,210.042664
287.21,211.68005
287.22,224.312133
287.23,239.705956
287.24,258.803392
287.25,271.940648
287.26,303.492235
287.27,341.633962
287.28,369.633062
287.29,362.491995
287.3,419.278057
287.31,422.123914
287.32,437.751284
287.33,430.852447
287.34,462.002574
287.35,470.973819
287.36,485.423693
287.37,482.086323
287.38,477.852472
287.39,514.276387
287.4,510.012742
287.41,490.677378
287.42,511.331965
287.43,496.325076
287.44,519.201635
287.45,524.075816
287.46,531.918479
287.47,507.868171
287.48,498.631109
287.49,496.923299
287.5,486.53954
287.51,460.938827
287.52,471.69904
287.53,470.990331
287.54,448.983676
287.55,456.405307
287.56,464.018415
287.57,453.093011
287.58,456.910301
287.59,457.421807
287.6,471.590786
287.61,483.803613
287.62,487.234062
287.63,512.404564
287.64,525.65412
287.65,546.454326
287.66,540.22917
287.67,537.542979
287.68,510.158182
287.69,518.186371
287.7,557.933008
287.71,582.0958
287.72,574.41851
287.73,545.752853
287.74,545.367575
287.75,524.631257
287.76,541.637799
287.77,531.710588
287.78,522.435128
287.79,522.340824
287.8,519.276593
287.81,522.358888
287.82,504.315515
287.83,472.828175
287.84,474.112501
287.85,425.830329
287.86,376.902136
287.87,346.729384
287.88,320.419677
287.89,321.961048
287.9,320.302887
287.91,253.697651
287.92,244.177945
287.93,228.85931
287.94,241.248494
287.95,235.640843
287.96,226.966117
287.97,207.632994
287.98,195.067775
287.99,187.579075
288,185.821847
288.01,183.461705
288.02,186.391925
288.03,193.390629
288.04,206.410297
288.05,211.683655
288.06,205.021751
288.07,208.494396
288.08,232.006691
288.09,241.860704
288.1,261.384332
288.11,274.732806
288.12,303.422471
288.13,323.985936
288.14,309.654525
288.15,345.007895
288.16,355.322006
288.17,368.068521
288.18,371.975031
288.19,370.923293
288.2,377.986912
288.21,386.149373
288.22,379.835846
288.23,389.272712
288.24,387.879671
288.25,382.057806
288.26,390.300235
288.27,369.583487
288.28,382.699201
288.29,387.273041
288.3,352.327226
288.31,366.222461
288.32,387.467727
288.33,393.606442
288.34,386.441599
288.35,368.36017
288.36,379.717163
288.37,390.860083
288.38,396.166285
288.39,390.170037
288.4,364.671449
288.41,348.908118
288.42,359.09051
288.43,392.957241
288.44,393.418762
288.45,395.830172
288.46,375.904514
288.47,374.261912
288.48,380.349169
288.49,384.892257
288.5,388.257994
288.51,384.778489
288.52,382.751011
288.53,371.530016
288.54,391.375627
288.55,411.085349
288.56,393.541026
288.57,404.496552
288.58,409.781332
288.59,406.292461
288.6,392.934404
288.61,400.028589
288.62,412.742602
288.63,415.417288
288.64,392.916929
288.65,379.882618
288.66,402.768793
288.67,412.499561
288.68,413.591944
288.69,401.800956
288.7,398.775629
288.71,430.991034
288.72,431.973068
288.73,432.53674
288.74,436.402144
288.75,455.722748
288.76,453.174608
288.77,440.297232
288.78,467.774634
288.79,468.026046
288.8,441.854984
288.81,424.114251
288.82,449.14616
288.83,456.404138
288.84,453.944665
288.85,445.971489
288.86,445.976003
288.87,450.657275
288.88,451.55721
288.89,444.288464
288.9,424.903928
288.91,433.624701
288.92,449.570204
288.93,426.537069
288.94,403.347435
288.95,390.990972
288.96,388.2621
288.97,370.622624
288.98,343.456661
288.99,345.632367
289,334.350893
289.01,321.389044
289.02,297.729591
289.03,286.330324
289.04,262.708318
289.05,241.819571
289.06,240.260684
289.07,245.673114
289.08,231.344645
289.09,241.770584
289.1,263.976883
289.11,273.583345
289.12,297.464974
289.13,314.732868
289.14,318.78685
289.15,335.133495
289.16,344.626301
289.17,358.966881
289.18,360.684263
289.19,376.443354
289.2,368.072492
289.21,353.530081
289.22,383.317745
289.23,387.33605
289.24,367.461489
289.25,384.086489
289.26,393.483229
289.27,393.130251
289.28,380.352792
289.29,424.804302
289.3,414.355217
289.31,415.000902
289.32,429.974582
289.33,445.15018
289.34,413.315533
289.35,407.765925
289.36,408.490721
289.37,401.298417
289.38,393.15664
289.39,373.689754
289.4,367.657633
289.41,348.885721
289.42,349.982107
289.43,340.584858
289.44,304.735198
289.45,319.94548
289.46,309.676072
289.47,262.875895
289.472,278.326385
289.48,259.419115
289.482,272.827956
289.492,251.838263
289.502,261.533031
289.512,245.587118
289.522,257.669729
289.532,282.468975
289.542,293.520991
289.552,327.542273
289.562,352.859643
289.572,355.326655
289.582,336.068683
289.592,375.289423
289.602,399.465815
289.612,396.11515
289.622,401.045867
289.632,396.450336
289.642,390.045012
289.652,393.556169
289.662,382.24528
289.672,370.580906
289.682,314.678987
289.692,324.155094
289.702,350.042967
289.712,340.189714
289.722,345.83463
289.732,335.323676
289.742,340.895905
289.752,350.995755
289.762,343.685116
289.772,371.109314
289.782,359.117046
289.792,354.300948
289.802,343.387606
289.812,325.818077
289.822,334.254374
289.832,337.502607
289.842,318.363299
289.852,299.540848
289.862,292.044238
289.872,298.119693
289.882,267.888889
289.892,237.38564
289.902,219.414379
289.912,236.053179
289.922,251.633997
289.932,242.33931
289.942,198.582873
289.952,196.647242
289.962,196.757068
289.972,197.536211
289.982,212.362757
289.992,226.52523
290.002,221.083292
290.012,219.353711
290.022,244.85336
290.032,269.443367
290.042,311.373522
290.052,334.14964
290.062,348.171921
290.072,391.068729
290.082,362.344937
290.092,409.074692
290.102,405.818333
290.112,410.754533
290.122,409.387691
290.132,404.550434
290.142,420.000594
290.152,418.860924
290.162,430.64107
290.172,438.252903
290.182,436.34025
290.192,429.623311
290.202,431.76944
290.212,421.719779
290.222,428.472326
290.232,395.433328
290.242,383.066618
290.252,365.717725
290.262,341.065868
290.272,359.476315
290.282,355.013735
290.292,297.467825
290.302,285.643382
290.312,268.172632
290.322,295.779152
290.332,293.061921
290.342,254.968082
290.352,237.610928
290.362,236.045245
290.372,221.864308
290.382,230.219097
290.392,235.083575
290.402,248.891896
290.412,276.938898
290.422,288.011535
290.432,282.234737
290.442,301.904174
290.452,294.642862
290.462,329.109583
290.472,407.030157
290.482,411.738166
290.492,407.360617
290.502,406.540763
290.512,389.893227
290.522,386.66511
290.532,389.664516
290.542,429.990641
290.552,430.866723
290.562,438.757317
290.572,452.603251
290.582,426.899183
290.592,419.840283
290.602,433.799368
290.612,406.771733
290.622,431.947731
290.632,430.52584
290.642,449.521492
290.652,458.538042
290.662,442.513251
290.672,427.813418
290.682,428.453676
290.692,433.095932
290.702,437.241177
290.712,430.713899
290.722,425.958862
290.732,422.904829
290.742,398.365589
290.752,351.529389
290.762,363.857295
290.772,356.536134
290.782,346.94873
290.792,344.872505
290.802,330.733249
290.812,344.418094
290.822,341.35029
290.832,327.640044
290.842,320.718108
290.852,295.9681
290.862,307.900512
290.872,321.918978
290.882,313.326253
290.892,324.415913
290.902,345.431229
290.912,346.375753
290.922,347.366842
290.932,348.006261
290.942,349.414085
290.952,346.000254
290.962,340.587804
290.972,323.33852
290.982,329.548344
290.992,352.21392
291.002,352.147169
291.012,360.806661
291.022,361.599136
291.032,374.978474
291.042,378.295499
291.052,387.018421
291.062,390.727804
291.072,391.096661
291.082,400.894011
291.092,401.906989
291.102,408.192868
291.112,392.043975
291.122,383.14603
291.132,405.822004
291.142,418.869142
291.152,411.057114
291.162,403.464955
291.172,402.351089
291.182,403.146933
291.192,396.09902
291.202,383.721016
291.212,388.395045
291.222,387.279927
291.232,383.121016
291.242,378.123684
291.252,387.707332
291.262,387.524882
291.272,372.553795
291.282,349.756885
291.292,363.601971
291.302,393.152577
291.312,385.171016
291.322,383.050383
291.332,378.026298
291.342,369.192362
291.352,354.88316
291.362,363.58352
291.372,367.858875
291.382,351.286067
291.392,325.889967
291.402,329.667061
291.412,301.953234
291.422,288.052038
291.432,280.012909
291.442,295.34996
291.452,276.62107
291.462,250.24656
291.472,271.495816
291.476,267.918406
291.486,269.846761
291.496,298.884815
291.506,320.419021
291.516,351.870902
291.526,370.830723
291.536,371.624605
291.546,357.856032
291.556,386.223612
291.566,392.848981
291.576,413.482114
291.586,403.099925
291.596,412.511323
291.606,414.989984
291.616,419.865766
291.626,430.495325
291.636,396.809485
291.646,407.910831
291.656,408.305023
291.666,396.967793
291.676,395.218164
291.686,402.816632
291.696,391.245826
291.706,376.201725
291.716,369.855089
291.726,391.24228
291.736,392.291389
291.746,377.831562
291.756,366.3659
291.766,361.965275
291.776,361.742516
291.786,371.324745
291.796,353.405314
291.806,351.054002
291.816,360.324364
291.826,355.549928
291.836,356.763581
291.846,347.317735
291.856,342.225958
291.866,327.936072
291.876,319.184283
291.886,312.64554
291.896,300.908492
291.906,290.264382
291.916,297.800658
291.926,304.455641
291.936,302.518987
291.946,310.809431
291.956,312.7843
291.966,316.731323
291.976,320.807617
291.986,305.247808
291.996,320.942496
292.006,342.899581
292.016,367.468583
292.026,401.025408
292.036,407.740461
292.046,413.708001
292.056,400.196212
292.066,405.677568
292.076,413.616678
292.086,435.251986
292.096,396.095759
292.106,418.320727
292.116,418.507766
292.126,413.569002
292.136,394.285786
292.146,407.613946
292.156,423.313099
292.166,413.37064
292.176,423.895847
292.186,419.456876
292.196,449.784853
292.206,431.830289
292.216,446.291308
292.226,443.895766
292.236,448.177566
292.246,450.223589
292.256,451.304944
292.266,457.272715
292.276,474.125537
292.286,444.091202
292.296,453.428231
292.306,458.308946
292.316,457.346277
292.326,413.55265
292.336,462.181534
292.346,452.220161
292.356,435.282772
292.366,415.471063
292.376,363.042931
292.386,325.119813
292.396,337.57161
292.406,328.705127
292.416,292.821788
292.426,295.617374
292.436,315.878958
292.446,297.484865
292.456,293.431709
292.466,290.599085
292.476,283.993543
292.486,272.627617
292.496,280.625872
292.506,288.528374
292.516,294.249972
292.526,315.496989
292.536,314.660893
292.546,318.323067
292.556,313.233416
292.566,372.019387
292.576,371.852271
292.586,405.578409
292.596,423.347436
292.606,423.317568
292.616,426.339916
292.626,420.128458
292.636,444.43903
292.646,460.320032
292.656,472.567202
292.666,441.267075
292.676,467.533188
292.686,467.433888
292.696,460.221707
292.706,449.510051
292.716,465.033929
292.726,500.424665
292.736,453.367883
292.746,443.29628
292.756,446.81546
292.766,462.778486
292.776,438.625449
292.786,448.895636
292.796,422.995852
292.806,402.158245
292.816,399.12022
292.826,380.459592
292.836,365.531856
292.846,352.93031
292.856,345.668406
292.866,366.271524
292.876,371.691411
292.886,347.88657
292.896,339.85986
292.906,343.566876
292.916,351.712638
292.926,349.63789
292.936,330.674924
292.946,347.867842
292.956,363.961268
292.966,360.976882
292.976,339.616957
292.986,337.408792
292.996,341.152954
293.006,337.49161
293.016,344.272151
293.026,367.766777
293.036,372.95087
293.046,364.312419
293.056,368.87075
293.066,372.828728
293.076,392.977169
293.086,389.347268
293.096,377.271128
293.106,390.324706
293.116,418.26006
293.126,429.523994
293.136,417.128601
293.146,417.738196
293.156,425.196184
293.166,423.858856
293.176,415.210635
293.186,421.491417
293.196,421.51702
293.206,417.122232
293.216,433.463662
293.226,445.171697
293.236,449.46756
293.246,453.728776
293.256,441.515186
293.266,433.165185
293.276,426.454578
293.286,423.376395
293.296,443.367472
293.306,454.001358
293.316,458.125142
293.326,473.460544
293.336,471.207971
293.346,452.411425
293.356,436.772915
293.366,443.872065
293.376,469.728357
293.386,415.485755
293.396,412.220823
293.406,387.485334
293.416,416.836947
293.426,466.341202
293.436,473.010748
293.446,458.305346
293.456,437.033174
293.466,441.198081
293.476,463.708857
293.486,471.875314
293.496,443.878398
293.506,413.998335
293.516,417.414144
293.526,410.085091
293.536,416.367585
293.546,411.960881
293.556,399.431705
293.566,402.200644
293.576,381.008506
293.586,392.789372
293.596,403.530443
293.606,395.684902
293.616,386.404815
293.626,388.019758
293.636,399.408236
293.646,382.328905
293.656,389.058293
293.666,405.466207
293.676,402.321304
293.686,393.57208
293.696,391.600883
293.706,393.034541
293.716,400.431243
293.726,404.377306
293.736,387.853268
293.746,375.491836
293.756,381.510802
293.766,380.284605
293.776,360.141134
293.786,372.599129
293.796,368.64782
293.806,362.442164
293.816,361.81727
293.826,361.100435
293.836,359.204943
293.846,344.098216
293.856,335.386224
293.866,334.56657
293.876,336.804643
293.886,331.302609
293.896,321.711863
293.906,318.711005
293.916,318.19693
293.926,312.076901
293.936,318.673762
293.946,315.564847
293.956,321.677279
293.966,323.579056
293.976,318.215169
293.986,315.702834
293.996,315.707482
294.006,315.723285
294.016,316.917858
294.026,324.067744
294.036,326.284251
294.046,331.746006
294.056,328.917683
294.066,329.730338
294.076,333.474179
294.086,343.723301
294.096,348.088084
294.106,358.130132
294.116,358.110912
294.126,395.121813
294.136,397.838353
294.146,425.820062
294.156,417.802321
294.166,409.424587
294.176,410.764879
294.186,413.520242
294.196,420.628561
294.206,426.571337
294.216,428.830423
294.226,420.15722
294.236,421.467182
294.246,419.936216
294.256,412.999872
294.266,393.390244
294.276,406.458246
294.286,407.274294
294.296,414.120225
294.306,415.373714
294.316,417.206263
294.326,393.897767
294.336,372.104191
294.346,363.63801
294.356,368.288486
294.366,374.447846
294.376,360.468393
294.386,342.926475
294.396,350.50763
294.406,370.389152
294.416,374.160923
294.426,373.952783
294.436,379.51406
294.446,381.029662
294.456,383.263597
294.466,367.31031
294.476,369.799248
294.486,372.62413
294.496,375.576017
294.506,394.692253
294.516,384.982297
294.526,378.522929
294.536,371.618121
294.546,371.950587
294.556,372.993734
294.566,378.13847
294.576,378.589705
294.586,338.280923
294.596,350.927995
294.606,349.18966
294.616,345.859814
294.626,389.852089
294.636,383.332942
294.646,395.696434
294.656,394.584872
294.666,423.142495
294.676,426.579349
294.686,414.841907
294.696,413.436
294.706,403.20119
294.716,411.447937
294.726,412.431387
294.736,420.303709
294.746,429.833999
294.756,416.775783
294.766,414.307697
294.776,406.700332
294.786,405.941736
294.796,408.902448
294.806,405.707137
294.816,403.224884
294.826,403.19087
294.836,402.839574
294.846,376.20442
294.856,382.772211
294.866,408.387847
294.876,422.234434
294.886,422.673808
294.896,410.266291
294.906,404.889659
294.916,399.773643
294.926,404.053745
294.936,426.017783
294.946,419.816535
294.956,420.16467
294.966,418.393261
294.976,405.55562
294.986,394.667089
294.996,379.869056
295.006,382.149618
295.016,379.289107
295.026,365.604762
295.026,372.047876
295.036,368.6125
295.046,373.575595
295.056,380.9125
295.066,382.7375
295.076,380.980952
295.086,384.392857
295.096,392.578571
295.106,402.917857
295.116,409.345238
295.126,416.569643
295.136,418.61369
295.146,421.872024
295.156,420.200595
295.166,410.810119
295.176,419.33869
295.186,420.503571
295.196,426.083333
295.206,426.100952
295.216,428.30119
295.226,430.421429
295.236,427.973214
295.246,434.091667
295.256,441.305357
295.266,450.852976
295.276,450.254762
295.286,448.530952
295.296,454.216071
295.306,450.9125
295.316,451.349405
295.326,452.455357
295.336,454.475
295.346,453.186905
295.356,403.588095
295.366,439.929167
295.376,445.9375
295.386,270.67313
295.396,295.638151
295.406,294.476015
295.416,306.352425
295.426,303.02929
295.436,300.369112
295.446,257.34165
295.456,338.03799
295.466,333.117021
295.476,328.604632
295.486,335.417672
295.496,329.524513
295.506,326.109816
295.516,324.011436
295.526,302.255666
295.536,334.196918
295.546,336.953763
295.556,337.057356
295.566,332.167766
295.576,337.644811
295.586,338.02864
295.596,318.515678
295.606,288.064354
295.616,324.083794
295.626,357.221365
295.636,368.371392
295.646,373.374938
295.656,362.666083
295.666,355.658937
295.676,349.394445
295.686,355.093062
295.696,353.918194
295.706,353.297276
295.716,348.020963
295.726,354.450151
295.736,348.048549
295.746,339.393737
295.756,333.912997
295.766,320.869742
295.776,310.161034
295.786,251.982962
295.796,327.15938
295.806,338.497451
295.816,338.39499
295.826,339.366159
295.836,345.384406
295.846,351.549622
295.856,351.862725
295.866,350.327813
295.876,340.89292
295.886,336.714111
295.896,342.975805
295.906,338.215027
295.916,337.010298
295.926,323.889751
295.936,308.590162
295.946,294.613181
295.956,319.414109
295.966,324.757849
295.976,343.663678
295.986,346.613842
295.996,338.471272
296.006,337.889121
296.016,339.004409
296.026,344.792485
296.036,341.602602
296.046,339.225302
296.056,331.812306
296.066,328.790839
296.076,317.373082
296.086,295.65693
296.096,340.364801
296.106,335.877734
296.116,339.070862
296.126,336.426471
296.136,337.97831
296.146,319.53426
296.156,314.315646
296.166,313.438006
296.176,336.924276
296.186,329.501372
296.196,334.200047
296.206,345.4166
296.216,304.749601
296.226,251.791784
296.236,258.093002
296.246,263.029329
296.256,302.907781
296.266,275.059423
296.276,266.199516
296.286,238.729622
296.296,251.79452
296.306,228.841131
296.316,236.556044
296.326,240.110308
296.331,291.913507
296.336,281.143495
296.341,286.995778
296.351,281.191959
296.361,285.582988
296.371,312.290959
296.381,315.78702
296.391,295.379117
296.401,337.830874
296.411,407.40541
296.421,402.770328
296.431,390.763463
296.441,386.597413
296.451,385.826513
296.461,372.481087
296.471,435.506298
296.481,437.158945
296.491,440.408148
296.501,440.208629
296.511,421.865422
296.521,434.362089
296.531,433.480594
296.541,413.988773
296.551,433.872999
296.561,435.285462
296.571,413.391293
296.581,420.84342
296.591,413.729443
296.601,413.463306
296.611,410.517727
296.621,405.569911
296.631,408.283205
296.641,412.917958
296.651,406.63098
296.661,414.181355
296.671,410.422344
296.681,410.950566
296.691,387.944308
296.701,373.074147
296.711,398.881467
296.721,402.867377
296.731,398.473938
296.741,401.037725
296.751,405.748467
296.761,406.825468
296.771,413.15723
296.781,404.795678
296.791,406.497574
296.801,416.939096
296.811,417.010796
296.821,414.977126
296.831,417.910262
296.841,415.770733
296.851,416.293493
296.861,424.124728
296.871,432.059905
296.881,440.624574
296.891,438.363775
296.901,427.542398
296.911,387.705826
296.921,371.161775
296.931,405.719871
296.941,372.319554
296.951,405.499375
296.961,426.997242
296.971,421.925324
296.981,423.292155
296.991,421.472401
297.001,415.396291
297.011,411.366573
297.021,363.616946
297.031,410.58769
297.041,420.89647
297.051,441.896152
297.061,437.630949
297.071,443.226806
297.081,444.103451
297.091,438.181288
297.101,429.817864
297.111,442.635612
297.121,438.698471
297.131,446.394895
297.141,427.235501
297.151,437.485572
297.161,448.087426
297.171,442.237025
297.181,438.487458
297.191,451.096299
297.201,458.261231
297.211,439.390814
297.221,438.142309
297.231,448.64755
297.241,446.56437
297.251,444.049497
297.261,419.914024
297.271,412.720703
297.281,429.612652
297.291,435.701871
297.301,448.129646
297.311,458.902811
297.321,464.815066
297.331,471.749975
297.341,481.235556
297.351,494.286996
297.361,486.846421
297.371,491.889651
297.381,494.502376
297.391,462.470197
297.401,469.878481
297.411,463.499817
297.421,460.428922
297.431,469.940991
297.441,486.400162
297.451,499.815258
297.461,503.840739
297.471,509.563041
297.481,493.200654
297.491,494.135367
297.501,487.866927
297.511,488.484183
297.521,491.503979
297.531,499.36367
297.541,483.84742
297.551,481.107321
297.561,483.10463
297.571,470.339659
297.581,477.954542
297.591,474.098482
297.601,465.094243
297.611,459.568769
297.621,464.675586
297.631,457.407819
297.641,453.615476
297.651,442.796264
297.661,457.382303
297.671,448.961717
297.681,450.212422
297.691,449.034136
297.701,441.825523
297.711,438.436992
297.721,436.873464
297.731,456.504771
297.741,454.009358
297.751,442.340957
297.761,424.193064
297.771,429.434532
297.781,410.339399
297.791,397.732746
297.801,408.450309
297.811,423.579157
297.821,410.112272
297.831,417.986179
297.841,428.462762
297.851,451.225408
297.861,476.809019
297.871,490.85331
297.881,497.659716
297.891,535.058495
297.901,548.739867
297.911,585.742809
297.921,601.913634
297.931,613.98956
297.941,598.676301
297.951,587.164569
297.961,576.669496
297.971,547.538918
297.981,522.329531
297.991,504.550951
298.001,507.80081
298.011,502.497161
298.021,463.194362
298.031,444.068315
298.041,444.241598
298.051,432.174619
298.061,399.167066
298.071,386.551297
298.081,430.149207
298.091,415.331482
298.101,418.617058
298.111,426.084186
298.121,443.027853
298.131,446.784395
298.141,464.439028
298.151,457.778
298.161,464.538469
298.171,468.815743
298.181,477.12339
298.191,468.472954
298.201,471.339577
298.211,467.442294
298.221,466.850413
298.231,443.604149
298.241,445.645686
298.251,441.934055
298.261,442.598147
298.271,472.962
298.281,475.26037
298.291,462.876404
298.301,464.747478
298.311,451.527433
298.321,446.794984
298.331,456.369389
298.341,453.486844
298.351,460.041374
298.361,455.460569
298.371,446.02716
298.381,427.764624
298.391,438.796124
298.401,391.384698
298.411,397.22153
298.421,384.523394
298.431,399.805977
298.441,364.913094
298.451,349.833706
298.461,365.497523
298.471,374.374144
298.481,368.954807
298.491,345.403815
298.501,355.405118
298.511,357.000338
298.521,356.931573
298.531,351.763455
298.541,318.991808
298.551,359.479035
298.561,396.909472
298.571,474.174377
298.581,496.266273
298.591,501.250349
298.601,493.573895
298.611,540.26428
298.621,516.72215
298.631,500.67065
298.641,526.737634
298.651,538.739646
298.661,527.636042
298.671,504.170084
298.681,496.931044
298.691,509.277736
298.701,491.825514
298.711,494.085809
298.721,456.084906
298.731,455.213089
298.741,456.508071
298.751,441.219129
298.761,431.393168
298.771,421.054063
298.781,423.818239
298.791,431.982793
298.801,427.826667
298.811,436.172946
298.821,443.208344
298.831,441.917284
298.841,453.948744
298.851,459.165583
298.861,457.113527
298.871,451.688598
298.881,434.152454
298.891,448.436683
298.901,452.521532
298.911,445.562309
298.921,446.018767
298.931,441.6109
298.941,428.553464
298.951,425.134481
298.961,427.184107
298.971,431.972114
298.981,426.439198
298.991,411.692387
299.001,407.982153
299.011,403.766243
299.021,395.50046
299.031,386.567701
299.041,397.76019
299.051,413.329422
299.061,399.313384
299.071,424.583587
299.081,428.643562
299.091,435.934668
299.101,430.667984
299.111,433.38638
299.121,419.941977
299.131,425.485166
299.141,434.010724
299.151,445.101937
299.161,449.923679
299.171,420.768222
299.181,464.563131
299.191,463.944951
299.201,467.382055
299.211,466.643425
299.221,442.215049
299.231,432.188728
299.241,406.817632
299.251,422.191507
299.261,427.07454
299.271,421.386438
299.281,433.985577
299.291,435.127789
299.301,420.750235
299.311,423.329824
299.321,415.789413
299.331,403.072798
299.341,406.88002
299.351,414.814707
299.361,409.32952
299.371,426.645734
299.381,430.779237
299.391,439.377828
299.401,436.028278
299.411,428.235421
299.421,432.575088
299.431,434.206321
299.441,435.917406
299.451,454.088552
299.461,460.101722
299.471,466.710548
299.481,470.325225
299.491,478.092642
299.501,485.64182
299.511,490.168865
299.521,455.049354
299.531,440.412348
299.541,470.214697
299.551,485.230548
299.561,525.63998
299.571,550.066471
299.581,506.503161
299.591,508.132105
299.601,521.090391
299.611,505.846419
299.621,479.549511
299.631,466.772459
299.641,443.942164
299.651,445.368275
299.661,429.324614
299.671,421.670882
299.681,442.619672
299.691,442.5204
299.701,451.201851
299.711,486.22431
299.721,532.414601
299.731,562.996045
299.741,567.859883
299.751,568.416301
299.761,571.44591
299.771,577.877202
299.781,577.130056
299.791,551.624385
299.801,528.871864
299.811,521.803288
299.821,496.145342
299.831,487.372798
299.841,478.691663
299.851,458.070235
299.861,450.137769
299.871,421.283731
299.881,414.82044
299.891,437.466339
299.901,426.449105
299.911,427.786535
299.921,427.558124
299.931,423.106905
299.941,416.1274
299.951,421.560452
299.961,409.524183
299.971,443.5708
299.981,452.51587
299.991,459.470959
300.001,460.527358
300.011,467.951771
300.021,455.392892
300.031,453.797855
300.041,445.237106
300.051,427.132678
300.061,424.907965
300.071,421.223307
300.081,431.129413
300.091,430.152935
300.101,420.635008
300.111,395.792892
300.121,425.318373
300.131,437.582787
300.141,439.336571
300.151,438.618669
300.161,438.424188
300.171,444.500155
300.181,456.129321
300.191,463.523133
300.201,468.811828
300.211,489.94867
300.221,517.183989
300.231,509.508105
300.241,488.920273
300.251,521.660259
300.261,529.963201
300.271,535.874452
300.281,552.553166
300.291,563.010665
300.301,565.752899
300.311,582.670889
300.321,556.576526
300.331,555.610333
300.341,547.246849
300.351,515.43274
300.361,509.121585
300.371,465.901096
300.381,446.221641
300.391,407.551421
300.401,416.94327
300.411,420.780499
300.421,416.463275
300.431,409.487426
300.441,415.938818
300.451,403.644154
300.461,400.535449
300.471,397.62301
300.481,408.616484
300.491,410.65085
300.501,403.048036
300.511,394.590148
300.521,388.973353
300.531,360.328351
300.541,380.291417
300.551,383.189939
300.561,385.527051
300.571,389.803813
300.581,387.789452
300.591,403.148262
300.601,429.671341
300.611,455.008386
300.621,448.315441
300.631,437.129868
300.641,453.008017
300.651,479.58123
300.661,514.744678
300.671,502.109818
300.681,486.756142
300.691,497.662144
300.701,492.215646
300.711,490.354453
300.721,461.178347
300.731,447.837998
300.741,430.122294
300.751,432.987148
300.761,420.833058
300.771,405.976817
300.781,408.274551
300.791,410.789044
300.801,404.800555
300.811,406.446913
300.821,427.22169
300.831,443.177134
300.841,471.899571
300.851,518.575229
300.861,503.227372
300.871,546.876452
300.881,585.093104
300.891,589.645301
300.901,618.157602
300.911,618.641654
300.921,628.826257
300.931,619.678498
300.941,598.160404
300.951,582.764288
300.961,574.106846
300.971,575.260359
300.981,559.32655
300.991,518.0138
301.001,522.345458
301.011,515.83205
301.021,504.816816
301.031,506.475211
301.041,505.966937
301.051,547.853819
301.061,539.012632
301.071,496.787756
301.081,497.686959
301.091,486.312528
301.101,456.377145
301.111,441.966624
301.121,444.884778
301.131,448.370737
301.141,447.566413
301.151,453.599
301.161,453.024659
301.171,446.814834
301.181,438.376817
301.191,447.015029
301.201,407.977804
301.211,431.324576
301.221,422.889178
301.231,421.826704
301.241,417.067466
301.251,419.756335
301.261,393.695559
301.271,399.795322
301.281,387.237334
301.291,381.386842
301.301,376.913439
301.311,372.830158
301.321,334.980706
301.331,373.894471
301.341,380.497385
301.351,377.635984
301.361,379.964584
301.371,378.651092
301.381,376.70187
301.391,367.208403
301.401,345.087623
301.411,369.25482
301.421,360.447544
301.431,358.074923
301.441,353.565313
301.451,351.287096
301.461,347.072028
301.471,343.42596
301.481,345.700948
301.491,357.629533
301.501,362.714854
301.511,348.151326
301.521,372.879898
301.531,382.542426
301.541,384.921139
301.551,395.70021
301.561,405.548986
301.571,418.400189
301.581,426.280721
301.591,427.373748
301.601,419.218092
301.611,419.35425
301.621,416.200027
301.631,410.280822
301.641,428.815965
301.651,425.489877
301.661,427.047992
301.671,428.825739
301.681,419.694517
301.691,411.595458
301.701,394.070484
301.711,380.523288
301.721,411.322274
301.731,421.917222
301.741,431.267719
301.751,432.710227
301.761,429.722676
301.771,435.152803
301.781,443.606296
301.791,445.623021
301.801,438.834154
301.811,429.804895
301.821,417.098109
301.831,424.951846
301.841,428.684654
301.851,424.301774
301.861,439.355046
301.871,434.392943
301.881,410.013163
301.891,347.388509
301.901,333.988731
301.911,360.866503
301.921,367.117689
301.931,362.113804
301.941,358.696728
301.951,350.792883
301.961,355.326462
301.971,338.46317
301.981,342.010215
301.991,346.248843
302.001,323.69211
302.011,353.89147
302.021,352.284274
302.031,350.719223
302.041,351.863241
302.051,348.035115
302.061,357.169719
302.071,350.88943
302.081,334.586961
302.091,349.370448
302.101,399.357464
302.111,387.919366
302.121,390.759121
302.131,390.021063
302.141,377.130964
302.151,395.292434
302.161,403.967839
302.171,406.577829
302.181,412.929954
302.191,411.842125
302.201,409.189568
302.211,400.423474
302.221,439.435612
302.231,443.54746
302.241,452.867875
302.251,448.206536
302.261,460.788637
302.271,456.34582
302.281,450.662979
302.291,447.430667
302.301,442.568773
302.311,437.674192
302.321,428.923129
302.331,421.015399
302.341,422.520381
302.351,405.174951
302.361,417.71589
302.371,421.984867
302.381,413.114376
302.391,426.80636
302.401,426.04135
302.411,428.598425
302.421,424.750736
302.431,397.673178
302.441,424.907745
302.451,447.089059
302.461,453.847055
302.471,446.157198
302.481,447.830307
302.491,444.769346
302.501,446.118078
302.511,447.416124
302.521,434.611562
302.531,416.878806
302.541,399.206462
302.551,402.675074
302.561,405.316667
302.571,397.574744
302.581,362.8411
302.591,350.04448
302.601,353.238463
302.611,337.157621
302.621,336.284482
302.631,313.641178
302.641,339.925677
302.651,350.314274
302.661,357.947157
302.671,359.449219
302.681,350.020485
302.691,366.900686
302.701,373.967504
302.711,330.937004
302.721,383.542878
302.731,491.523343
302.741,507.650268
302.751,494.915787
302.761,476.140552
302.771,468.675951
302.781,461.848282
302.791,440.324908
302.801,439.801779
302.811,421.077852
302.821,426.887616
302.831,429.913364
302.841,431.495092
302.851,435.557628
302.861,430.79589
302.871,440.783149
302.881,434.631996
302.891,475.054529
302.901,487.256851
302.911,496.507935
302.921,472.691984
302.931,493.562333
302.941,469.435693
302.951,537.400945
302.961,518.884982
302.971,523.114139
302.981,520.51109
302.991,522.582599
303.001,501.680278
303.011,491.74007
303.021,482.885847
303.031,497.03478
303.041,508.591299
303.051,500.920065
303.061,497.895808
303.071,491.374916
303.081,498.196912
303.091,484.31811
303.101,482.763599
303.111,479.22998
303.121,477.129714
303.131,474.585171
303.141,461.698553
303.151,472.40753
303.161,465.272375
303.171,470.614442
303.181,475.977363
303.191,467.760285
303.201,474.360903
303.211,480.524703
303.221,477.477791
303.231,469.430855
303.241,455.856822
303.251,458.540619
303.261,464.100689
303.271,424.764023
303.281,421.630777
303.291,434.147751
303.301,433.933926
303.311,441.055767
303.321,419.053374
303.331,409.7
303.341,399.819527
303.351,397.217016
303.361,389.763558
303.371,378.451452
303.381,360.593738
303.391,276.729407
303.401,307.578902
303.411,313.985467
303.421,328.990773
303.431,324.672792
303.441,307.174189
303.451,305.585707
303.461,291.590931
303.471,293.120352
303.481,280.597101
303.491,311.046389
303.501,295.050992
303.511,339.551372
303.521,396.630481
303.531,413.886231
303.541,419.075947
303.551,405.896107
303.561,372.3639
303.571,390.71668
303.581,413.65416
303.591,437.548133
303.601,434.689611
303.611,431.015813
303.621,438.4216
303.631,456.061809
303.641,441.597093
303.651,454.969867
303.661,455.921653
303.671,438.92837
303.681,464.048613
303.691,472.910267
303.701,439.499036
303.711,456.414933
303.721,439.12328
303.731,432.390865
303.741,438.34208
303.751,442.394267
303.761,453.314873
303.771,430.478583
303.781,439.363053
303.791,395.08718
303.801,405.199052
303.811,421.423597
303.821,454.547333
303.831,436.459327
303.841,436.150427
303.851,429.93869
303.861,395.940688
303.871,386.269607
303.881,383.299596
303.891,387.97376
303.901,391.485677
303.911,403.191973
303.921,406.49208
303.931,408.398178
303.941,421.371093
303.951,424.365627
303.961,413.954827
303.971,415.912317
303.981,392.125633
303.991,413.899333
304.001,421.679525
304.011,426.304267
304.021,432.40616
304.031,425.833611
304.041,433.39288
304.051,441.1384
304.061,443.40456
304.071,435.859485
304.081,429.461013
304.091,448.451253
304.101,455.215155
304.111,461.516347
304.121,448.102667
304.131,441.887862
304.141,467.24384
304.151,474.532107
304.161,474.949467
304.171,485.123828
304.181,493.12072
304.191,493.473235
304.201,504.032631
304.211,502.90359
304.221,500.459653
304.231,515.011776
304.241,496.412187
304.251,493.111493
304.261,483.160667
304.271,438.66317
304.281,461.46186
304.291,483.492706
304.301,492.224449
304.311,459.42024
304.321,447.11968
304.331,435.943974
304.341,404.08224
304.351,432.345387
304.361,440.416027
304.371,441.54429
304.381,458.422133
304.391,458.9752
304.401,425.449189
304.411,470.491947
304.421,478.29352
304.431,525.514405
304.441,528.34664
304.451,552.3332
304.461,594.068427
304.471,602.717854
304.481,583.556413
304.491,599.717668
304.501,611.658617
304.511,613.974523
304.521,617.661391
304.531,606.42429
304.541,629.690187
304.551,630.88976
304.561,581.77747
304.571,602.210931
304.581,588.734667
304.591,584.971093
304.601,592.832818
304.611,587.406533
304.621,575.832373
304.631,570.036436
304.641,563.451467
304.651,587.651253
304.661,594.098613
304.671,591.63831
304.681,588.732853
304.691,574.165147
304.701,582.010332
304.711,531.74208
304.721,539.323627
304.731,558.009945
304.741,547.744765
304.751,545.474368
304.761,549.741264
304.771,536.636273
304.781,521.139639
304.791,514.229947
304.801,490.160871
304.811,477.8096
304.821,473.270027
304.831,458.643327
304.841,459.038754
304.851,456.03662
304.861,453.903573
304.871,442.856079
304.881,429.112416
304.891,381.054192
304.901,391.472035
304.911,390.802959
304.921,401.072619
304.931,405.51508
304.941,410.137375
304.951,411.407416
304.961,402.500997
304.971,430.409001
304.981,439.55789
304.991,475.135745
305.001,465.600068
305.011,487.654128
305.021,503.687016
305.031,538.339486
305.041,554.717954
305.051,540.588017
305.061,565.07646
305.071,521.693039
305.081,552.906804
305.091,567.142878
305.101,563.869978
305.111,592.670327
305.121,564.967711
305.131,568.942826
305.141,558.759432
305.151,542.263052
305.161,523.556509
305.171,490.715226
305.181,499.540546
305.191,509.25407
305.201,518.561082
305.211,517.937546
305.221,528.323896
305.231,528.378024
305.241,539.094558
305.251,563.773265
305.261,577.83993
305.271,599.648105
305.281,636.26521
305.291,646.840426
305.301,677.584003
