"","V1","V2"
"1",-8,424873.071356141
"2",-7.99,424872.297911557
"3",-7.98,424871.524485944
"4",-7.97,424870.75107929
"5",-7.96,424869.977691581
"6",-7.95,424869.204322806
"7",-7.94,424868.430972955
"8",-7.93,424867.65764202
"9",-7.92,424866.884329993
"10",-7.91,424866.111036867
"11",-7.9,424865.337762636
"12",-7.89,424864.564507297
"13",-7.88,424863.791270847
"14",-7.87,424863.018053283
"15",-7.86,424862.244854606
"16",-7.85,424861.471674815
"17",-7.84,424860.698513912
"18",-7.83,424859.9253719
"19",-7.82,424859.152248783
"20",-7.81,424858.379144567
"21",-7.8,424857.606059257
"22",-7.79,424856.832992861
"23",-7.78,424856.059945389
"24",-7.77,424855.286916848
"25",-7.76000000000001,424854.513907252
"26",-7.75000000000001,424853.740916611
"27",-7.74000000000001,424852.96794494
"28",-7.73000000000001,424852.194992253
"29",-7.72000000000001,424851.422058565
"30",-7.71000000000001,424850.649143894
"31",-7.70000000000001,424849.876248257
"32",-7.69000000000001,424849.103371673
"33",-7.68000000000001,424848.330514164
"34",-7.67000000000001,424847.557675751
"35",-7.66000000000001,424846.784856456
"36",-7.65000000000001,424846.012056303
"37",-7.64000000000001,424845.239275318
"38",-7.63000000000001,424844.466513526
"39",-7.62000000000001,424843.693770955
"40",-7.61000000000001,424842.921047633
"41",-7.60000000000001,424842.148343591
"42",-7.59000000000001,424841.375658858
"43",-7.58000000000001,424840.602993468
"44",-7.57000000000001,424839.830347453
"45",-7.56000000000001,424839.057720848
"46",-7.55000000000001,424838.285113689
"47",-7.54000000000001,424837.512526011
"48",-7.53000000000001,424836.739957853
"49",-7.52000000000001,424835.967409254
"50",-7.51000000000001,424835.194880254
"51",-7.50000000000001,424834.422370895
"52",-7.49000000000001,424833.649881219
"53",-7.48000000000001,424832.877411245
"54",-7.47000000000001,424832.104960947
"55",-7.46000000000001,424831.332530275
"56",-7.45000000000001,424830.560119183
"57",-7.44000000000001,424829.787727626
"58",-7.43000000000001,424829.015355563
"59",-7.42000000000001,424828.243002955
"60",-7.41000000000001,424827.470669765
"61",-7.40000000000001,424826.698355958
"62",-7.39000000000001,424825.926061503
"63",-7.38000000000001,424825.15378637
"64",-7.37000000000001,424824.381530532
"65",-7.36000000000001,424823.609293964
"66",-7.35000000000001,424822.837076645
"67",-7.34000000000001,424822.064878555
"68",-7.33000000000001,424821.292699675
"69",-7.32000000000001,424820.520539993
"70",-7.31000000000001,424819.748399495
"71",-7.30000000000001,424818.976278172
"72",-7.29000000000002,424818.204176015
"73",-7.28000000000002,424817.43209302
"74",-7.27000000000002,424816.660029185
"75",-7.26000000000002,424815.887984509
"76",-7.25000000000002,424815.115958995
"77",-7.24000000000002,424814.343952647
"78",-7.23000000000002,424813.571965473
"79",-7.22000000000002,424812.799997482
"80",-7.21000000000002,424812.028048686
"81",-7.20000000000002,424811.2561191
"82",-7.19000000000002,424810.48420874
"83",-7.18000000000002,424809.712317627
"84",-7.17000000000002,424808.940445782
"85",-7.16000000000002,424808.168593229
"86",-7.15000000000002,424807.396759995
"87",-7.14000000000002,424806.62494611
"88",-7.13000000000002,424805.853151604
"89",-7.12000000000002,424805.081376511
"90",-7.11000000000002,424804.309620869
"91",-7.10000000000002,424803.537884716
"92",-7.09000000000002,424802.766168093
"93",-7.08000000000002,424801.994471045
"94",-7.07000000000002,424801.222793616
"95",-7.06000000000002,424800.451135857
"96",-7.05000000000002,424799.679497818
"97",-7.04000000000002,424798.907879552
"98",-7.03000000000002,424798.136281115
"99",-7.02000000000002,424797.364702566
"100",-7.01000000000002,424796.593143966
"101",-7.00000000000002,424795.821605377
"102",-6.99000000000002,424795.050086866
"103",-6.98000000000002,424794.2785885
"104",-6.97000000000002,424793.50711035
"105",-6.96000000000002,424792.735652445
"106",-6.95000000000002,424791.964214731
"107",-6.94000000000002,424791.192797114
"108",-6.93000000000002,424790.421399508
"109",-6.92000000000002,424789.65002183
"110",-6.91000000000002,424788.878664004
"111",-6.90000000000002,424788.107325958
"112",-6.89000000000002,424787.336007625
"113",-6.88000000000002,424786.564708947
"114",-6.87000000000002,424785.793429867
"115",-6.86000000000002,424785.022170337
"116",-6.85000000000002,424784.250930312
"117",-6.84000000000002,424783.479709753
"118",-6.83000000000002,424782.708508627
"119",-6.82000000000003,424781.937326906
"120",-6.81000000000003,424781.166164568
"121",-6.80000000000003,424780.395021595
"122",-6.79000000000003,424779.623897976
"123",-6.78000000000003,424778.852793705
"124",-6.77000000000003,424778.081708781
"125",-6.76000000000003,424777.310643208
"126",-6.75000000000003,424776.539596997
"127",-6.74000000000003,424775.768570163
"128",-6.73000000000003,424774.997562726
"129",-6.72000000000003,424774.226574713
"130",-6.71000000000003,424773.455606156
"131",-6.70000000000003,424772.684657092
"132",-6.69000000000003,424771.913727562
"133",-6.68000000000003,424771.142817616
"134",-6.67000000000003,424770.371927306
"135",-6.66000000000003,424769.601056691
"136",-6.65000000000003,424768.830205834
"137",-6.64000000000003,424768.059374807
"138",-6.63000000000003,424767.288563682
"139",-6.62000000000003,424766.517772541
"140",-6.61000000000003,424765.74700147
"141",-6.60000000000003,424764.976250558
"142",-6.59000000000003,424764.205519904
"143",-6.58000000000003,424763.434809608
"144",-6.57000000000003,424762.664119777
"145",-6.56000000000003,424761.893450526
"146",-6.55000000000003,424761.12280197
"147",-6.54000000000003,424760.352174235
"148",-6.53000000000003,424759.581567448
"149",-6.52000000000003,424758.810981744
"150",-6.51000000000003,424758.040417263
"151",-6.50000000000003,424757.269874148
"152",-6.49000000000003,424756.499352552
"153",-6.48000000000003,424755.728852629
"154",-6.47000000000003,424754.95837454
"155",-6.46000000000003,424754.187918452
"156",-6.45000000000003,424753.417484537
"157",-6.44000000000003,424752.647072965
"158",-6.43000000000003,424751.876683897
"159",-6.42000000000003,424751.106317484
"160",-6.41000000000003,424750.335973877
"161",-6.40000000000003,424749.565653222
"162",-6.39000000000003,424748.795355662
"163",-6.38000000000003,424748.025081338
"164",-6.37000000000003,424747.254830388
"165",-6.36000000000003,424746.484602948
"166",-6.35000000000004,424745.714399149
"167",-6.34000000000004,424744.94421912
"168",-6.33000000000004,424744.174062989
"169",-6.32000000000004,424743.403930878
"170",-6.31000000000004,424742.63382291
"171",-6.30000000000004,424741.863739201
"172",-6.29000000000004,424741.093679866
"173",-6.28000000000004,424740.323645019
"174",-6.27000000000004,424739.553634768
"175",-6.26000000000004,424738.783649219
"176",-6.25000000000004,424738.013688477
"177",-6.24000000000004,424737.243752643
"178",-6.23000000000004,424736.473841813
"179",-6.22000000000004,424735.703956084
"180",-6.21000000000004,424734.934095548
"181",-6.20000000000004,424734.164260293
"182",-6.19000000000004,424733.394450408
"183",-6.18000000000004,424732.624665974
"184",-6.17000000000004,424731.854907074
"185",-6.16000000000004,424731.085173786
"186",-6.15000000000004,424730.315466183
"187",-6.14000000000004,424729.54578434
"188",-6.13000000000004,424728.776128325
"189",-6.12000000000004,424728.006498205
"190",-6.11000000000004,424727.236894043
"191",-6.10000000000004,424726.467315902
"192",-6.09000000000004,424725.697763838
"193",-6.08000000000004,424724.928237908
"194",-6.07000000000004,424724.158738163
"195",-6.06000000000004,424723.389264654
"196",-6.05000000000004,424722.619817426
"197",-6.04000000000004,424721.850396525
"198",-6.03000000000004,424721.081001991
"199",-6.02000000000004,424720.311633862
"200",-6.01000000000004,424719.542292174
"201",-6.00000000000004,424718.77297696
"202",-5.99000000000004,424718.003688249
"203",-5.98000000000004,424717.234426068
"204",-5.97000000000004,424716.465190442
"205",-5.96000000000004,424715.695981391
"206",-5.95000000000004,424714.926798934
"207",-5.94000000000004,424714.157643086
"208",-5.93000000000004,424713.388513899
"209",-5.92000000000004,424712.619411493
"210",-5.91000000000004,424711.850336029
"211",-5.90000000000004,424711.081287668
"212",-5.89000000000004,424710.312266572
"213",-5.88000000000005,424709.543272904
"214",-5.87000000000005,424708.774306827
"215",-5.86000000000005,424708.005368507
"216",-5.85000000000005,424707.23645811
"217",-5.84000000000005,424706.467575803
"218",-5.83000000000005,424705.698721753
"219",-5.82000000000005,424704.929896129
"220",-5.81000000000005,424704.161099102
"221",-5.80000000000005,424703.392330843
"222",-5.79000000000005,424702.623591524
"223",-5.78000000000005,424701.854881317
"224",-5.77000000000005,424701.086200396
"225",-5.76000000000005,424700.317548938
"226",-5.75000000000005,424699.548927116
"227",-5.74000000000005,424698.78033511
"228",-5.73000000000005,424698.011773096
"229",-5.72000000000005,424697.243241254
"230",-5.71000000000005,424696.474739763
"231",-5.70000000000005,424695.706268805
"232",-5.69000000000005,424694.937828562
"233",-5.68000000000005,424694.169419216
"234",-5.67000000000005,424693.401040952
"235",-5.66000000000005,424692.632693955
"236",-5.65000000000005,424691.86437841
"237",-5.64000000000005,424691.096094505
"238",-5.63000000000005,424690.327842428
"239",-5.62000000000005,424689.559622367
"240",-5.61000000000005,424688.791434512
"241",-5.60000000000005,424688.023279055
"242",-5.59000000000005,424687.255156188
"243",-5.58000000000005,424686.487066103
"244",-5.57000000000005,424685.719008994
"245",-5.56000000000005,424684.950985056
"246",-5.55000000000005,424684.182994486
"247",-5.54000000000005,424683.415037479
"248",-5.53000000000005,424682.647114235
"249",-5.52000000000005,424681.879224951
"250",-5.51000000000005,424681.111369828
"251",-5.50000000000005,424680.343549066
"252",-5.49000000000005,424679.575762868
"253",-5.48000000000005,424678.808011435
"254",-5.47000000000005,424678.040294973
"255",-5.46000000000005,424677.272613685
"256",-5.45000000000005,424676.504967778
"257",-5.44000000000005,424675.737357458
"258",-5.43000000000005,424674.969782933
"259",-5.42000000000005,424674.202244411
"260",-5.41000000000006,424673.434742112
"261",-5.40000000000006,424672.667276274
"262",-5.39000000000006,424671.899847141
"263",-5.38000000000006,424671.132454956
"264",-5.37000000000006,424670.365099962
"265",-5.36000000000006,424669.597782396
"266",-5.35000000000006,424668.830502497
"267",-5.34000000000006,424668.063260498
"268",-5.33000000000006,424667.296056632
"269",-5.32000000000006,424666.52889113
"270",-5.31000000000006,424665.761764221
"271",-5.30000000000006,424664.994676131
"272",-5.29000000000006,424664.227627084
"273",-5.28000000000006,424663.460617303
"274",-5.27000000000006,424662.693647007
"275",-5.26000000000006,424661.926716415
"276",-5.25000000000006,424661.159825743
"277",-5.24000000000006,424660.392975204
"278",-5.23000000000006,424659.62616501
"279",-5.22000000000006,424658.859395371
"280",-5.21000000000006,424658.092666495
"281",-5.20000000000006,424657.325978586
"282",-5.19000000000006,424656.559331849
"283",-5.18000000000006,424655.792726485
"284",-5.17000000000006,424655.026162692
"285",-5.16000000000006,424654.259640668
"286",-5.15000000000006,424653.493160608
"287",-5.14000000000006,424652.726722705
"288",-5.13000000000006,424651.96032715
"289",-5.12000000000006,424651.193974131
"290",-5.11000000000006,424650.427663835
"291",-5.10000000000006,424649.661396446
"292",-5.09000000000006,424648.895172148
"293",-5.08000000000006,424648.12899112
"294",-5.07000000000006,424647.362853541
"295",-5.06000000000006,424646.596759587
"296",-5.05000000000006,424645.830709433
"297",-5.04000000000006,424645.064703249
"298",-5.03000000000006,424644.298741207
"299",-5.02000000000006,424643.532823474
"300",-5.01000000000006,424642.766950216
"301",-5.00000000000006,424642.001121596
"302",-4.99000000000006,424641.235337777
"303",-4.98000000000006,424640.469598918
"304",-4.97000000000006,424639.703905176
"305",-4.96000000000006,424638.938256707
"306",-4.95000000000007,424638.172653664
"307",-4.94000000000007,424637.407096198
"308",-4.93000000000007,424636.641584459
"309",-4.92000000000007,424635.876118594
"310",-4.91000000000007,424635.110698748
"311",-4.90000000000007,424634.345325086
"312",-4.89000000000007,424633.579997822
"313",-4.88000000000007,424632.81471719
"314",-4.87000000000007,424632.049483425
"315",-4.86000000000007,424631.284296762
"316",-4.85000000000007,424630.519157434
"317",-4.84000000000007,424629.754065677
"318",-4.83000000000007,424628.989021723
"319",-4.82000000000007,424628.224025808
"320",-4.81000000000007,424627.459078163
"321",-4.80000000000007,424626.694179024
"322",-4.79000000000007,424625.929328623
"323",-4.78000000000007,424625.164527192
"324",-4.77000000000007,424624.399774966
"325",-4.76000000000007,424623.635072176
"326",-4.75000000000007,424622.870419054
"327",-4.74000000000007,424622.105815834
"328",-4.73000000000007,424621.341262746
"329",-4.72000000000007,424620.576760023
"330",-4.71000000000007,424619.812307897
"331",-4.70000000000007,424619.047906598
"332",-4.69000000000007,424618.283556359
"333",-4.68000000000007,424617.519257409
"334",-4.67000000000007,424616.75500998
"335",-4.66000000000007,424615.990814302
"336",-4.65000000000007,424615.226670605
"337",-4.64000000000007,424614.462579121
"338",-4.63000000000007,424613.698540078
"339",-4.62000000000007,424612.934553706
"340",-4.61000000000007,424612.170620236
"341",-4.60000000000007,424611.406739896
"342",-4.59000000000007,424610.642912916
"343",-4.58000000000007,424609.879139524
"344",-4.57000000000007,424609.11541995
"345",-4.56000000000007,424608.351754421
"346",-4.55000000000007,424607.588143166
"347",-4.54000000000007,424606.824586413
"348",-4.53000000000007,424606.061084391
"349",-4.52000000000007,424605.297637326
"350",-4.51000000000007,424604.534245446
"351",-4.50000000000007,424603.770908979
"352",-4.49000000000007,424603.007628151
"353",-4.48000000000008,424602.24440319
"354",-4.47000000000008,424601.481234322
"355",-4.46000000000008,424600.718121774
"356",-4.45000000000008,424599.955065771
"357",-4.44000000000008,424599.19206654
"358",-4.43000000000008,424598.429124306
"359",-4.42000000000008,424597.666239296
"360",-4.41000000000008,424596.903411734
"361",-4.40000000000008,424596.140641846
"362",-4.39000000000008,424595.377929857
"363",-4.38000000000008,424594.615275981
"364",-4.37000000000008,424593.852680413
"365",-4.36000000000008,424593.09014334
"366",-4.35000000000008,424592.327664946
"367",-4.34000000000008,424591.565245419
"368",-4.33000000000008,424590.802884949
"369",-4.32000000000008,424590.040583722
"370",-4.31000000000008,424589.27834193
"371",-4.30000000000008,424588.516159763
"372",-4.29000000000008,424587.754037412
"373",-4.28000000000008,424586.991975069
"374",-4.27000000000008,424586.229972929
"375",-4.26000000000008,424585.468031185
"376",-4.25000000000008,424584.706150031
"377",-4.24000000000008,424583.944329664
"378",-4.23000000000008,424583.18257028
"379",-4.22000000000008,424582.420872076
"380",-4.21000000000008,424581.659235252
"381",-4.20000000000008,424580.897660005
"382",-4.19000000000008,424580.136146536
"383",-4.18000000000008,424579.374695046
"384",-4.17000000000008,424578.613305735
"385",-4.16000000000008,424577.851978808
"386",-4.15000000000008,424577.090714467
"387",-4.14000000000008,424576.329512916
"388",-4.13000000000008,424575.56837436
"389",-4.12000000000008,424574.807299005
"390",-4.11000000000008,424574.046287057
"391",-4.10000000000008,424573.285338725
"392",-4.09000000000008,424572.524454215
"393",-4.08000000000008,424571.763633739
"394",-4.07000000000008,424571.002877505
"395",-4.06000000000008,424570.242185724
"396",-4.05000000000008,424569.481558608
"397",-4.04000000000008,424568.720996369
"398",-4.03000000000008,424567.960499221
"399",-4.02000000000008,424567.200067378
"400",-4.01000000000009,424566.439701054
"401",-4.00000000000009,424565.679400466
"402",-3.99000000000009,424564.91916583
"403",-3.98000000000009,424564.158997363
"404",-3.97000000000009,424563.398895284
"405",-3.96000000000009,424562.638859811
"406",-3.95000000000009,424561.878891165
"407",-3.94000000000009,424561.118989566
"408",-3.93000000000009,424560.359155235
"409",-3.92000000000009,424559.599388396
"410",-3.91000000000009,424558.83968927
"411",-3.90000000000009,424558.080058083
"412",-3.89000000000009,424557.320495058
"413",-3.88000000000009,424556.561000422
"414",-3.87000000000009,424555.801574352
"415",-3.86000000000009,424555.042216933
"416",-3.85000000000009,424554.282928206
"417",-3.84000000000009,424553.523708213
"418",-3.83000000000009,424552.764557001
"419",-3.82000000000009,424552.005474618
"420",-3.81000000000009,424551.24646112
"421",-3.80000000000009,424550.487516562
"422",-3.79000000000009,424549.728641003
"423",-3.78000000000009,424548.969834508
"424",-3.77000000000009,424548.211097143
"425",-3.76000000000009,424547.452428978
"426",-3.75000000000009,424546.693830086
"427",-3.74000000000009,424545.935300543
"428",-3.73000000000009,424545.17684043
"429",-3.72000000000009,424544.41844983
"430",-3.71000000000009,424543.66012883
"431",-3.70000000000009,424542.90187752
"432",-3.69000000000009,424542.143695993
"433",-3.68000000000009,424541.385584345
"434",-3.67000000000009,424540.627542677
"435",-3.66000000000009,424539.869571093
"436",-3.65000000000009,424539.111669697
"437",-3.64000000000009,424538.353838602
"438",-3.63000000000009,424537.596077919
"439",-3.62000000000009,424536.838387765
"440",-3.61000000000009,424536.080768261
"441",-3.60000000000009,424535.323219529
"442",-3.59000000000009,424534.565741697
"443",-3.58000000000009,424533.808334893
"444",-3.57000000000009,424533.050999251
"445",-3.56000000000009,424532.293734908
"446",-3.55000000000009,424531.536542002
"447",-3.5400000000001,424530.779420678
"448",-3.5300000000001,424530.022371081
"449",-3.5200000000001,424529.265393361
"450",-3.5100000000001,424528.508487671
"451",-3.5000000000001,424527.751654167
"452",-3.4900000000001,424526.994893008
"453",-3.4800000000001,424526.238204357
"454",-3.4700000000001,424525.48158838
"455",-3.4600000000001,424524.725045247
"456",-3.4500000000001,424523.968575129
"457",-3.4400000000001,424523.212178203
"458",-3.4300000000001,424522.455854648
"459",-3.4200000000001,424521.699604646
"460",-3.4100000000001,424520.943428382
"461",-3.4000000000001,424520.187326045
"462",-3.3900000000001,424519.431297828
"463",-3.3800000000001,424518.675343926
"464",-3.3700000000001,424517.919464537
"465",-3.3600000000001,424517.163659863
"466",-3.3500000000001,424516.407930031
"467",-3.3400000000001,424515.652275015
"468",-3.3300000000001,424514.896694715
"469",-3.3200000000001,424514.141189035
"470",-3.3100000000001,424513.385757881
"471",-3.3000000000001,424512.630401166
"472",-3.2900000000001,424511.875118804
"473",-3.2800000000001,424511.119910715
"474",-3.2700000000001,424510.364776821
"475",-3.2600000000001,424509.609717048
"476",-3.2500000000001,424508.854731328
"477",-3.2400000000001,424508.099819594
"478",-3.2300000000001,424507.344981785
"479",-3.2200000000001,424506.590217842
"480",-3.2100000000001,424505.835527711
"481",-3.2000000000001,424505.080911343
"482",-3.1900000000001,424504.326368688
"483",-3.1800000000001,424503.571899707
"484",-3.1700000000001,424502.817504358
"485",-3.1600000000001,424502.063182607
"486",-3.1500000000001,424501.308934422
"487",-3.1400000000001,424500.554759775
"488",-3.1300000000001,424499.800658644
"489",-3.1200000000001,424499.046631007
"490",-3.1100000000001,424498.292676848
"491",-3.1000000000001,424497.538796154
"492",-3.0900000000001,424496.784988918
"493",-3.0800000000001,424496.031255133
"494",-3.07000000000011,424495.277594799
"495",-3.06000000000011,424494.524007918
"496",-3.05000000000011,424493.770494496
"497",-3.04000000000011,424493.017054544
"498",-3.03000000000011,424492.263688075
"499",-3.02000000000011,424491.510395107
"500",-3.01000000000011,424490.757175661
"501",-3.00000000000011,424490.004029762
"502",-2.99000000000011,424489.250957439
"503",-2.98000000000011,424488.497958725
"504",-2.97000000000011,424487.745033655
"505",-2.96000000000011,424486.992182271
"506",-2.95000000000011,424486.239404615
"507",-2.94000000000011,424485.486700735
"508",-2.93000000000011,424484.734070682
"509",-2.92000000000011,424483.981514512
"510",-2.91000000000011,424483.229032283
"511",-2.90000000000011,424482.476624058
"512",-2.89000000000011,424481.724289901
"513",-2.88000000000011,424480.972029885
"514",-2.87000000000011,424480.219844081
"515",-2.86000000000011,424479.467732567
"516",-2.85000000000011,424478.715695424
"517",-2.84000000000011,424477.963732737
"518",-2.83000000000011,424477.211844525
"519",-2.82000000000011,424476.460030672
"520",-2.81000000000011,424475.708290995
"521",-2.80000000000011,424474.956625313
"522",-2.79000000000011,424474.205033449
"523",-2.78000000000011,424473.453515228
"524",-2.77000000000011,424472.702070477
"525",-2.76000000000011,424471.950699024
"526",-2.75000000000011,424471.199400703
"527",-2.74000000000011,424470.448175347
"528",-2.73000000000011,424469.697022793
"529",-2.72000000000011,424468.945942881
"530",-2.71000000000011,424468.194935452
"531",-2.70000000000011,424467.44400035
"532",-2.69000000000011,424466.693137422
"533",-2.68000000000011,424465.942346517
"534",-2.67000000000011,424465.191627486
"535",-2.66000000000011,424464.440980183
"536",-2.65000000000011,424463.690404464
"537",-2.64000000000011,424462.939900188
"538",-2.63000000000011,424462.189467216
"539",-2.62000000000011,424461.439105411
"540",-2.61000000000011,424460.688814639
"541",-2.60000000000012,424459.938594769
"542",-2.59000000000012,424459.188445671
"543",-2.58000000000012,424458.438367218
"544",-2.57000000000012,424457.688359287
"545",-2.56000000000012,424456.938421753
"546",-2.55000000000012,424456.188554499
"547",-2.54000000000012,424455.438757407
"548",-2.53000000000012,424454.689030361
"549",-2.52000000000012,424453.93937325
"550",-2.51000000000012,424453.189785963
"551",-2.50000000000012,424452.440268392
"552",-2.49000000000012,424451.690820433
"553",-2.48000000000012,424450.941441981
"554",-2.47000000000012,424450.192132937
"555",-2.46000000000012,424449.442893203
"556",-2.45000000000012,424448.693722682
"557",-2.44000000000012,424447.944621281
"558",-2.43000000000012,424447.19558891
"559",-2.42000000000012,424446.446625479
"560",-2.41000000000012,424445.697730902
"561",-2.40000000000012,424444.948905095
"562",-2.39000000000012,424444.200147977
"563",-2.38000000000012,424443.451459469
"564",-2.37000000000012,424442.702839493
"565",-2.36000000000012,424441.954287975
"566",-2.35000000000012,424441.205804844
"567",-2.34000000000012,424440.457390028
"568",-2.33000000000012,424439.709043462
"569",-2.32000000000012,424438.96076508
"570",-2.31000000000012,424438.212554779
"571",-2.30000000000012,424437.464412376
"572",-2.29000000000012,424436.716337649
"573",-2.28000000000012,424435.968330379
"574",-2.27000000000012,424435.220390346
"575",-2.26000000000012,424434.472517334
"576",-2.25000000000012,424433.724711126
"577",-2.24000000000012,424432.976971508
"578",-2.23000000000012,424432.229298266
"579",-2.22000000000012,424431.481691188
"580",-2.21000000000012,424430.734150065
"581",-2.20000000000012,424429.986674686
"582",-2.19000000000012,424429.239264845
"583",-2.18000000000012,424428.491920334
"584",-2.17000000000012,424427.74464095
"585",-2.16000000000012,424426.997426488
"586",-2.15000000000012,424426.250276746
"587",-2.14000000000012,424425.503191523
"588",-2.13000000000013,424424.756170621
"589",-2.12000000000013,424424.00921384
"590",-2.11000000000013,424423.262320985
"591",-2.10000000000013,424422.515491859
"592",-2.09000000000013,424421.768726269
"593",-2.08000000000013,424421.022024022
"594",-2.07000000000013,424420.275384928
"595",-2.06000000000013,424419.528808795
"596",-2.05000000000013,424418.782295436
"597",-2.04000000000013,424418.035844664
"598",-2.03000000000013,424417.289456293
"599",-2.02000000000013,424416.543130138
"600",-2.01000000000013,424415.796866016
"601",-2.00000000000013,424415.050663746
"602",-1.99000000000013,424414.304523147
"603",-1.98000000000013,424413.55844404
"604",-1.97000000000013,424412.812426249
"605",-1.96000000000013,424412.066469595
"606",-1.95000000000013,424411.320573905
"607",-1.94000000000013,424410.574739005
"608",-1.93000000000013,424409.828964723
"609",-1.92000000000013,424409.083250887
"610",-1.91000000000013,424408.337597329
"611",-1.90000000000013,424407.59200388
"612",-1.89000000000013,424406.846470374
"613",-1.88000000000013,424406.100996644
"614",-1.87000000000013,424405.355582527
"615",-1.86000000000013,424404.61022786
"616",-1.85000000000013,424403.864932482
"617",-1.84000000000013,424403.119696232
"618",-1.83000000000013,424402.374518952
"619",-1.82000000000013,424401.629400484
"620",-1.81000000000013,424400.884340672
"621",-1.80000000000013,424400.13933996
"622",-1.79000000000013,424399.39439998
"623",-1.78000000000013,424398.649522935
"624",-1.77000000000013,424397.904710997
"625",-1.76000000000013,424397.159966306
"626",-1.75000000000013,424396.41529097
"627",-1.74000000000013,424395.670687067
"628",-1.73000000000013,424394.926156639
"629",-1.72000000000013,424394.1817017
"630",-1.71000000000013,424393.437324231
"631",-1.70000000000013,424392.69302618
"632",-1.69000000000013,424391.948809463
"633",-1.68000000000013,424391.204675967
"634",-1.67000000000013,424390.460627543
"635",-1.66000000000014,424389.716666013
"636",-1.65000000000014,424388.972793166
"637",-1.64000000000014,424388.22901076
"638",-1.63000000000014,424387.48532052
"639",-1.62000000000014,424386.741724138
"640",-1.61000000000014,424385.998223277
"641",-1.60000000000014,424385.254819567
"642",-1.59000000000014,424384.511514605
"643",-1.58000000000014,424383.768309957
"644",-1.57000000000014,424383.025207157
"645",-1.56000000000014,424382.282207708
"646",-1.55000000000014,424381.53931308
"647",-1.54000000000014,424380.796524711
"648",-1.53000000000014,424380.053844009
"649",-1.52000000000014,424379.311272348
"650",-1.51000000000014,424378.568811073
"651",-1.50000000000014,424377.826461494
"652",-1.49000000000014,424377.084224891
"653",-1.48000000000014,424376.342102513
"654",-1.47000000000014,424375.600095577
"655",-1.46000000000014,424374.858205267
"656",-1.45000000000014,424374.116432737
"657",-1.44000000000014,424373.374779109
"658",-1.43000000000014,424372.633245472
"659",-1.42000000000014,424371.891832887
"660",-1.41000000000014,424371.15054238
"661",-1.40000000000014,424370.409374946
"662",-1.39000000000014,424369.668331552
"663",-1.38000000000014,424368.927413129
"664",-1.37000000000014,424368.186620579
"665",-1.36000000000014,424367.445954773
"666",-1.35000000000014,424366.70541655
"667",-1.34000000000014,424365.965006719
"668",-1.33000000000014,424365.224726055
"669",-1.32000000000014,424364.484575304
"670",-1.31000000000014,424363.744555181
"671",-1.30000000000014,424363.004666369
"672",-1.29000000000014,424362.26490952
"673",-1.28000000000014,424361.525290176
"674",-1.27000000000014,424360.785823548
"675",-1.26000000000014,424360.046529386
"676",-1.25000000000014,424359.307426984
"677",-1.24000000000014,424358.568535184
"678",-1.23000000000014,424357.829872368
"679",-1.22000000000014,424357.091456458
"680",-1.21000000000014,424356.353304916
"681",-1.20000000000014,424355.615434743
"682",-1.19000000000015,424354.877862475
"683",-1.18000000000015,424354.140604185
"684",-1.17000000000015,424353.403675479
"685",-1.16000000000015,424352.6670915
"686",-1.15000000000015,424351.930866926
"687",-1.14000000000015,424351.195015966
"688",-1.13000000000015,424350.459552368
"689",-1.12000000000015,424349.724489411
"690",-1.11000000000015,424348.98983991
"691",-1.10000000000015,424348.255616218
"692",-1.09000000000015,424347.52183022
"693",-1.08000000000015,424346.788493343
"694",-1.07000000000015,424346.055616549
"695",-1.06000000000015,424345.323210341
"696",-1.05000000000015,424344.591284762
"697",-1.04000000000015,424343.859849397
"698",-1.03000000000015,424343.128913376
"699",-1.02000000000015,424342.398485372
"700",-1.01000000000015,424341.668573608
"701",-1.00000000000015,424340.939185854
"702",-0.990000000000149,424340.210329429
"703",-0.98000000000015,424339.482011208
"704",-0.97000000000015,424338.75423762
"705",-0.96000000000015,424338.027014649
"706",-0.95000000000015,424337.300347841
"707",-0.94000000000015,424336.574242302
"708",-0.930000000000151,424335.848702702
"709",-0.920000000000151,424335.123733277
"710",-0.910000000000151,424334.399337834
"711",-0.900000000000151,424333.675519748
"712",-0.890000000000152,424332.952281971
"713",-0.880000000000152,424332.229627028
"714",-0.870000000000152,424331.507557026
"715",-0.860000000000152,424330.786073652
"716",-0.850000000000152,424330.065178178
"717",-0.840000000000153,424329.344871463
"718",-0.830000000000153,424328.625153954
"719",-0.820000000000153,424327.906025692
"720",-0.810000000000153,424327.187486312
"721",-0.800000000000153,424326.469535046
"722",-0.790000000000154,424325.752170728
"723",-0.780000000000154,424325.035391793
"724",-0.770000000000154,424324.319197563
"725",-0.760000000000154,424323.603589708
"726",-0.750000000000155,424322.888571228
"727",-0.740000000000155,424322.174145263
"728",-0.730000000000155,424321.460315089
"729",-0.720000000000155,424320.747084115
"730",-0.710000000000155,424320.034455888
"731",-0.700000000000156,424319.322434088
"732",-0.690000000000156,424318.611022524
"733",-0.680000000000156,424317.90022514
"734",-0.670000000000156,424317.190046008
"735",-0.660000000000156,424316.48048933
"736",-0.650000000000157,424315.771559435
"737",-0.640000000000157,424315.063260777
"738",-0.630000000000157,424314.355597938
"739",-0.620000000000157,424313.648575622
"740",-0.610000000000158,424312.942198658
"741",-0.600000000000158,424312.236471994
"742",-0.590000000000158,424311.531400701
"743",-0.580000000000158,424310.826989967
"744",-0.570000000000158,424310.123245098
"745",-0.560000000000159,424309.420171519
"746",-0.550000000000159,424308.717774765
"747",-0.540000000000159,424308.016060491
"748",-0.530000000000159,424307.31503446
"749",-0.520000000000159,424306.614702548
"750",-0.51000000000016,424305.91507074
"751",-0.50000000000016,424305.21614513
"752",-0.49000000000016,424304.517931919
"753",-0.48000000000016,424303.820437412
"754",-0.470000000000161,424303.123668019
"755",-0.460000000000161,424302.427630252
"756",-0.450000000000161,424301.732330726
"757",-0.440000000000161,424301.037776154
"758",-0.430000000000161,424300.343973345
"759",-0.420000000000162,424299.650929208
"760",-0.410000000000162,424298.958650745
"761",-0.400000000000162,424298.267145051
"762",-0.390000000000162,424297.576419314
"763",-0.380000000000162,424296.886480812
"764",-0.370000000000163,424296.197336909
"765",-0.360000000000163,424295.508995059
"766",-0.350000000000163,424294.821462799
"767",-0.340000000000163,424294.13474775
"768",-0.330000000000163,424293.448857615
"769",-0.320000000000164,424292.763800178
"770",-0.310000000000164,424292.079583299
"771",-0.300000000000164,424291.396214915
"772",-0.290000000000164,424290.71370304
"773",-0.280000000000165,424290.032055759
"774",-0.270000000000165,424289.351281227
"775",-0.260000000000165,424288.671387672
"776",-0.250000000000165,424287.992376836
"777",-0.240000000000165,424287.314237647
"778",-0.230000000000166,424286.636953082
"779",-0.220000000000166,424285.960506817
"780",-0.210000000000166,424285.28488322
"781",-0.200000000000166,424284.610067342
"782",-0.190000000000166,424283.936044906
"783",-0.180000000000167,424283.262802307
"784",-0.170000000000167,424282.590326598
"785",-0.160000000000167,424281.918605485
"786",-0.150000000000167,424281.247627322
"787",-0.140000000000168,424280.577381102
"788",-0.130000000000168,424279.907856453
"789",-0.120000000000168,424279.239043631
"790",-0.110000000000168,424278.570933513
"791",-0.100000000000168,424277.903517595
"792",-0.0900000000001686,424277.236787981
"793",-0.0800000000001688,424276.570737382
"794",-0.070000000000169,424275.905359111
"795",-0.0600000000001693,424275.240647075
"796",-0.0500000000001695,424274.576595772
"797",-0.0400000000001697,424273.913200285
"798",-0.0300000000001699,424273.25045628
"799",-0.0200000000001701,424272.588359999
"800",-0.0100000000001703,424271.926908255
"801",-1.70530256582424e-13,424271.26609843
"802",0.00999999999982926,424270.605928467
"803",0.019999999999829,424269.946396872
"804",0.0299999999998288,424269.287502701
"805",0.0399999999998286,424268.629245563
"806",0.0499999999998284,424267.971625613
"807",0.0599999999998282,424267.314643547
"808",0.069999999999828,424266.658300599
"809",0.0799999999998278,424266.002598536
"810",0.0899999999998276,424265.347539655
"811",0.0999999999998273,424264.693126777
"812",0.109999999999827,424264.039363244
"813",0.119999999999827,424263.386252914
"814",0.129999999999827,424262.733800157
"815",0.139999999999826,424262.082009851
"816",0.149999999999826,424261.430887375
"817",0.159999999999826,424260.780438609
"818",0.169999999999826,424260.130669925
"819",0.179999999999826,424259.481588183
"820",0.189999999999825,424258.83320073
"821",0.199999999999825,424258.185515389
"822",0.209999999999825,424257.538540459
"823",0.219999999999825,424256.892284708
"824",0.229999999999825,424256.246757367
"825",0.239999999999824,424255.601968126
"826",0.249999999999824,424254.957927128
"827",0.259999999999824,424254.314640549
"828",0.269999999999824,424253.672106013
"829",0.279999999999824,424253.03031677
"830",0.289999999999823,424252.389266025
"831",0.299999999999823,424251.748946943
"832",0.309999999999823,424251.109352646
"833",0.319999999999823,424250.470476213
"834",0.329999999999822,424249.832310685
"835",0.339999999999822,424249.194849058
"836",0.349999999999822,424248.558084288
"837",0.359999999999822,424247.922009292
"838",0.369999999999822,424247.286616943
"839",0.379999999999821,424246.651900076
"840",0.389999999999821,424246.017851484
"841",0.399999999999821,424245.38446392
"842",0.409999999999821,424244.751730098
"843",0.419999999999821,424244.119642689
"844",0.42999999999982,424243.488194327
"845",0.43999999999982,424242.857377604
"846",0.44999999999982,424242.227185074
"847",0.45999999999982,424241.597609247
"848",0.469999999999819,424240.968642598
"849",0.479999999999819,424240.34027756
"850",0.489999999999819,424239.712506525
"851",0.499999999999819,424239.085321847
"852",0.509999999999819,424238.458715839
"853",0.519999999999818,424237.832680775
"854",0.529999999999818,424237.207208887
"855",0.539999999999818,424236.58229237
"856",0.549999999999818,424235.957923376
"857",0.559999999999818,424235.334094017
"858",0.569999999999817,424234.710796368
"859",0.579999999999817,424234.088022458
"860",0.589999999999817,424233.465764281
"861",0.599999999999817,424232.844013786
"862",0.609999999999816,424232.222762883
"863",0.619999999999816,424231.602003441
"864",0.629999999999816,424230.981727286
"865",0.639999999999816,424230.361926204
"866",0.649999999999816,424229.74259194
"867",0.659999999999815,424229.123716194
"868",0.669999999999815,424228.505290627
"869",0.679999999999815,424227.887306856
"870",0.689999999999815,424227.269756454
"871",0.699999999999815,424226.652630954
"872",0.709999999999814,424226.035921842
"873",0.719999999999814,424225.419620564
"874",0.729999999999814,424224.803718518
"875",0.739999999999814,424224.18820706
"876",0.749999999999813,424223.573077501
"877",0.759999999999813,424222.958321106
"878",0.769999999999813,424222.343929096
"879",0.779999999999813,424221.72989482
"880",0.789999999999813,424221.11621589
"881",0.799999999999812,424220.502891922
"882",0.809999999999812,424219.889922346
"883",0.819999999999812,424219.277306396
"884",0.829999999999812,424218.66504312
"885",0.839999999999812,424218.053131377
"886",0.849999999999811,424217.441569835
"887",0.859999999999811,424216.830356978
"888",0.869999999999811,424216.219491102
"889",0.879999999999811,424215.608970318
"890",0.88999999999981,424214.998792553
"891",0.89999999999981,424214.388955549
"892",0.90999999999981,424213.779456866
"893",0.91999999999981,424213.17029388
"894",0.92999999999981,424212.561463788
"895",0.939999999999809,424211.952963605
"896",0.949999999999809,424211.344790165
"897",0.959999999999809,424210.736940124
"898",0.969999999999809,424210.129409959
"899",0.979999999999809,424209.52219597
"900",0.989999999999808,424208.915294277
"901",0.999999999999808,424208.308700827
"902",1.00999999999981,424207.702411388
"903",1.01999999999981,424207.096421553
"904",1.02999999999981,424206.490726742
"905",1.03999999999981,424205.885322197
"906",1.04999999999981,424205.280202989
"907",1.05999999999981,424204.675364015
"908",1.06999999999981,424204.070799997
"909",1.07999999999981,424203.466505487
"910",1.08999999999981,424202.862474863
"911",1.09999999999981,424202.258702331
"912",1.10999999999981,424201.655181927
"913",1.11999999999981,424201.051907512
"914",1.12999999999981,424200.44887278
"915",1.13999999999981,424199.846071252
"916",1.1499999999998,424199.243496277
"917",1.1599999999998,424198.641141035
"918",1.1699999999998,424198.038998534
"919",1.1799999999998,424197.437061614
"920",1.1899999999998,424196.835322941
"921",1.1999999999998,424196.233775012
"922",1.2099999999998,424195.632410154
"923",1.2199999999998,424195.031220521
"924",1.2299999999998,424194.430198098
"925",1.2399999999998,424193.829334697
"926",1.2499999999998,424193.228621959
"927",1.2599999999998,424192.628051353
"928",1.2699999999998,424192.027614177
"929",1.2799999999998,424191.427301554
"930",1.2899999999998,424190.827104436
"931",1.2999999999998,424190.227015899
"932",1.3099999999998,424189.627033498
"933",1.3199999999998,424189.027157058
"934",1.3299999999998,424188.427386401
"935",1.3399999999998,424187.827721346
"936",1.3499999999998,424187.22816171
"937",1.3599999999998,424186.628707306
"938",1.3699999999998,424186.029357948
"939",1.3799999999998,424185.430113444
"940",1.3899999999998,424184.830973601
"941",1.3999999999998,424184.231938224
"942",1.4099999999998,424183.633007116
"943",1.4199999999998,424183.034180074
"944",1.4299999999998,424182.435456898
"945",1.4399999999998,424181.836837382
"946",1.4499999999998,424181.238321318
"947",1.4599999999998,424180.639908496
"948",1.4699999999998,424180.041598704
"949",1.4799999999998,424179.443391728
"950",1.4899999999998,424178.845287349
"951",1.4999999999998,424178.247285348
"952",1.5099999999998,424177.649385504
"953",1.5199999999998,424177.051587592
"954",1.5299999999998,424176.453891385
"955",1.5399999999998,424175.856296653
"956",1.5499999999998,424175.258803166
"957",1.5599999999998,424174.661410689
"958",1.5699999999998,424174.064118987
"959",1.5799999999998,424173.466927819
"960",1.5899999999998,424172.869836946
"961",1.5999999999998,424172.272846123
"962",1.6099999999998,424171.675955105
"963",1.61999999999979,424171.079163644
"964",1.62999999999979,424170.482471489
"965",1.63999999999979,424169.885878387
"966",1.64999999999979,424169.289384083
"967",1.65999999999979,424168.692988319
"968",1.66999999999979,424168.096690835
"969",1.67999999999979,424167.500491368
"970",1.68999999999979,424166.904389655
"971",1.69999999999979,424166.308385428
"972",1.70999999999979,424165.712478417
"973",1.71999999999979,424165.116668352
"974",1.72999999999979,424164.520954956
"975",1.73999999999979,424163.925337956
"976",1.74999999999979,424163.329817071
"977",1.75999999999979,424162.73439202
"978",1.76999999999979,424162.13906252
"979",1.77999999999979,424161.543828286
"980",1.78999999999979,424160.948689029
"981",1.79999999999979,424160.353644459
"982",1.80999999999979,424159.758694283
"983",1.81999999999979,424159.16383829
"984",1.82999999999979,424158.569076437
"985",1.83999999999979,424157.974408761
"986",1.84999999999979,424157.379835301
"987",1.85999999999979,424156.785356091
"988",1.86999999999979,424156.190971166
"989",1.87999999999979,424155.59668056
"990",1.88999999999979,424155.002484302
"991",1.89999999999979,424154.408382424
"992",1.90999999999979,424153.814374954
"993",1.91999999999979,424153.220461919
"994",1.92999999999979,424152.626643345
"995",1.93999999999979,424152.032919257
"996",1.94999999999979,424151.439289677
"997",1.95999999999979,424150.845754627
"998",1.96999999999979,424150.252314128
"999",1.97999999999979,424149.658968197
"1000",1.98999999999979,424149.065716853
"1001",1.99999999999979,424148.472560111
"1002",2.00999999999979,424147.879497987
"1003",2.01999999999979,424147.286530492
"1004",2.02999999999979,424146.693657639
"1005",2.03999999999979,424146.100879439
"1006",2.04999999999979,424145.508195901
"1007",2.05999999999979,424144.915607031
"1008",2.06999999999979,424144.323112837
"1009",2.07999999999979,424143.730713322
"1010",2.08999999999978,424143.138408492
"1011",2.09999999999978,424142.546198347
"1012",2.10999999999978,424141.954082889
"1013",2.11999999999978,424141.362062117
"1014",2.12999999999978,424140.770136028
"1015",2.13999999999978,424140.17830462
"1016",2.14999999999978,424139.586567888
"1017",2.15999999999978,424138.994925825
"1018",2.16999999999978,424138.403378424
"1019",2.17999999999978,424137.811925677
"1020",2.18999999999978,424137.220567572
"1021",2.19999999999978,424136.629304099
"1022",2.20999999999978,424136.038135244
"1023",2.21999999999978,424135.447060993
"1024",2.22999999999978,424134.85608133
"1025",2.23999999999978,424134.265196239
"1026",2.24999999999978,424133.674405701
"1027",2.25999999999978,424133.083709696
"1028",2.26999999999978,424132.493108203
"1029",2.27999999999978,424131.902601199
"1030",2.28999999999978,424131.312188662
"1031",2.29999999999978,424130.721870565
"1032",2.30999999999978,424130.131646883
"1033",2.31999999999978,424129.541517587
"1034",2.32999999999978,424128.951482683
"1035",2.33999999999978,424128.361542245
"1036",2.34999999999978,424127.771696377
"1037",2.35999999999978,424127.181945185
"1038",2.36999999999978,424126.592288771
"1039",2.37999999999978,424126.002727236
"1040",2.38999999999978,424125.413260679
"1041",2.39999999999978,424124.823889197
"1042",2.40999999999978,424124.234612885
"1043",2.41999999999978,424123.645431837
"1044",2.42999999999978,424123.056346145
"1045",2.43999999999978,424122.467355898
"1046",2.44999999999978,424121.878461186
"1047",2.45999999999978,424121.289662093
"1048",2.46999999999978,424120.700958706
"1049",2.47999999999978,424120.112351106
"1050",2.48999999999978,424119.523839376
"1051",2.49999999999978,424118.935423594
"1052",2.50999999999978,424118.347103838
"1053",2.51999999999978,424117.758880184
"1054",2.52999999999978,424117.170752706
"1055",2.53999999999978,424116.582721477
"1056",2.54999999999978,424115.994786566
"1057",2.55999999999977,424115.406948042
"1058",2.56999999999977,424114.819205973
"1059",2.57999999999977,424114.231560425
"1060",2.58999999999977,424113.644011459
"1061",2.59999999999977,424113.056559139
"1062",2.60999999999977,424112.469203524
"1063",2.61999999999977,424111.881944673
"1064",2.62999999999977,424111.294782642
"1065",2.63999999999977,424110.707717486
"1066",2.64999999999977,424110.120749258
"1067",2.65999999999977,424109.533878009
"1068",2.66999999999977,424108.94710379
"1069",2.67999999999977,424108.360426647
"1070",2.68999999999977,424107.773846628
"1071",2.69999999999977,424107.187363776
"1072",2.70999999999977,424106.600978134
"1073",2.71999999999977,424106.014689744
"1074",2.72999999999977,424105.428498644
"1075",2.73999999999977,424104.842404872
"1076",2.74999999999977,424104.256408465
"1077",2.75999999999977,424103.670509455
"1078",2.76999999999977,424103.084707876
"1079",2.77999999999977,424102.499003758
"1080",2.78999999999977,424101.91339713
"1081",2.79999999999977,424101.32788802
"1082",2.80999999999977,424100.742476454
"1083",2.81999999999977,424100.157162454
"1084",2.82999999999977,424099.571946043
"1085",2.83999999999977,424098.986827243
"1086",2.84999999999977,424098.401806154
"1087",2.85999999999977,424097.816883041
"1088",2.86999999999977,424097.232058249
"1089",2.87999999999977,424096.647332117
"1090",2.88999999999977,424096.062704981
"1091",2.89999999999977,424095.478177172
"1092",2.90999999999977,424094.893749019
"1093",2.91999999999977,424094.309420845
"1094",2.92999999999977,424093.725192968
"1095",2.93999999999977,424093.141065704
"1096",2.94999999999977,424092.557039363
"1097",2.95999999999977,424091.973114254
"1098",2.96999999999977,424091.389290677
"1099",2.97999999999977,424090.805568933
"1100",2.98999999999977,424090.221949315
"1101",2.99999999999977,424089.638432115
"1102",3.00999999999977,424089.055017617
"1103",3.01999999999977,424088.471706106
"1104",3.02999999999976,424087.888497858
"1105",3.03999999999976,424087.305393148
"1106",3.04999999999976,424086.722392246
"1107",3.05999999999976,424086.139495419
"1108",3.06999999999976,424085.556702927
"1109",3.07999999999976,424084.974015029
"1110",3.08999999999976,424084.391431979
"1111",3.09999999999976,424083.808954026
"1112",3.10999999999976,424083.226581416
"1113",3.11999999999976,424082.644314391
"1114",3.12999999999976,424082.062153188
"1115",3.13999999999976,424081.480098042
"1116",3.14999999999976,424080.898149181
"1117",3.15999999999976,424080.316306831
"1118",3.16999999999976,424079.734571214
"1119",3.17999999999976,424079.152942548
"1120",3.18999999999976,424078.571421045
"1121",3.19999999999976,424077.990006916
"1122",3.20999999999976,424077.408700366
"1123",3.21999999999976,424076.827501596
"1124",3.22999999999976,424076.246410805
"1125",3.23999999999976,424075.665428185
"1126",3.24999999999976,424075.084553927
"1127",3.25999999999976,424074.503788216
"1128",3.26999999999976,424073.923131234
"1129",3.27999999999976,424073.342583158
"1130",3.28999999999976,424072.762144163
"1131",3.29999999999976,424072.181814418
"1132",3.30999999999976,424071.60159409
"1133",3.31999999999976,424071.021483339
"1134",3.32999999999976,424070.441482325
"1135",3.33999999999976,424069.861591201
"1136",3.34999999999976,424069.281810118
"1137",3.35999999999976,424068.702140679
"1138",3.36999999999976,424068.12258736
"1139",3.37999999999976,424067.543155991
"1140",3.38999999999976,424066.963852276
"1141",3.39999999999976,424066.384681797
"1142",3.40999999999976,424065.805650009
"1143",3.41999999999976,424065.226762244
"1144",3.42999999999976,424064.64802371
"1145",3.43999999999976,424064.06943949
"1146",3.44999999999976,424063.491014542
"1147",3.45999999999976,424062.912753699
"1148",3.46999999999976,424062.334661671
"1149",3.47999999999976,424061.756743041
"1150",3.48999999999976,424061.179002271
"1151",3.49999999999975,424060.601443696
"1152",3.50999999999975,424060.024071526
"1153",3.51999999999975,424059.44688985
"1154",3.52999999999975,424058.869902631
"1155",3.53999999999975,424058.293113707
"1156",3.54999999999975,424057.716526794
"1157",3.55999999999975,424057.140145485
"1158",3.56999999999975,424056.563973248
"1159",3.57999999999975,424055.988013428
"1160",3.58999999999975,424055.412269249
"1161",3.59999999999975,424054.83674381
"1162",3.60999999999975,424054.261440089
"1163",3.61999999999975,424053.686360942
"1164",3.62999999999975,424053.111509101
"1165",3.63999999999975,424052.53688718
"1166",3.64999999999975,424051.962497669
"1167",3.65999999999975,424051.388342937
"1168",3.66999999999975,424050.814425235
"1169",3.67999999999975,424050.24074669
"1170",3.68999999999975,424049.667309312
"1171",3.69999999999975,424049.094114991
"1172",3.70999999999975,424048.521165495
"1173",3.71999999999975,424047.948462477
"1174",3.72999999999975,424047.376007468
"1175",3.73999999999975,424046.803801884
"1176",3.74999999999975,424046.23184702
"1177",3.75999999999975,424045.660144057
"1178",3.76999999999975,424045.088694055
"1179",3.77999999999975,424044.517497961
"1180",3.78999999999975,424043.946556604
"1181",3.79999999999975,424043.375870698
"1182",3.80999999999975,424042.80544084
"1183",3.81999999999975,424042.235267513
"1184",3.82999999999975,424041.665351086
"1185",3.83999999999975,424041.095691814
"1186",3.84999999999975,424040.526289836
"1187",3.85999999999975,424039.957145179
"1188",3.86999999999975,424039.388257758
"1189",3.87999999999975,424038.819628522
"1190",3.88999999999975,424038.251260624
"1191",3.89999999999975,424037.683158309
"1192",3.90999999999975,424037.115325772
"1193",3.91999999999975,424036.547767161
"1194",3.92999999999975,424035.980486573
"1195",3.93999999999975,424035.413488062
"1196",3.94999999999975,424034.846775629
"1197",3.95999999999975,424034.280353229
"1198",3.96999999999974,424033.71422477
"1199",3.97999999999974,424033.148394109
"1200",3.98999999999974,424032.582865058
"1201",3.99999999999974,424032.017641377
"1202",4.00999999999974,424031.452726783
"1203",4.01999999999974,424030.888124939
"1204",4.02999999999974,424030.323839465
"1205",4.03999999999974,424029.759873931
"1206",4.04999999999974,424029.196231857
"1207",4.05999999999974,424028.632916718
"1208",4.06999999999974,424028.06993194
"1209",4.07999999999974,424027.507280902
"1210",4.08999999999974,424026.944966933
"1211",4.09999999999974,424026.382993315
"1212",4.10999999999974,424025.821363285
"1213",4.11999999999974,424025.260080029
"1214",4.12999999999974,424024.699146687
"1215",4.13999999999974,424024.138566352
"1216",4.14999999999974,424023.578342068
"1217",4.15999999999974,424023.018476834
"1218",4.16999999999974,424022.4589736
"1219",4.17999999999974,424021.89983527
"1220",4.18999999999974,424021.3410647
"1221",4.19999999999974,424020.782664701
"1222",4.20999999999974,424020.224638035
"1223",4.21999999999974,424019.66698742
"1224",4.22999999999974,424019.109715525
"1225",4.23999999999974,424018.552824975
"1226",4.24999999999974,424017.996318346
"1227",4.25999999999974,424017.440198171
"1228",4.26999999999974,424016.884466935
"1229",4.27999999999974,424016.329127078
"1230",4.28999999999974,424015.774180995
"1231",4.29999999999974,424015.219631033
"1232",4.30999999999974,424014.665479496
"1233",4.31999999999974,424014.111728643
"1234",4.32999999999974,424013.558380687
"1235",4.33999999999974,424013.005437795
"1236",4.34999999999974,424012.452902093
"1237",4.35999999999974,424011.900775658
"1238",4.36999999999974,424011.349060525
"1239",4.37999999999974,424010.797758686
"1240",4.38999999999974,424010.246869541
"1241",4.39999999999974,424009.696387481
"1242",4.40999999999974,424009.146304602
"1243",4.41999999999974,424008.596613313
"1244",4.42999999999974,424008.047306331
"1245",4.43999999999973,424007.498376682
"1246",4.44999999999973,424006.949817694
"1247",4.45999999999973,424006.401622999
"1248",4.46999999999973,424005.853786528
"1249",4.47999999999973,424005.306302511
"1250",4.48999999999973,424004.759165478
"1251",4.49999999999973,424004.212370249
"1252",4.50999999999973,424003.665911941
"1253",4.51999999999973,424003.119785962
"1254",4.52999999999973,424002.573988009
"1255",4.53999999999973,424002.028514069
"1256",4.54999999999973,424001.483360415
"1257",4.55999999999973,424000.938523607
"1258",4.56999999999973,424000.394000487
"1259",4.57999999999973,423999.849788182
"1260",4.58999999999973,423999.3058841
"1261",4.59999999999973,423998.762285927
"1262",4.60999999999973,423998.218991631
"1263",4.61999999999973,423997.675999456
"1264",4.62999999999973,423997.133307921
"1265",4.63999999999973,423996.590915823
"1266",4.64999999999973,423996.048822231
"1267",4.65999999999973,423995.507026488
"1268",4.66999999999973,423994.965528205
"1269",4.67999999999973,423994.424327268
"1270",4.68999999999973,423993.883423828
"1271",4.69999999999973,423993.342818308
"1272",4.70999999999973,423992.802511394
"1273",4.71999999999973,423992.262504039
"1274",4.72999999999973,423991.72279746
"1275",4.73999999999973,423991.183393139
"1276",4.74999999999973,423990.644292816
"1277",4.75999999999973,423990.105498497
"1278",4.76999999999973,423989.567012442
"1279",4.77999999999973,423989.028837172
"1280",4.78999999999973,423988.490975466
"1281",4.79999999999973,423987.953430355
"1282",4.80999999999973,423987.416205128
"1283",4.81999999999973,423986.879303325
"1284",4.82999999999973,423986.342728737
"1285",4.83999999999973,423985.806485406
"1286",4.84999999999973,423985.270577623
"1287",4.85999999999973,423984.735009924
"1288",4.86999999999973,423984.199787093
"1289",4.87999999999973,423983.664914157
"1290",4.88999999999973,423983.130396384
"1291",4.89999999999973,423982.596239285
"1292",4.90999999999972,423982.062445399
"1293",4.91999999999972,423981.529011038
"1294",4.92999999999972,423980.995929432
"1295",4.93999999999972,423980.463193915
"1296",4.94999999999972,423979.930797922
"1297",4.95999999999972,423979.398734992
"1298",4.96999999999972,423978.866998765
"1299",4.97999999999972,423978.335582979
"1300",4.98999999999972,423977.804481475
"1301",4.99999999999972,423977.273688187
"1302",5.00999999999972,423976.743197153
"1303",5.01999999999972,423976.213002505
"1304",5.02999999999972,423975.683098469
"1305",5.03999999999972,423975.15347937
"1306",5.04999999999972,423974.624139626
"1307",5.05999999999972,423974.09507375
"1308",5.06999999999972,423973.566276347
"1309",5.07999999999972,423973.037742116
"1310",5.08999999999972,423972.509465847
"1311",5.09999999999972,423971.981442422
"1312",5.10999999999972,423971.453666814
"1313",5.11999999999972,423970.926134085
"1314",5.12999999999972,423970.398839388
"1315",5.13999999999972,423969.871777965
"1316",5.14999999999972,423969.344945145
"1317",5.15999999999972,423968.818336348
"1318",5.16999999999972,423968.291947078
"1319",5.17999999999972,423967.765772928
"1320",5.18999999999972,423967.239809578
"1321",5.19999999999972,423966.714052792
"1322",5.20999999999972,423966.188498422
"1323",5.21999999999972,423965.663142403
"1324",5.22999999999972,423965.137980757
"1325",5.23999999999972,423964.613009588
"1326",5.24999999999972,423964.088225086
"1327",5.25999999999972,423963.563623523
"1328",5.26999999999972,423963.039201255
"1329",5.27999999999972,423962.51495472
"1330",5.28999999999972,423961.990880439
"1331",5.29999999999972,423961.466975015
"1332",5.30999999999972,423960.943235134
"1333",5.31999999999972,423960.419657561
"1334",5.32999999999972,423959.896239144
"1335",5.33999999999972,423959.37297681
"1336",5.34999999999972,423958.84986757
"1337",5.35999999999972,423958.326908511
"1338",5.36999999999972,423957.804096803
"1339",5.37999999999971,423957.281429694
"1340",5.38999999999971,423956.758904513
"1341",5.39999999999971,423956.236518667
"1342",5.40999999999971,423955.714269642
"1343",5.41999999999971,423955.192155078
"1344",5.42999999999971,423954.670172771
"1345",5.43999999999971,423954.148320504
"1346",5.44999999999971,423953.626595939
"1347",5.45999999999971,423953.104996611
"1348",5.46999999999971,423952.583519938
"1349",5.47999999999971,423952.062163213
"1350",5.48999999999971,423951.540923608
"1351",5.49999999999971,423951.019798173
"1352",5.50999999999971,423950.498783837
"1353",5.51999999999971,423949.977877407
"1354",5.52999999999971,423949.457075569
"1355",5.53999999999971,423948.936374888
"1356",5.54999999999971,423948.415771807
"1357",5.55999999999971,423947.895262648
"1358",5.56999999999971,423947.374843613
"1359",5.57999999999971,423946.854510781
"1360",5.58999999999971,423946.334260111
"1361",5.59999999999971,423945.81408744
"1362",5.60999999999971,423945.293988486
"1363",5.61999999999971,423944.773958843
"1364",5.62999999999971,423944.253993986
"1365",5.63999999999971,423943.734089265
"1366",5.64999999999971,423943.214239912
"1367",5.65999999999971,423942.694441036
"1368",5.66999999999971,423942.174687623
"1369",5.67999999999971,423941.654974538
"1370",5.68999999999971,423941.135296525
"1371",5.69999999999971,423940.615648201
"1372",5.70999999999971,423940.096024065
"1373",5.71999999999971,423939.57641849
"1374",5.72999999999971,423939.056825727
"1375",5.73999999999971,423938.5372399
"1376",5.74999999999971,423938.017655014
"1377",5.75999999999971,423937.498064945
"1378",5.76999999999971,423936.978463445
"1379",5.77999999999971,423936.458844142
"1380",5.78999999999971,423935.939200535
"1381",5.79999999999971,423935.419526
"1382",5.80999999999971,423934.899813783
"1383",5.81999999999971,423934.380057004
"1384",5.82999999999971,423933.860248654
"1385",5.8399999999997,423933.340381594
"1386",5.8499999999997,423932.820448557
"1387",5.8599999999997,423932.300442144
"1388",5.8699999999997,423931.780354827
"1389",5.8799999999997,423931.260178943
"1390",5.8899999999997,423930.739906699
"1391",5.8999999999997,423930.219530166
"1392",5.9099999999997,423929.699041281
"1393",5.9199999999997,423929.178431847
"1394",5.9299999999997,423928.657693529
"1395",5.9399999999997,423928.136819955
"1396",5.9499999999997,423927.615808847
"1397",5.9599999999997,423927.094659962
"1398",5.9699999999997,423926.573373
"1399",5.9799999999997,423926.051947609
"1400",5.9899999999997,423925.530383382
"1401",5.9999999999997,423925.008679859
"1402",6.0099999999997,423924.486836522
"1403",6.0199999999997,423923.964852803
"1404",6.0299999999997,423923.442728077
"1405",6.0399999999997,423922.920461662
"1406",6.0499999999997,423922.398052826
"1407",6.0599999999997,423921.875500778
"1408",6.0699999999997,423921.352804672
"1409",6.0799999999997,423920.829963609
"1410",6.0899999999997,423920.306976633
"1411",6.0999999999997,423919.783842732
"1412",6.1099999999997,423919.26056084
"1413",6.1199999999997,423918.737129833
"1414",6.1299999999997,423918.213548532
"1415",6.1399999999997,423917.689815703
"1416",6.1499999999997,423917.165930053
"1417",6.1599999999997,423916.641890235
"1418",6.1699999999997,423916.117694844
"1419",6.1799999999997,423915.59334242
"1420",6.1899999999997,423915.068831444
"1421",6.1999999999997,423914.544160341
"1422",6.2099999999997,423914.019327479
"1423",6.2199999999997,423913.494331168
"1424",6.2299999999997,423912.969169661
"1425",6.2399999999997,423912.443841153
"1426",6.2499999999997,423911.918343781
"1427",6.2599999999997,423911.392675624
"1428",6.2699999999997,423910.866834703
"1429",6.2799999999997,423910.34081898
"1430",6.2899999999997,423909.81462636
"1431",6.2999999999997,423909.288254686
"1432",6.30999999999969,423908.761701745
"1433",6.31999999999969,423908.234965263
"1434",6.32999999999969,423907.708042908
"1435",6.33999999999969,423907.180932286
"1436",6.34999999999969,423906.653630945
"1437",6.35999999999969,423906.126136373
"1438",6.36999999999969,423905.598445997
"1439",6.37999999999969,423905.070557182
"1440",6.38999999999969,423904.542467235
"1441",6.39999999999969,423904.0141734
"1442",6.40999999999969,423903.485672859
"1443",6.41999999999969,423902.956962734
"1444",6.42999999999969,423902.428040084
"1445",6.43999999999969,423901.898901907
"1446",6.44999999999969,423901.369546576
"1447",6.45999999999969,423900.839975274
"1448",6.46999999999969,423900.310190553
"1449",6.47999999999969,423899.780194888
"1450",6.48999999999969,423899.249990678
"1451",6.49999999999969,423898.719580249
"1452",6.50999999999969,423898.188965848
"1453",6.51999999999969,423897.65814965
"1454",6.52999999999969,423897.127133749
"1455",6.53999999999969,423896.595920167
"1456",6.54999999999969,423896.064510845
"1457",6.55999999999969,423895.532907648
"1458",6.56999999999969,423895.001112365
"1459",6.57999999999969,423894.469126705
"1460",6.58999999999969,423893.936952301
"1461",6.59999999999969,423893.404590705
"1462",6.60999999999969,423892.872043393
"1463",6.61999999999969,423892.33931176
"1464",6.62999999999969,423891.806397124
"1465",6.63999999999969,423891.273300723
"1466",6.64999999999969,423890.740023714
"1467",6.65999999999969,423890.206567175
"1468",6.66999999999969,423889.672932104
"1469",6.67999999999969,423889.13911942
"1470",6.68999999999969,423888.60512996
"1471",6.69999999999969,423888.070964479
"1472",6.70999999999969,423887.536623655
"1473",6.71999999999969,423887.002108081
"1474",6.72999999999969,423886.467418271
"1475",6.73999999999969,423885.932554655
"1476",6.74999999999969,423885.397517583
"1477",6.75999999999969,423884.862307323
"1478",6.76999999999969,423884.32692406
"1479",6.77999999999968,423883.791367897
"1480",6.78999999999968,423883.255638853
"1481",6.79999999999968,423882.719736866
"1482",6.80999999999968,423882.18366179
"1483",6.81999999999968,423881.647413396
"1484",6.82999999999968,423881.11099137
"1485",6.83999999999968,423880.574395315
"1486",6.84999999999968,423880.037624752
"1487",6.85999999999968,423879.500679116
"1488",6.86999999999968,423878.963557756
"1489",6.87999999999968,423878.426259939
"1490",6.88999999999968,423877.888784846
"1491",6.89999999999968,423877.351131573
"1492",6.90999999999968,423876.813299131
"1493",6.91999999999968,423876.275286444
"1494",6.92999999999968,423875.737092353
"1495",6.93999999999968,423875.19871561
"1496",6.94999999999968,423874.660154882
"1497",6.95999999999968,423874.12140875
"1498",6.96999999999968,423873.582476424
"1499",6.97999999999968,423873.043358501
"1500",6.98999999999968,423872.504056294
"1501",6.99999999999968,423871.964571137
"1502",7.00999999999968,423871.424904381
"1503",7.01999999999968,423870.885057399
"1504",7.02999999999968,423870.34503158
"1505",7.03999999999968,423869.804828334
"1506",7.04999999999968,423869.26444909
"1507",7.05999999999968,423868.723895295
"1508",7.06999999999968,423868.183168415
"1509",7.07999999999968,423867.642269938
"1510",7.08999999999968,423867.101201367
"1511",7.09999999999968,423866.559964228
"1512",7.10999999999968,423866.018560063
"1513",7.11999999999968,423865.476990436
"1514",7.12999999999968,423864.935256928
"1515",7.13999999999968,423864.393361141
"1516",7.14999999999968,423863.851304695
"1517",7.15999999999968,423863.309089231
"1518",7.16999999999968,423862.766716406
"1519",7.17999999999968,423862.2241879
"1520",7.18999999999968,423861.68150541
"1521",7.19999999999968,423861.138670653
"1522",7.20999999999968,423860.595685366
"1523",7.21999999999968,423860.052551305
"1524",7.22999999999968,423859.509270243
"1525",7.23999999999968,423858.965843976
"1526",7.24999999999967,423858.422274317
"1527",7.25999999999967,423857.8785631
"1528",7.26999999999967,423857.334712176
"1529",7.27999999999967,423856.790723417
"1530",7.28999999999967,423856.246598715
"1531",7.29999999999967,423855.702339979
"1532",7.30999999999967,423855.157949139
"1533",7.31999999999967,423854.613428145
"1534",7.32999999999967,423854.068778964
"1535",7.33999999999967,423853.524003584
"1536",7.34999999999967,423852.979104011
"1537",7.35999999999967,423852.434082273
"1538",7.36999999999967,423851.888940413
"1539",7.37999999999967,423851.343680497
"1540",7.38999999999967,423850.798304609
"1541",7.39999999999967,423850.252814852
"1542",7.40999999999967,423849.707213347
"1543",7.41999999999967,423849.161502236
"1544",7.42999999999967,423848.615683679
"1545",7.43999999999967,423848.069759857
"1546",7.44999999999967,423847.523732968
"1547",7.45999999999967,423846.977605229
"1548",7.46999999999967,423846.431378877
"1549",7.47999999999967,423845.885055617
"1550",7.48999999999967,423845.338636081
"1551",7.49999999999967,423844.792120391
"1552",7.50999999999967,423844.245508718
"1553",7.51999999999967,423843.698801282
"1554",7.52999999999967,423843.151998346
"1555",7.53999999999967,423842.605100227
"1556",7.54999999999967,423842.058107284
"1557",7.55999999999967,423841.511019929
"1558",7.56999999999967,423840.963838618
"1559",7.57999999999967,423840.416563857
"1560",7.58999999999967,423839.8691962
"1561",7.59999999999967,423839.321736249
"1562",7.60999999999967,423838.774184654
"1563",7.61999999999967,423838.226542114
"1564",7.62999999999967,423837.678809375
"1565",7.63999999999967,423837.130987232
"1566",7.64999999999967,423836.583076529
"1567",7.65999999999967,423836.035078158
"1568",7.66999999999967,423835.48699306
"1569",7.67999999999967,423834.938822225
"1570",7.68999999999967,423834.390566689
"1571",7.69999999999967,423833.842227541
"1572",7.70999999999967,423833.293805915
"1573",7.71999999999966,423832.745302995
"1574",7.72999999999966,423832.196720016
"1575",7.73999999999966,423831.648058258
"1576",7.74999999999966,423831.099319053
"1577",7.75999999999966,423830.55050378
"1578",7.76999999999966,423830.001613869
"1579",7.77999999999966,423829.452650797
"1580",7.78999999999966,423828.903616091
"1581",7.79999999999966,423828.354511328
"1582",7.80999999999966,423827.805338131
"1583",7.81999999999966,423827.256098177
"1584",7.82999999999966,423826.706793187
"1585",7.83999999999966,423826.157424935
"1586",7.84999999999966,423825.607995243
"1587",7.85999999999966,423825.05850598
"1588",7.86999999999966,423824.508959067
"1589",7.87999999999966,423823.959356473
"1590",7.88999999999966,423823.409700217
"1591",7.89999999999966,423822.859992365
"1592",7.90999999999966,423822.310235036
"1593",7.91999999999966,423821.760430394
"1594",7.92999999999966,423821.210580654
"1595",7.93999999999966,423820.66068808
"1596",7.94999999999966,423820.110754987
"1597",7.95999999999966,423819.560783734
"1598",7.96999999999966,423819.010776735
"1599",7.97999999999966,423818.460736448
"1600",7.98999999999966,423817.910665384
"1601",7.99999999999966,423817.360565471
"1602",8.00999999999966,423816.810437415
"1603",8.01999999999966,423816.260281307
"1604",8.02999999999966,423815.710097245
"1605",8.03999999999966,423815.159885332
"1606",8.04999999999966,423814.609645678
"1607",8.05999999999966,423814.0593784
"1608",8.06999999999966,423813.509083621
"1609",8.07999999999966,423812.958761469
"1610",8.08999999999966,423812.40841208
"1611",8.09999999999966,423811.858035596
"1612",8.10999999999966,423811.307632166
"1613",8.11999999999966,423810.757201944
"1614",8.12999999999965,423810.206745091
"1615",8.13999999999966,423809.656261776
"1616",8.14999999999966,423809.105752171
"1617",8.15999999999966,423808.555216457
"1618",8.16999999999965,423808.004654822
"1619",8.17999999999966,423807.454067457
"1620",8.18999999999966,423806.903454564
"1621",8.19999999999965,423806.352816347
"1622",8.20999999999965,423805.80215302
"1623",8.21999999999965,423805.2514648
"1624",8.22999999999966,423804.700751914
"1625",8.23999999999965,423804.150014592
"1626",8.24999999999965,423803.599253074
"1627",8.25999999999965,423803.048467603
"1628",8.26999999999965,423802.497658431
"1629",8.27999999999965,423801.946825814
"1630",8.28999999999965,423801.395970017
"1631",8.29999999999965,423800.84509131
"1632",8.30999999999965,423800.29418997
"1633",8.31999999999965,423799.743266279
"1634",8.32999999999965,423799.192320527
"1635",8.33999999999965,423798.64135301
"1636",8.34999999999965,423798.090364031
"1637",8.35999999999965,423797.539353898
"1638",8.36999999999965,423796.988322927
"1639",8.37999999999965,423796.437271439
"1640",8.38999999999965,423795.886199763
"1641",8.39999999999965,423795.335108232
"1642",8.40999999999965,423794.783997189
"1643",8.41999999999965,423794.23286698
"1644",8.42999999999965,423793.681717959
"1645",8.43999999999965,423793.130550487
"1646",8.44999999999965,423792.579364931
"1647",8.45999999999965,423792.028161663
"1648",8.46999999999965,423791.476941064
"1649",8.47999999999965,423790.92570352
"1650",8.48999999999965,423790.374449423
"1651",8.49999999999965,423789.823179172
"1652",8.50999999999965,423789.2718931
"1653",8.51999999999965,423788.720591399
"1654",8.52999999999965,423788.169274189
"1655",8.53999999999965,423787.617941586
"1656",8.54999999999965,423787.066593707
"1657",8.55999999999965,423786.515230665
"1658",8.56999999999965,423785.963852572
"1659",8.57999999999965,423785.412459537
"1660",8.58999999999965,423784.861051669
"1661",8.59999999999965,423784.309629074
"1662",8.60999999999964,423783.758191857
"1663",8.61999999999965,423783.20674012
"1664",8.62999999999965,423782.655273963
"1665",8.63999999999965,423782.103793487
"1666",8.64999999999964,423781.552298787
"1667",8.65999999999964,423781.00078996
"1668",8.66999999999965,423780.449267098
"1669",8.67999999999964,423779.897730292
"1670",8.68999999999964,423779.346179634
"1671",8.69999999999964,423778.79461521
"1672",8.70999999999965,423778.243037106
"1673",8.71999999999964,423777.691445406
"1674",8.72999999999964,423777.139840194
"1675",8.73999999999964,423776.588221548
"1676",8.74999999999964,423776.036589548
"1677",8.75999999999964,423775.484944271
"1678",8.76999999999964,423774.93328579
"1679",8.77999999999964,423774.381614181
"1680",8.78999999999964,423773.829929512
"1681",8.79999999999964,423773.278231854
"1682",8.80999999999964,423772.726521274
"1683",8.81999999999964,423772.174797838
"1684",8.82999999999964,423771.62306161
"1685",8.83999999999964,423771.071312651
"1686",8.84999999999964,423770.519551021
"1687",8.85999999999964,423769.967776779
"1688",8.86999999999964,423769.41598998
"1689",8.87999999999964,423768.86419068
"1690",8.88999999999964,423768.31237893
"1691",8.89999999999964,423767.760554783
"1692",8.90999999999964,423767.208718285
"1693",8.91999999999964,423766.656869486
"1694",8.92999999999964,423766.105008429
"1695",8.93999999999964,423765.553135158
"1696",8.94999999999964,423765.001249714
"1697",8.95999999999964,423764.449352137
"1698",8.96999999999964,423763.897442465
"1699",8.97999999999964,423763.345520734
"1700",8.98999999999964,423762.793586978
"1701",8.99999999999964,423762.241641228
"1702",9.00999999999964,423761.689683515
"1703",9.01999999999964,423761.137713867
"1704",9.02999999999964,423760.58573228
"1705",9.03999999999964,423760.033738686
"1706",9.04999999999963,423759.481732987
"1707",9.05999999999964,423758.929715092
"1708",9.06999999999964,423758.37768491
"1709",9.07999999999964,423757.825642359
"1710",9.08999999999963,423757.273587355
"1711",9.09999999999964,423756.721519823
"1712",9.10999999999964,423756.169439688
"1713",9.11999999999964,423755.617346882
"1714",9.12999999999963,423755.06524134
"1715",9.13999999999963,423754.513122998
"1716",9.14999999999964,423753.960991801
"1717",9.15999999999963,423753.408847694
"1718",9.16999999999963,423752.856690627
"1719",9.17999999999963,423752.304520554
"1720",9.18999999999964,423751.752337433
"1721",9.19999999999963,423751.200141227
"1722",9.20999999999963,423750.6479319
"1723",9.21999999999963,423750.095709423
"1724",9.22999999999963,423749.543473769
"1725",9.23999999999963,423748.991224915
"1726",9.24999999999963,423748.438962843
"1727",9.25999999999963,423747.886687538
"1728",9.26999999999963,423747.334398989
"1729",9.27999999999963,423746.78209719
"1730",9.28999999999963,423746.229782137
"1731",9.29999999999963,423745.677453831
"1732",9.30999999999963,423745.125112277
"1733",9.31999999999963,423744.572757484
"1734",9.32999999999963,423744.020389465
"1735",9.33999999999963,423743.468008235
"1736",9.34999999999963,423742.915613815
"1737",9.35999999999963,423742.36320623
"1738",9.36999999999963,423741.810785509
"1739",9.37999999999963,423741.258351682
"1740",9.38999999999963,423740.705904787
"1741",9.39999999999963,423740.153444863
"1742",9.40999999999963,423739.600971954
"1743",9.41999999999963,423739.048486109
"1744",9.42999999999963,423738.495987378
"1745",9.43999999999963,423737.943475818
"1746",9.44999999999963,423737.390951489
"1747",9.45999999999963,423736.838414453
"1748",9.46999999999963,423736.285864778
"1749",9.47999999999963,423735.733302537
"1750",9.48999999999963,423735.180727803
"1751",9.49999999999963,423734.628140656
"1752",9.50999999999963,423734.07554118
"1753",9.51999999999963,423733.522929461
"1754",9.52999999999962,423732.97030559
"1755",9.53999999999963,423732.417669663
"1756",9.54999999999963,423731.865021763
"1757",9.55999999999963,423731.312361945
"1758",9.56999999999962,423730.759690248
"1759",9.57999999999963,423730.207006711
"1760",9.58999999999963,423729.654311373
"1761",9.59999999999962,423729.101604271
"1762",9.60999999999962,423728.548885441
"1763",9.61999999999962,423727.996154922
"1764",9.62999999999963,423727.443412747
"1765",9.63999999999962,423726.890658952
"1766",9.64999999999962,423726.337893571
"1767",9.65999999999962,423725.785116638
"1768",9.66999999999963,423725.232328186
"1769",9.67999999999962,423724.679528247
"1770",9.68999999999962,423724.126716853
"1771",9.69999999999962,423723.573894034
"1772",9.70999999999962,423723.021059822
"1773",9.71999999999962,423722.468214245
"1774",9.72999999999962,423721.915357332
"1775",9.73999999999962,423721.362489113
"1776",9.74999999999962,423720.809609614
"1777",9.75999999999962,423720.256718862
"1778",9.76999999999962,423719.703816884
"1779",9.77999999999962,423719.150903706
"1780",9.78999999999962,423718.597979353
"1781",9.79999999999962,423718.045043848
"1782",9.80999999999962,423717.492097215
"1783",9.81999999999962,423716.939139478
"1784",9.82999999999962,423716.386170659
"1785",9.83999999999962,423715.833190779
"1786",9.84999999999962,423715.28019986
"1787",9.85999999999962,423714.727197921
"1788",9.86999999999962,423714.174184982
"1789",9.87999999999962,423713.621161064
"1790",9.88999999999962,423713.068126182
"1791",9.89999999999962,423712.515080357
"1792",9.90999999999962,423711.962023603
"1793",9.91999999999962,423711.408955938
"1794",9.92999999999962,423710.855877378
"1795",9.93999999999962,423710.302787937
"1796",9.94999999999962,423709.749687629
"1797",9.95999999999962,423709.196576469
"1798",9.96999999999962,423708.64345447
"1799",9.97999999999962,423708.090321642
"1800",9.98999999999962,423707.537178
"1801",9.99999999999962,423706.984023552
"1802",10.0099999999996,423706.43085831
"1803",10.0199999999996,423705.877682284
"1804",10.0299999999996,423705.324495482
"1805",10.0399999999996,423704.771297912
"1806",10.0499999999996,423704.218089583
"1807",10.0599999999996,423703.6648705
"1808",10.0699999999996,423703.111640683
"1809",10.0799999999996,423702.558400167
"1810",10.0899999999996,423702.005149001
"1811",10.0999999999996,423701.451887226
"1812",10.1099999999996,423700.898614886
"1813",10.1199999999996,423700.345332017
"1814",10.1299999999996,423699.792038656
"1815",10.1399999999996,423699.238734837
"1816",10.1499999999996,423698.685420589
"1817",10.1599999999996,423698.132095941
"1818",10.1699999999996,423697.578760917
"1819",10.1799999999996,423697.025415541
"1820",10.1899999999996,423696.472059831
"1821",10.1999999999996,423695.918693807
"1822",10.2099999999996,423695.365317482
"1823",10.2199999999996,423694.811930867
"1824",10.2299999999996,423694.258533974
"1825",10.2399999999996,423693.705126807
"1826",10.2499999999996,423693.151709371
"1827",10.2599999999996,423692.598281669
"1828",10.2699999999996,423692.044843697
"1829",10.2799999999996,423691.491395453
"1830",10.2899999999996,423690.937936929
"1831",10.2999999999996,423690.384468117
"1832",10.3099999999996,423689.830989004
"1833",10.3199999999996,423689.277499577
"1834",10.3299999999996,423688.723999817
"1835",10.3399999999996,423688.170489705
"1836",10.3499999999996,423687.616969219
"1837",10.3599999999996,423687.063438333
"1838",10.3699999999996,423686.509897019
"1839",10.3799999999996,423685.956345247
"1840",10.3899999999996,423685.402782983
"1841",10.3999999999996,423684.849210193
"1842",10.4099999999996,423684.295626837
"1843",10.4199999999996,423683.742032874
"1844",10.4299999999996,423683.18842826
"1845",10.4399999999996,423682.63481295
"1846",10.4499999999996,423682.081186894
"1847",10.4599999999996,423681.527550039
"1848",10.4699999999996,423680.973902332
"1849",10.4799999999996,423680.420243716
"1850",10.4899999999996,423679.866574131
"1851",10.4999999999996,423679.312893514
"1852",10.5099999999996,423678.7592018
"1853",10.5199999999996,423678.205498921
"1854",10.5299999999996,423677.651784808
"1855",10.5399999999996,423677.098059387
"1856",10.5499999999996,423676.544322582
"1857",10.5599999999996,423675.990574314
"1858",10.5699999999996,423675.436814503
"1859",10.5799999999996,423674.883043058
"1860",10.5899999999996,423674.329259869
"1861",10.5999999999996,423673.775464824
"1862",10.6099999999996,423673.221657817
"1863",10.6199999999996,423672.667838743
"1864",10.6299999999996,423672.114007504
"1865",10.6399999999996,423671.560164008
"1866",10.6499999999996,423671.006308165
"1867",10.6599999999996,423670.452439892
"1868",10.6699999999996,423669.898559108
"1869",10.6799999999996,423669.344665741
"1870",10.6899999999996,423668.79075972
"1871",10.6999999999996,423668.236840981
"1872",10.7099999999996,423667.682909463
"1873",10.7199999999996,423667.128965111
"1874",10.7299999999996,423666.575007875
"1875",10.7399999999996,423666.021037709
"1876",10.7499999999996,423665.467054571
"1877",10.7599999999996,423664.913058426
"1878",10.7699999999996,423664.359049242
"1879",10.7799999999996,423663.805026992
"1880",10.7899999999996,423663.250991655
"1881",10.7999999999996,423662.696943213
"1882",10.8099999999996,423662.142881655
"1883",10.8199999999996,423661.588806972
"1884",10.8299999999996,423661.034719162
"1885",10.8399999999996,423660.480618226
"1886",10.8499999999996,423659.926504172
"1887",10.8599999999996,423659.372377011
"1888",10.8699999999996,423658.818236759
"1889",10.8799999999996,423658.264083437
"1890",10.8899999999996,423657.709917072
"1891",10.8999999999996,423657.155737695
"1892",10.9099999999996,423656.601545339
"1893",10.9199999999996,423656.047340047
"1894",10.9299999999996,423655.493121862
"1895",10.9399999999996,423654.938890835
"1896",10.9499999999996,423654.384647021
"1897",10.9599999999996,423653.830390478
"1898",10.9699999999996,423653.276121271
"1899",10.9799999999996,423652.721839469
"1900",10.9899999999996,423652.167545146
"1901",10.9999999999996,423651.61323838
"1902",11.0099999999996,423651.058919256
"1903",11.0199999999996,423650.504587859
"1904",11.0299999999996,423649.950244285
"1905",11.0399999999996,423649.395888631
"1906",11.0499999999996,423648.841520999
"1907",11.0599999999996,423648.287141496
"1908",11.0699999999996,423647.732750236
"1909",11.0799999999996,423647.178347334
"1910",11.0899999999996,423646.623932912
"1911",11.0999999999996,423646.06950709
"1912",11.1099999999996,423645.515069973
"1913",11.1199999999996,423644.960621656
"1914",11.1299999999996,423644.40616223
"1915",11.1399999999996,423643.851691781
"1916",11.1499999999996,423643.297210392
"1917",11.1599999999996,423642.742718142
"1918",11.1699999999996,423642.188215104
"1919",11.1799999999996,423641.633701349
"1920",11.1899999999996,423641.079176942
"1921",11.1999999999996,423640.524641945
"1922",11.2099999999996,423639.970096416
"1923",11.2199999999996,423639.415540408
"1924",11.2299999999996,423638.860973969
"1925",11.2399999999996,423638.306397145
"1926",11.2499999999996,423637.751809977
"1927",11.2599999999996,423637.197212501
"1928",11.2699999999996,423636.64260475
"1929",11.2799999999996,423636.087986751
"1930",11.2899999999996,423635.533358529
"1931",11.2999999999996,423634.978720104
"1932",11.3099999999996,423634.42407149
"1933",11.3199999999996,423633.869412701
"1934",11.3299999999996,423633.314743742
"1935",11.3399999999996,423632.760064617
"1936",11.3499999999996,423632.205375325
"1937",11.3599999999996,423631.650675861
"1938",11.3699999999996,423631.095966214
"1939",11.3799999999996,423630.541246372
"1940",11.3899999999996,423629.986516317
"1941",11.3999999999996,423629.431776025
"1942",11.4099999999996,423628.877025472
"1943",11.4199999999996,423628.322264627
"1944",11.4299999999996,423627.767493455
"1945",11.4399999999996,423627.212711917
"1946",11.4499999999996,423626.65791997
"1947",11.4599999999996,423626.103117568
"1948",11.4699999999996,423625.548304657
"1949",11.4799999999996,423624.993481184
"1950",11.4899999999996,423624.438647088
"1951",11.4999999999996,423623.883802305
"1952",11.5099999999996,423623.328946767
"1953",11.5199999999996,423622.774080401
"1954",11.5299999999996,423622.219203131
"1955",11.5399999999996,423621.664314876
"1956",11.5499999999996,423621.109415552
"1957",11.5599999999996,423620.554505068
"1958",11.5699999999996,423619.999583331
"1959",11.5799999999996,423619.444650244
"1960",11.5899999999996,423618.889705705
"1961",11.5999999999996,423618.334749608
"1962",11.6099999999996,423617.779781854
"1963",11.6199999999996,423617.224802363
"1964",11.6299999999996,423616.669811069
"1965",11.6399999999996,423616.114807904
"1966",11.6499999999996,423615.559792805
"1967",11.6599999999996,423615.004765708
"1968",11.6699999999996,423614.449726553
"1969",11.6799999999996,423613.89467528
"1970",11.6899999999996,423613.33961183
"1971",11.6999999999996,423612.784536147
"1972",11.7099999999996,423612.229448176
"1973",11.7199999999996,423611.674347863
"1974",11.7299999999996,423611.119235156
"1975",11.7399999999996,423610.564110006
"1976",11.7499999999996,423610.008972363
"1977",11.7599999999996,423609.45382218
"1978",11.7699999999996,423608.898659411
"1979",11.7799999999996,423608.343484012
"1980",11.7899999999996,423607.788295942
"1981",11.7999999999996,423607.233095158
"1982",11.8099999999996,423606.677881621
"1983",11.8199999999996,423606.122655294
"1984",11.8299999999996,423605.567416141
"1985",11.8399999999996,423605.012164125
"1986",11.8499999999996,423604.456899216
"1987",11.8599999999996,423603.90162138
"1988",11.8699999999996,423603.346330588
"1989",11.8799999999996,423602.791026811
"1990",11.8899999999996,423602.235710023
"1991",11.8999999999996,423601.680380198
"1992",11.9099999999996,423601.125037313
"1993",11.9199999999996,423600.569681345
"1994",11.9299999999996,423600.014312274
"1995",11.9399999999996,423599.45893008
"1996",11.9499999999996,423598.903534747
"1997",11.9599999999996,423598.348126258
"1998",11.9699999999996,423597.792704599
"1999",11.9799999999996,423597.237269758
"2000",11.9899999999996,423596.681821722
"2001",11.9999999999996,423596.126360484
"2002",12.0099999999996,423595.570886034
"2003",12.0199999999996,423595.015398366
"2004",12.0299999999996,423594.459897475
"2005",12.0399999999996,423593.904383358
"2006",12.0499999999996,423593.348856013
"2007",12.0599999999996,423592.79331544
"2008",12.0699999999996,423592.23776164
"2009",12.0799999999996,423591.682194617
"2010",12.0899999999996,423591.126614375
"2011",12.0999999999996,423590.571020919
"2012",12.1099999999996,423590.015414259
"2013",12.1199999999996,423589.459794402
"2014",12.1299999999996,423588.904161357
"2015",12.1399999999996,423588.348515125
"2016",12.1499999999996,423587.792855706
"2017",12.1599999999996,423587.237183099
"2018",12.1699999999996,423586.681497306
"2019",12.1799999999996,423586.125798328
"2020",12.1899999999996,423585.570086167
"2021",12.1999999999996,423585.014360826
"2022",12.2099999999996,423584.458622309
"2023",12.2199999999996,423583.90287062
"2024",12.2299999999996,423583.347105764
"2025",12.2399999999996,423582.791327746
"2026",12.2499999999996,423582.235536575
"2027",12.2599999999996,423581.679732256
"2028",12.2699999999996,423581.123914797
"2029",12.2799999999996,423580.568084208
"2030",12.2899999999996,423580.012240497
"2031",12.2999999999996,423579.456383675
"2032",12.3099999999996,423578.900513753
"2033",12.3199999999996,423578.344630742
"2034",12.3299999999996,423577.788734654
"2035",12.3399999999996,423577.232825503
"2036",12.3499999999996,423576.676903302
"2037",12.3599999999996,423576.120968065
"2038",12.3699999999996,423575.565019808
"2039",12.3799999999996,423575.009058546
"2040",12.3899999999996,423574.453084296
"2041",12.3999999999996,423573.897097076
"2042",12.4099999999996,423573.341096903
"2043",12.4199999999996,423572.785083796
"2044",12.4299999999996,423572.229057775
"2045",12.4399999999996,423571.67301886
"2046",12.4499999999996,423571.116967072
"2047",12.4599999999996,423570.560902431
"2048",12.4699999999996,423570.004824962
"2049",12.4799999999996,423569.448734686
"2050",12.4899999999996,423568.892631628
"2051",12.4999999999996,423568.336515812
"2052",12.5099999999996,423567.780387263
"2053",12.5199999999996,423567.224246008
"2054",12.5299999999996,423566.668092072
"2055",12.5399999999996,423566.111925484
"2056",12.5499999999996,423565.555746271
"2057",12.5599999999996,423564.999554463
"2058",12.5699999999996,423564.443350088
"2059",12.5799999999996,423563.887133178
"2060",12.5899999999996,423563.330903763
"2061",12.5999999999996,423562.774661875
"2062",12.6099999999996,423562.218407547
"2063",12.6199999999996,423561.662140811
"2064",12.6299999999996,423561.105861701
"2065",12.6399999999996,423560.549570242
"2066",12.6499999999996,423559.993266433
"2067",12.6599999999996,423559.436950263
"2068",12.6699999999996,423558.880621719
"2069",12.6799999999996,423558.324280787
"2070",12.6899999999996,423557.767927452
"2071",12.6999999999996,423557.211561696
"2072",12.7099999999996,423556.655183503
"2073",12.7199999999996,423556.098792851
"2074",12.7299999999996,423555.542389722
"2075",12.7399999999996,423554.985974092
"2076",12.7499999999996,423554.429545939
"2077",12.7599999999996,423553.873105238
"2078",12.7699999999996,423553.316651963
"2079",12.7799999999996,423552.760186087
"2080",12.7899999999996,423552.203707581
"2081",12.7999999999996,423551.647216416
"2082",12.8099999999996,423551.090712562
"2083",12.8199999999996,423550.534195984
"2084",12.8299999999996,423549.977666651
"2085",12.8399999999996,423549.421124526
"2086",12.8499999999996,423548.864569574
"2087",12.8599999999996,423548.308001757
"2088",12.8699999999996,423547.751421036
"2089",12.8799999999996,423547.194827371
"2090",12.8899999999996,423546.638220721
"2091",12.8999999999996,423546.081601042
"2092",12.9099999999996,423545.524968292
"2093",12.9199999999996,423544.968322424
"2094",12.9299999999996,423544.411663391
"2095",12.9399999999996,423543.854991146
"2096",12.9499999999996,423543.29830564
"2097",12.9599999999996,423542.741606821
"2098",12.9699999999996,423542.184894639
"2099",12.9799999999996,423541.628169039
"2100",12.9899999999996,423541.071429968
"2101",12.9999999999996,423540.514677369
"2102",13.0099999999996,423539.957911185
"2103",13.0199999999996,423539.401131359
"2104",13.0299999999996,423538.84433783
"2105",13.0399999999996,423538.287530536
"2106",13.0499999999995,423537.730709417
"2107",13.0599999999996,423537.173874408
"2108",13.0699999999996,423536.617025444
"2109",13.0799999999996,423536.06016246
"2110",13.0899999999995,423535.503285387
"2111",13.0999999999996,423534.946394156
"2112",13.1099999999996,423534.389488698
"2113",13.1199999999995,423533.83256894
"2114",13.1299999999995,423533.275634811
"2115",13.1399999999995,423532.718686236
"2116",13.1499999999996,423532.161723139
"2117",13.1599999999995,423531.604745458
"2118",13.1699999999995,423531.04775316
"2119",13.1799999999995,423530.490746224
"2120",13.1899999999996,423529.933724634
"2121",13.1999999999995,423529.376688371
"2122",13.2099999999995,423528.819637421
"2123",13.2199999999995,423528.262571767
"2124",13.2299999999995,423527.705491395
"2125",13.2399999999995,423527.148396293
"2126",13.2499999999995,423526.591286449
"2127",13.2599999999995,423526.03416185
"2128",13.2699999999995,423525.477022488
"2129",13.2799999999995,423524.919868353
"2130",13.2899999999995,423524.362699437
"2131",13.2999999999995,423523.805515732
"2132",13.3099999999995,423523.248317233
"2133",13.3199999999995,423522.691103935
"2134",13.3299999999995,423522.133875833
"2135",13.3399999999995,423521.576632924
"2136",13.3499999999995,423521.019375206
"2137",13.3599999999995,423520.462102678
"2138",13.3699999999995,423519.904815339
"2139",13.3799999999995,423519.347513191
"2140",13.3899999999995,423518.790196236
"2141",13.3999999999995,423518.232864476
"2142",13.4099999999995,423517.675517914
"2143",13.4199999999995,423517.118156557
"2144",13.4299999999995,423516.56078041
"2145",13.4399999999995,423516.003389479
"2146",13.4499999999995,423515.445983772
"2147",13.4599999999995,423514.888563299
"2148",13.4699999999995,423514.331128068
"2149",13.4799999999995,423513.773678092
"2150",13.4899999999995,423513.216213381
"2151",13.4999999999995,423512.658733949
"2152",13.5099999999995,423512.10123981
"2153",13.5199999999995,423511.543730977
"2154",13.5299999999995,423510.986207468
"2155",13.5399999999995,423510.428669298
"2156",13.5499999999995,423509.871116487
"2157",13.5599999999995,423509.313549052
"2158",13.5699999999995,423508.755967013
"2159",13.5799999999995,423508.198370391
"2160",13.5899999999995,423507.640759209
"2161",13.5999999999995,423507.083133489
"2162",13.6099999999995,423506.525493254
"2163",13.6199999999995,423505.96783853
"2164",13.6299999999995,423505.410169343
"2165",13.6399999999995,423504.852485719
"2166",13.6499999999995,423504.294787686
"2167",13.6599999999995,423503.737075273
"2168",13.6699999999995,423503.179348499
"2169",13.6799999999995,423502.621607362
"2170",13.6899999999995,423502.063851846
"2171",13.6999999999995,423501.506081938
"2172",13.7099999999995,423500.948297622
"2173",13.7199999999995,423500.390498883
"2174",13.7299999999995,423499.832685703
"2175",13.7399999999995,423499.274858066
"2176",13.7499999999995,423498.717015954
"2177",13.7599999999995,423498.159159349
"2178",13.7699999999995,423497.601288233
"2179",13.7799999999995,423497.043402586
"2180",13.7899999999995,423496.485502389
"2181",13.7999999999995,423495.92758762
"2182",13.8099999999995,423495.369658258
"2183",13.8199999999995,423494.811714283
"2184",13.8299999999995,423494.253755672
"2185",13.8399999999995,423493.695782402
"2186",13.8499999999995,423493.13779445
"2187",13.8599999999995,423492.579791792
"2188",13.8699999999995,423492.021774403
"2189",13.8799999999995,423491.463742258
"2190",13.8899999999995,423490.905695333
"2191",13.8999999999995,423490.347633599
"2192",13.9099999999995,423489.789557031
"2193",13.9199999999995,423489.231465602
"2194",13.9299999999995,423488.673359282
"2195",13.9399999999995,423488.115238044
"2196",13.9499999999995,423487.557101859
"2197",13.9599999999995,423486.998950696
"2198",13.9699999999995,423486.440784526
"2199",13.9799999999995,423485.882603318
"2200",13.9899999999995,423485.32440704
"2201",13.9999999999995,423484.76619566
"2202",14.0099999999995,423484.207969145
"2203",14.0199999999995,423483.649727463
"2204",14.0299999999995,423483.09147058
"2205",14.0399999999995,423482.53319846
"2206",14.0499999999995,423481.97491107
"2207",14.0599999999995,423481.416608374
"2208",14.0699999999995,423480.858290335
"2209",14.0799999999995,423480.299956917
"2210",14.0899999999995,423479.741608083
"2211",14.0999999999995,423479.183243794
"2212",14.1099999999995,423478.624864013
"2213",14.1199999999995,423478.066468701
"2214",14.1299999999995,423477.508057817
"2215",14.1399999999995,423476.949631322
"2216",14.1499999999995,423476.391189174
"2217",14.1599999999995,423475.832731334
"2218",14.1699999999995,423475.274257758
"2219",14.1799999999995,423474.715768404
"2220",14.1899999999995,423474.157263233
"2221",14.1999999999995,423473.598742218
"2222",14.2099999999995,423473.040205332
"2223",14.2199999999995,423472.481652552
"2224",14.2299999999995,423471.923083854
"2225",14.2399999999995,423471.364499216
"2226",14.2499999999995,423470.805898613
"2227",14.2599999999995,423470.247282024
"2228",14.2699999999995,423469.688649427
"2229",14.2799999999995,423469.130000799
"2230",14.2899999999995,423468.57133612
"2231",14.2999999999995,423468.012655367
"2232",14.3099999999995,423467.453958522
"2233",14.3199999999995,423466.895245562
"2234",14.3299999999995,423466.336516469
"2235",14.3399999999995,423465.777771223
"2236",14.3499999999995,423465.219009805
"2237",14.3599999999995,423464.660232196
"2238",14.3699999999995,423464.101438377
"2239",14.3799999999995,423463.542628331
"2240",14.3899999999995,423462.98380204
"2241",14.3999999999995,423462.424959487
"2242",14.4099999999995,423461.866100655
"2243",14.4199999999995,423461.307225527
"2244",14.4299999999995,423460.748334087
"2245",14.4399999999995,423460.18942632
"2246",14.4499999999995,423459.63050221
"2247",14.4599999999995,423459.071561742
"2248",14.4699999999995,423458.512604901
"2249",14.4799999999995,423457.953631674
"2250",14.4899999999995,423457.394642047
"2251",14.4999999999995,423456.835636005
"2252",14.5099999999995,423456.276613536
"2253",14.5199999999995,423455.717574628
"2254",14.5299999999995,423455.158519267
"2255",14.5399999999995,423454.599447442
"2256",14.5499999999995,423454.040359142
"2257",14.5599999999995,423453.481254354
"2258",14.5699999999995,423452.922133069
"2259",14.5799999999995,423452.362995276
"2260",14.5899999999995,423451.803840964
"2261",14.5999999999995,423451.244670125
"2262",14.6099999999995,423450.685482748
"2263",14.6199999999995,423450.126278825
"2264",14.6299999999995,423449.567058348
"2265",14.6399999999995,423449.007821307
"2266",14.6499999999995,423448.448567696
"2267",14.6599999999995,423447.889297507
"2268",14.6699999999995,423447.330010733
"2269",14.6799999999995,423446.770707367
"2270",14.6899999999995,423446.211387403
"2271",14.6999999999995,423445.652050834
"2272",14.7099999999995,423445.09269765
"2273",14.7199999999995,423444.533327842
"2274",14.7299999999995,423443.973941397
"2275",14.7399999999995,423443.414538305
"2276",14.7499999999995,423442.855118554
"2277",14.7599999999995,423442.295682132
"2278",14.7699999999995,423441.736229026
"2279",14.7799999999995,423441.176759223
"2280",14.7899999999995,423440.61727271
"2281",14.7999999999995,423440.057769474
"2282",14.8099999999995,423439.498249501
"2283",14.8199999999995,423438.938712775
"2284",14.8299999999995,423438.379159283
"2285",14.8399999999995,423437.81958901
"2286",14.8499999999995,423437.260001939
"2287",14.8599999999995,423436.700398055
"2288",14.8699999999995,423436.140777343
"2289",14.8799999999995,423435.581139784
"2290",14.8899999999995,423435.021485364
"2291",14.8999999999995,423434.461814063
"2292",14.9099999999995,423433.902125865
"2293",14.9199999999995,423433.342420752
"2294",14.9299999999995,423432.782698704
"2295",14.9399999999995,423432.222959704
"2296",14.9499999999995,423431.663203732
"2297",14.9599999999995,423431.103430769
"2298",14.9699999999995,423430.543640794
"2299",14.9799999999995,423429.983833788
"2300",14.9899999999995,423429.42400973
"2301",14.9999999999995,423428.864168598
"2302",15.0099999999995,423428.304310373
"2303",15.0199999999995,423427.744435031
"2304",15.0299999999995,423427.184542551
"2305",15.0399999999995,423426.62463291
"2306",15.0499999999995,423426.064706085
"2307",15.0599999999995,423425.504762054
"2308",15.0699999999995,423424.944800792
"2309",15.0799999999995,423424.384822276
"2310",15.0899999999995,423423.824826481
"2311",15.0999999999995,423423.264813383
"2312",15.1099999999995,423422.704782957
"2313",15.1199999999995,423422.144735176
"2314",15.1299999999995,423421.584670016
"2315",15.1399999999995,423421.02458745
"2316",15.1499999999995,423420.464487451
"2317",15.1599999999995,423419.904369993
"2318",15.1699999999995,423419.344235049
"2319",15.1799999999995,423418.78408259
"2320",15.1899999999995,423418.223912588
"2321",15.1999999999995,423417.663725016
"2322",15.2099999999995,423417.103519844
"2323",15.2199999999995,423416.54329704
"2324",15.2299999999995,423415.983056564
"2325",15.2399999999995,423415.422798372
"2326",15.2499999999995,423414.862522424
"2327",15.2599999999995,423414.302228676
"2328",15.2699999999995,423413.741917089
"2329",15.2799999999995,423413.181587623
"2330",15.2899999999995,423412.621240238
"2331",15.2999999999995,423412.060874897
"2332",15.3099999999995,423411.500491561
"2333",15.3199999999995,423410.940090193
"2334",15.3299999999995,423410.379670758
"2335",15.3399999999995,423409.819233221
"2336",15.3499999999995,423409.258777545
"2337",15.3599999999995,423408.698303698
"2338",15.3699999999995,423408.137811647
"2339",15.3799999999995,423407.577301358
"2340",15.3899999999995,423407.016772801
"2341",15.3999999999995,423406.456225944
"2342",15.4099999999995,423405.895660757
"2343",15.4199999999995,423405.335077212
"2344",15.4299999999995,423404.774475279
"2345",15.4399999999995,423404.21385493
"2346",15.4499999999995,423403.653216139
"2347",15.4599999999995,423403.092558878
"2348",15.4699999999995,423402.531883123
"2349",15.4799999999995,423401.971188849
"2350",15.4899999999995,423401.410476031
"2351",15.4999999999995,423400.849744646
"2352",15.5099999999995,423400.288994672
"2353",15.5199999999995,423399.728226086
"2354",15.5299999999995,423399.167438868
"2355",15.5399999999995,423398.606632997
"2356",15.5499999999995,423398.045808454
"2357",15.5599999999995,423397.48496522
"2358",15.5699999999995,423396.924103277
"2359",15.5799999999995,423396.363222608
"2360",15.5899999999995,423395.802323195
"2361",15.5999999999995,423395.241405024
"2362",15.6099999999995,423394.680468079
"2363",15.6199999999995,423394.119512346
"2364",15.6299999999995,423393.558537812
"2365",15.6399999999995,423392.997544463
"2366",15.6499999999995,423392.436532288
"2367",15.6599999999995,423391.875501275
"2368",15.6699999999995,423391.314451415
"2369",15.6799999999995,423390.753382697
"2370",15.6899999999995,423390.192295112
"2371",15.6999999999995,423389.631188653
"2372",15.7099999999995,423389.070063311
"2373",15.7199999999995,423388.50891908
"2374",15.7299999999995,423387.947755953
"2375",15.7399999999995,423387.386573921
"2376",15.7499999999995,423386.825372973
"2377",15.7599999999995,423386.264153098
"2378",15.7699999999995,423385.702914284
"2379",15.7799999999995,423385.141656518
"2380",15.7899999999995,423384.580379788
"2381",15.7999999999995,423384.01908408
"2382",15.8099999999995,423383.457769379
"2383",15.8199999999995,423382.89643567
"2384",15.8299999999995,423382.33508294
"2385",15.8399999999995,423381.77371117
"2386",15.8499999999995,423381.212320346
"2387",15.8599999999995,423380.650910449
"2388",15.8699999999995,423380.089481462
"2389",15.8799999999995,423379.528033367
"2390",15.8899999999995,423378.966566144
"2391",15.8999999999995,423378.405079775
"2392",15.9099999999995,423377.84357424
"2393",15.9199999999995,423377.282049516
"2394",15.9299999999995,423376.720505584
"2395",15.9399999999995,423376.158942422
"2396",15.9499999999995,423375.597360006
"2397",15.9599999999995,423375.035758315
"2398",15.9699999999995,423374.474137324
"2399",15.9799999999995,423373.91249701
"2400",15.9899999999995,423373.350837347
"2401",15.9999999999995,423372.78915831
"2402",16.0099999999995,423372.227459873
"2403",16.0199999999995,423371.66574201
"2404",16.0299999999995,423371.104004694
"2405",16.0399999999995,423370.542247896
"2406",16.0499999999995,423369.980471589
"2407",16.0599999999995,423369.418675744
"2408",16.0699999999995,423368.85686033
"2409",16.0799999999995,423368.295025319
"2410",16.0899999999995,423367.73317068
"2411",16.0999999999995,423367.171296381
"2412",16.1099999999995,423366.60940239
"2413",16.1199999999995,423366.047488675
"2414",16.1299999999995,423365.485555203
"2415",16.1399999999995,423364.92360194
"2416",16.1499999999995,423364.361628852
"2417",16.1599999999995,423363.799635905
"2418",16.1699999999995,423363.237623063
"2419",16.1799999999995,423362.67559029
"2420",16.1899999999995,423362.113537549
"2421",16.1999999999995,423361.551464804
"2422",16.2099999999995,423360.989372016
"2423",16.2199999999995,423360.427259147
"2424",16.2299999999995,423359.865126159
"2425",16.2399999999995,423359.302973011
"2426",16.2499999999995,423358.740799667
"2427",16.2599999999995,423358.178606095
"2428",16.2699999999995,423357.616392266
"2429",16.2799999999995,423357.054158152
"2430",16.2899999999995,423356.491903725
"2431",16.2999999999995,423355.929628957
"2432",16.3099999999995,423355.36733382
"2433",16.3199999999995,423354.805018288
"2434",16.3299999999995,423354.242682334
"2435",16.3399999999995,423353.680325931
"2436",16.3499999999995,423353.117949053
"2437",16.3599999999995,423352.555551675
"2438",16.3699999999995,423351.99313377
"2439",16.3799999999995,423351.430695313
"2440",16.3899999999995,423350.868236281
"2441",16.3999999999995,423350.305756647
"2442",16.4099999999995,423349.743256388
"2443",16.4199999999995,423349.180735479
"2444",16.4299999999995,423348.618193898
"2445",16.4399999999995,423348.055631621
"2446",16.4499999999995,423347.493048624
"2447",16.4599999999995,423346.930444885
"2448",16.4699999999995,423346.367820381
"2449",16.4799999999995,423345.805175092
"2450",16.4899999999995,423345.242508993
"2451",16.4999999999995,423344.679822065
"2452",16.5099999999995,423344.117114287
"2453",16.5199999999995,423343.554385636
"2454",16.5299999999995,423342.991636093
"2455",16.5399999999995,423342.428865638
"2456",16.5499999999995,423341.86607425
"2457",16.5599999999995,423341.30326191
"2458",16.5699999999995,423340.740428599
"2459",16.5799999999995,423340.177574298
"2460",16.5899999999995,423339.614698988
"2461",16.5999999999995,423339.05180265
"2462",16.6099999999995,423338.488885268
"2463",16.6199999999995,423337.925946823
"2464",16.6299999999995,423337.362987297
"2465",16.6399999999995,423336.800006675
"2466",16.6499999999995,423336.237004938
"2467",16.6599999999995,423335.673982071
"2468",16.6699999999995,423335.110938057
"2469",16.6799999999995,423334.547872881
"2470",16.6899999999995,423333.984786527
"2471",16.6999999999995,423333.421678979
"2472",16.7099999999995,423332.858550225
"2473",16.7199999999995,423332.295400247
"2474",16.7299999999995,423331.732229033
"2475",16.7399999999995,423331.169036568
"2476",16.7499999999995,423330.60582284
"2477",16.7599999999995,423330.042587833
"2478",16.7699999999995,423329.479331531
"2479",16.7799999999995,423328.916053918
"2480",16.7899999999995,423328.352754976
"2481",16.7999999999995,423327.789434686
"2482",16.8099999999995,423327.226093029
"2483",16.8199999999995,423326.662729988
"2484",16.8299999999995,423326.099345541
"2485",16.8399999999995,423325.53593967
"2486",16.8499999999995,423324.972512354
"2487",16.8599999999995,423324.409063571
"2488",16.8699999999995,423323.845593301
"2489",16.8799999999995,423323.282101522
"2490",16.8899999999995,423322.718588212
"2491",16.8999999999995,423322.155053348
"2492",16.9099999999995,423321.591496906
"2493",16.9199999999995,423321.027918864
"2494",16.9299999999995,423320.464319198
"2495",16.9399999999995,423319.900697882
"2496",16.9499999999995,423319.337054893
"2497",16.9599999999995,423318.773390204
"2498",16.9699999999995,423318.20970379
"2499",16.9799999999995,423317.645995625
"2500",16.9899999999995,423317.082265681
"2501",16.9999999999995,423316.518513933
"2502",17.0099999999995,423315.954740352
"2503",17.0199999999995,423315.39094491
"2504",17.0299999999995,423314.82712758
"2505",17.0399999999995,423314.263288331
"2506",17.0499999999995,423313.699427134
"2507",17.0599999999995,423313.13554396
"2508",17.0699999999995,423312.571638779
"2509",17.0799999999995,423312.007711559
"2510",17.0899999999995,423311.44376227
"2511",17.0999999999995,423310.879790879
"2512",17.1099999999995,423310.315797356
"2513",17.1199999999995,423309.751781667
"2514",17.1299999999995,423309.187743779
"2515",17.1399999999995,423308.623683658
"2516",17.1499999999995,423308.059601272
"2517",17.1599999999995,423307.495496586
"2518",17.1699999999995,423306.931369564
"2519",17.1799999999995,423306.367220172
"2520",17.1899999999995,423305.803048374
"2521",17.1999999999995,423305.238854134
"2522",17.2099999999995,423304.674637415
"2523",17.2199999999995,423304.11039818
"2524",17.2299999999995,423303.546136392
"2525",17.2399999999995,423302.981852013
"2526",17.2499999999995,423302.417545004
"2527",17.2599999999995,423301.853215326
"2528",17.2699999999995,423301.288862941
"2529",17.2799999999995,423300.72448781
"2530",17.2899999999995,423300.160089901
"2531",17.2999999999995,423299.595669183
"2532",17.3099999999995,423299.031225625
"2533",17.3199999999995,423298.466759198
"2534",17.3299999999995,423297.90226987
"2535",17.3399999999995,423297.337757614
"2536",17.3499999999995,423296.773222398
"2537",17.3599999999995,423296.208664195
"2538",17.3699999999995,423295.644082975
"2539",17.3799999999995,423295.07947871
"2540",17.3899999999995,423294.514851371
"2541",17.3999999999995,423293.950200931
"2542",17.4099999999995,423293.385527362
"2543",17.4199999999995,423292.820830636
"2544",17.4299999999995,423292.256110726
"2545",17.4399999999995,423291.691367606
"2546",17.4499999999995,423291.126601248
"2547",17.4599999999995,423290.561811626
"2548",17.4699999999995,423289.996998715
"2549",17.4799999999995,423289.432162488
"2550",17.4899999999995,423288.86730292
"2551",17.4999999999995,423288.302419985
"2552",17.5099999999995,423287.737513658
"2553",17.5199999999995,423287.172583916
"2554",17.5299999999995,423286.607630733
"2555",17.5399999999995,423286.042654085
"2556",17.5499999999995,423285.477653948
"2557",17.5599999999995,423284.9126303
"2558",17.5699999999995,423284.347583115
"2559",17.5799999999995,423283.782512372
"2560",17.5899999999995,423283.217418047
"2561",17.5999999999995,423282.652300118
"2562",17.6099999999995,423282.087158562
"2563",17.6199999999995,423281.521993359
"2564",17.6299999999995,423280.956804485
"2565",17.6399999999995,423280.39159192
"2566",17.6499999999995,423279.826355642
"2567",17.6599999999995,423279.261095631
"2568",17.6699999999995,423278.695811866
"2569",17.6799999999995,423278.130504327
"2570",17.6899999999995,423277.565172993
"2571",17.6999999999995,423276.999817844
"2572",17.7099999999995,423276.434438863
"2573",17.7199999999995,423275.869036028
"2574",17.7299999999994,423275.303609321
"2575",17.7399999999995,423274.738158724
"2576",17.7499999999995,423274.172684218
"2577",17.7599999999995,423273.607185784
"2578",17.7699999999994,423273.041663406
"2579",17.7799999999995,423272.476117066
"2580",17.7899999999995,423271.910546745
"2581",17.7999999999995,423271.344952422
"2582",17.8099999999994,423270.77933406
"2583",17.8199999999994,423270.213691618
"2584",17.8299999999995,423269.648025054
"2585",17.8399999999994,423269.082334329
"2586",17.8499999999994,423268.516619403
"2587",17.8599999999994,423267.950880235
"2588",17.8699999999995,423267.385116786
"2589",17.8799999999994,423266.819329018
"2590",17.8899999999994,423266.253516892
"2591",17.8999999999994,423265.68768037
"2592",17.9099999999994,423265.121819416
"2593",17.9199999999994,423264.555933991
"2594",17.9299999999994,423263.990024059
"2595",17.9399999999994,423263.424089585
"2596",17.9499999999994,423262.858130532
"2597",17.9599999999994,423262.292146865
"2598",17.9699999999994,423261.72613855
"2599",17.9799999999994,423261.160105552
"2600",17.9899999999994,423260.594047837
"2601",17.9999999999994,423260.027965372
"2602",18.0099999999994,423259.461858124
"2603",18.0199999999994,423258.895726061
"2604",18.0299999999994,423258.329569149
"2605",18.0399999999994,423257.763387358
"2606",18.0499999999994,423257.197180656
"2607",18.0599999999994,423256.630949013
"2608",18.0699999999994,423256.064692398
"2609",18.0799999999994,423255.498410781
"2610",18.0899999999994,423254.932104134
"2611",18.0999999999994,423254.365772426
"2612",18.1099999999994,423253.799415629
"2613",18.1199999999994,423253.233033716
"2614",18.1299999999994,423252.666626659
"2615",18.1399999999994,423252.10019443
"2616",18.1499999999994,423251.533737003
"2617",18.1599999999994,423250.967254351
"2618",18.1699999999994,423250.400746449
"2619",18.1799999999994,423249.834213271
"2620",18.1899999999994,423249.267654793
"2621",18.1999999999994,423248.701070989
"2622",18.2099999999994,423248.134461836
"2623",18.2199999999994,423247.56782731
"2624",18.2299999999994,423247.001167388
"2625",18.2399999999994,423246.434482047
"2626",18.2499999999994,423245.867771266
"2627",18.2599999999994,423245.301035021
"2628",18.2699999999994,423244.734273293
"2629",18.2799999999994,423244.167486059
"2630",18.2899999999994,423243.6006733
"2631",18.2999999999994,423243.033834996
"2632",18.3099999999994,423242.466971126
"2633",18.3199999999994,423241.900081669
"2634",18.3299999999994,423241.333166594
"2635",18.3399999999994,423240.766225868
"2636",18.3499999999994,423240.199259457
"2637",18.3599999999994,423239.632267328
"2638",18.3699999999994,423239.065249448
"2639",18.3799999999994,423238.498205781
"2640",18.3899999999994,423237.931136295
"2641",18.3999999999994,423237.364040955
"2642",18.4099999999994,423236.796919727
"2643",18.4199999999994,423236.229772578
"2644",18.4299999999994,423235.662599472
"2645",18.4399999999994,423235.095400376
"2646",18.4499999999994,423234.528175254
"2647",18.4599999999994,423233.960924074
"2648",18.4699999999994,423233.393646799
"2649",18.4799999999994,423232.826343396
"2650",18.4899999999994,423232.259013829
"2651",18.4999999999994,423231.691658064
"2652",18.5099999999994,423231.124276065
"2653",18.5199999999994,423230.556867798
"2654",18.5299999999994,423229.989433228
"2655",18.5399999999994,423229.421972318
"2656",18.5499999999994,423228.854485035
"2657",18.5599999999994,423228.286971342
"2658",18.5699999999994,423227.719431205
"2659",18.5799999999994,423227.151864587
"2660",18.5899999999994,423226.584271452
"2661",18.5999999999994,423226.016651766
"2662",18.6099999999994,423225.449005492
"2663",18.6199999999994,423224.881332594
"2664",18.6299999999994,423224.313633037
"2665",18.6399999999994,423223.745906784
"2666",18.6499999999994,423223.178153799
"2667",18.6599999999994,423222.610374045
"2668",18.6699999999994,423222.042567487
"2669",18.6799999999994,423221.474734088
"2670",18.6899999999994,423220.906873811
"2671",18.6999999999994,423220.338986619
"2672",18.7099999999994,423219.771072477
"2673",18.7199999999994,423219.203131347
"2674",18.7299999999994,423218.635163192
"2675",18.7399999999994,423218.067167975
"2676",18.7499999999994,423217.49914566
"2677",18.7599999999994,423216.931096208
"2678",18.7699999999994,423216.363019583
"2679",18.7799999999994,423215.794915747
"2680",18.7899999999994,423215.226784664
"2681",18.7999999999994,423214.658626295
"2682",18.8099999999994,423214.090440602
"2683",18.8199999999994,423213.522227549
"2684",18.8299999999994,423212.953987098
"2685",18.8399999999994,423212.385719216
"2686",18.8499999999994,423211.81742387
"2687",18.8599999999994,423211.249101028
"2688",18.8699999999994,423210.680750656
"2689",18.8799999999994,423210.112372722
"2690",18.8899999999994,423209.543967193
"2691",18.8999999999994,423208.975534035
"2692",18.9099999999994,423208.407073215
"2693",18.9199999999994,423207.838584699
"2694",18.9299999999994,423207.270068454
"2695",18.9399999999994,423206.701524445
"2696",18.9499999999994,423206.13295264
"2697",18.9599999999994,423205.564353003
"2698",18.9699999999994,423204.9957255
"2699",18.9799999999994,423204.427070097
"2700",18.9899999999994,423203.858386759
"2701",18.9999999999994,423203.289675452
"2702",19.0099999999994,423202.72093614
"2703",19.0199999999994,423202.152168789
"2704",19.0299999999994,423201.583373364
"2705",19.0399999999994,423201.014549829
"2706",19.0499999999994,423200.445698148
"2707",19.0599999999994,423199.876818287
"2708",19.0699999999994,423199.307910209
"2709",19.0799999999994,423198.738973879
"2710",19.0899999999994,423198.17000926
"2711",19.0999999999994,423197.601016316
"2712",19.1099999999994,423197.031995012
"2713",19.1199999999994,423196.46294531
"2714",19.1299999999994,423195.893867174
"2715",19.1399999999994,423195.324760567
"2716",19.1499999999994,423194.755625452
"2717",19.1599999999994,423194.186461793
"2718",19.1699999999994,423193.617269552
"2719",19.1799999999994,423193.048048691
"2720",19.1899999999994,423192.478799173
"2721",19.1999999999994,423191.909520961
"2722",19.2099999999994,423191.340214017
"2723",19.2199999999994,423190.770878303
"2724",19.2299999999994,423190.20151378
"2725",19.2399999999994,423189.632120411
"2726",19.2499999999994,423189.062698158
"2727",19.2599999999994,423188.49324698
"2728",19.2699999999994,423187.923766841
"2729",19.2799999999994,423187.354257701
"2730",19.2899999999994,423186.784719522
"2731",19.2999999999994,423186.215152263
"2732",19.3099999999994,423185.645555887
"2733",19.3199999999994,423185.075930353
"2734",19.3299999999994,423184.506275622
"2735",19.3399999999994,423183.936591654
"2736",19.3499999999994,423183.366878409
"2737",19.3599999999994,423182.797135847
"2738",19.3699999999994,423182.227363926
"2739",19.3799999999994,423181.657562606
"2740",19.3899999999994,423181.087731845
"2741",19.3999999999994,423180.517871604
"2742",19.4099999999994,423179.947981841
"2743",19.4199999999994,423179.378062516
"2744",19.4299999999994,423178.80811359
"2745",19.4399999999994,423178.238135023
"2746",19.4499999999994,423177.668126774
"2747",19.4599999999994,423177.098088804
"2748",19.4699999999994,423176.528021073
"2749",19.4799999999994,423175.957923543
"2750",19.4899999999994,423175.387796174
"2751",19.4999999999994,423174.817638926
"2752",19.5099999999994,423174.247451762
"2753",19.5199999999994,423173.677234642
"2754",19.5299999999994,423173.106987528
"2755",19.5399999999994,423172.536710381
"2756",19.5499999999994,423171.966403163
"2757",19.5599999999994,423171.396065836
"2758",19.5699999999994,423170.825698363
"2759",19.5799999999994,423170.255300704
"2760",19.5899999999994,423169.684872824
"2761",19.5999999999994,423169.114414683
"2762",19.6099999999994,423168.543926245
"2763",19.6199999999994,423167.973407473
"2764",19.6299999999994,423167.40285833
"2765",19.6399999999994,423166.832278778
"2766",19.6499999999994,423166.261668782
"2767",19.6599999999994,423165.691028304
"2768",19.6699999999994,423165.120357308
"2769",19.6799999999994,423164.549655758
"2770",19.6899999999994,423163.978923618
"2771",19.6999999999994,423163.408160851
"2772",19.7099999999994,423162.837367423
"2773",19.7199999999994,423162.266543297
"2774",19.7299999999994,423161.695688438
"2775",19.7399999999994,423161.124802811
"2776",19.7499999999994,423160.55388638
"2777",19.7599999999994,423159.982939111
"2778",19.7699999999994,423159.411960969
"2779",19.7799999999994,423158.840951918
"2780",19.7899999999994,423158.269911925
"2781",19.7999999999994,423157.698840955
"2782",19.8099999999994,423157.127738974
"2783",19.8199999999994,423156.556605947
"2784",19.8299999999994,423155.985441842
"2785",19.8399999999994,423155.414246623
"2786",19.8499999999994,423154.843020258
"2787",19.8599999999994,423154.271762709
"2788",19.8699999999994,423153.700473931
"2789",19.8799999999994,423153.129153874
"2790",19.8899999999994,423152.55780249
"2791",19.8999999999994,423151.98641973
"2792",19.9099999999994,423151.415005545
"2793",19.9199999999994,423150.843559887
"2794",19.9299999999994,423150.272082709
"2795",19.9399999999994,423149.700573962
"2796",19.9499999999994,423149.1290336
"2797",19.9599999999994,423148.557461576
"2798",19.9699999999994,423147.985857843
"2799",19.9799999999994,423147.414222353
"2800",19.9899999999994,423146.842555062
"2801",19.9999999999994,423146.270855922
"2802",20.0099999999994,423145.699124889
"2803",20.0199999999994,423145.127361917
"2804",20.0299999999994,423144.555566961
"2805",20.0399999999994,423143.983739975
"2806",20.0499999999994,423143.411880916
"2807",20.0599999999994,423142.839989738
"2808",20.0699999999994,423142.268066398
"2809",20.0799999999994,423141.696110852
"2810",20.0899999999994,423141.124123057
"2811",20.0999999999994,423140.552102968
"2812",20.1099999999994,423139.980050544
"2813",20.1199999999994,423139.407965741
"2814",20.1299999999994,423138.835848518
"2815",20.1399999999994,423138.263698831
"2816",20.1499999999994,423137.691516638
"2817",20.1599999999994,423137.119301899
"2818",20.1699999999994,423136.547054572
"2819",20.1799999999994,423135.974774616
"2820",20.1899999999994,423135.402461989
"2821",20.1999999999994,423134.830116652
"2822",20.2099999999994,423134.257738564
"2823",20.2199999999994,423133.685327685
"2824",20.2299999999994,423133.112883975
"2825",20.2399999999994,423132.540407396
"2826",20.2499999999994,423131.967897906
"2827",20.2599999999994,423131.395355469
"2828",20.2699999999994,423130.822780044
"2829",20.2799999999994,423130.250171594
"2830",20.2899999999994,423129.677530081
"2831",20.2999999999994,423129.104855467
"2832",20.3099999999994,423128.532147713
"2833",20.3199999999994,423127.959406784
"2834",20.3299999999994,423127.386632641
"2835",20.3399999999994,423126.813825249
"2836",20.3499999999994,423126.24098457
"2837",20.3599999999994,423125.668110569
"2838",20.3699999999994,423125.095203209
"2839",20.3799999999994,423124.522262451
"2840",20.3899999999994,423123.94928825
"2841",20.3999999999994,423123.376280554
"2842",20.4099999999994,423122.803239313
"2843",20.4199999999994,423122.230164479
"2844",20.4299999999994,423121.657056001
"2845",20.4399999999994,423121.083913831
"2846",20.4499999999994,423120.510737918
"2847",20.4599999999994,423119.937528213
"2848",20.4699999999994,423119.364284668
"2849",20.4799999999994,423118.791007233
"2850",20.4899999999994,423118.217695859
"2851",20.4999999999994,423117.644350498
"2852",20.5099999999994,423117.070971102
"2853",20.5199999999994,423116.497557621
"2854",20.5299999999994,423115.924110007
"2855",20.5399999999994,423115.350628212
"2856",20.5499999999994,423114.777112189
"2857",20.5599999999994,423114.203561888
"2858",20.5699999999994,423113.629977263
"2859",20.5799999999994,423113.056358265
"2860",20.5899999999994,423112.482704848
"2861",20.5999999999994,423111.909016963
"2862",20.6099999999994,423111.335294563
"2863",20.6199999999994,423110.761537601
"2864",20.6299999999994,423110.18774603
"2865",20.6399999999994,423109.613919803
"2866",20.6499999999994,423109.040058874
"2867",20.6599999999994,423108.466163195
"2868",20.6699999999994,423107.89223272
"2869",20.6799999999994,423107.318267403
"2870",20.6899999999994,423106.744267198
"2871",20.6999999999994,423106.170232057
"2872",20.7099999999994,423105.596161936
"2873",20.7199999999994,423105.022056788
"2874",20.7299999999994,423104.447916568
"2875",20.7399999999994,423103.873741229
"2876",20.7499999999994,423103.299530727
"2877",20.7599999999994,423102.725285016
"2878",20.7699999999994,423102.151004051
"2879",20.7799999999994,423101.576687787
"2880",20.7899999999994,423101.002336178
"2881",20.7999999999994,423100.42794918
"2882",20.8099999999994,423099.853526748
"2883",20.8199999999994,423099.279068838
"2884",20.8299999999994,423098.704575404
"2885",20.8399999999994,423098.130046404
"2886",20.8499999999994,423097.555481792
"2887",20.8599999999994,423096.980881524
"2888",20.8699999999994,423096.406245557
"2889",20.8799999999994,423095.831573846
"2890",20.8899999999994,423095.256866346
"2891",20.8999999999994,423094.682123006
"2892",20.9099999999994,423094.107343773
"2893",20.9199999999994,423093.532528595
"2894",20.9299999999994,423092.957677418
"2895",20.9399999999994,423092.38279019
"2896",20.9499999999994,423091.807866859
"2897",20.9599999999994,423091.232907371
"2898",20.9699999999994,423090.657911675
"2899",20.9799999999994,423090.082879719
"2900",20.9899999999994,423089.507811449
"2901",20.9999999999994,423088.932706813
"2902",21.0099999999994,423088.35756576
"2903",21.0199999999994,423087.782388237
"2904",21.0299999999994,423087.207174192
"2905",21.0399999999994,423086.631923574
"2906",21.0499999999994,423086.05663633
"2907",21.0599999999994,423085.481312409
"2908",21.0699999999994,423084.905951758
"2909",21.0799999999994,423084.330554327
"2910",21.0899999999994,423083.755120062
"2911",21.0999999999994,423083.179648914
"2912",21.1099999999994,423082.60414083
"2913",21.1199999999994,423082.028595759
"2914",21.1299999999994,423081.45301365
"2915",21.1399999999994,423080.877394451
"2916",21.1499999999994,423080.301738111
"2917",21.1599999999994,423079.72604458
"2918",21.1699999999994,423079.150313805
"2919",21.1799999999994,423078.574545735
"2920",21.1899999999994,423077.998740321
"2921",21.1999999999994,423077.422897511
"2922",21.2099999999994,423076.847017254
"2923",21.2199999999994,423076.271099499
"2924",21.2299999999994,423075.695144197
"2925",21.2399999999994,423075.119151295
"2926",21.2499999999994,423074.543120744
"2927",21.2599999999994,423073.967052493
"2928",21.2699999999994,423073.390946493
"2929",21.2799999999994,423072.814802691
"2930",21.2899999999994,423072.238621039
"2931",21.2999999999994,423071.662401485
"2932",21.3099999999994,423071.086143981
"2933",21.3199999999994,423070.509848475
"2934",21.3299999999994,423069.933514919
"2935",21.3399999999994,423069.357143261
"2936",21.3499999999994,423068.780733452
"2937",21.3599999999994,423068.204285442
"2938",21.3699999999994,423067.627799182
"2939",21.3799999999994,423067.051274622
"2940",21.3899999999994,423066.474711712
"2941",21.3999999999994,423065.898110403
"2942",21.4099999999994,423065.321470642
"2943",21.4199999999994,423064.744792372
"2944",21.4299999999994,423064.168075531
"2945",21.4399999999994,423063.591320059
"2946",21.4499999999994,423063.014525895
"2947",21.4599999999994,423062.43769298
"2948",21.4699999999994,423061.860821252
"2949",21.4799999999994,423061.283910654
"2950",21.4899999999994,423060.706961124
"2951",21.4999999999994,423060.129972605
"2952",21.5099999999994,423059.552945036
"2953",21.5199999999994,423058.975878358
"2954",21.5299999999994,423058.398772514
"2955",21.5399999999994,423057.821627445
"2956",21.5499999999994,423057.244443093
"2957",21.5599999999994,423056.667219399
"2958",21.5699999999994,423056.089956307
"2959",21.5799999999994,423055.512653758
"2960",21.5899999999994,423054.935311695
"2961",21.5999999999994,423054.357930062
"2962",21.6099999999994,423053.780508801
"2963",21.6199999999994,423053.203047856
"2964",21.6299999999994,423052.62554717
"2965",21.6399999999994,423052.048006688
"2966",21.6499999999994,423051.470426353
"2967",21.6599999999994,423050.89280611
"2968",21.6699999999994,423050.315145903
"2969",21.6799999999994,423049.737445677
"2970",21.6899999999994,423049.159705377
"2971",21.6999999999994,423048.581924948
"2972",21.7099999999994,423048.004104336
"2973",21.7199999999994,423047.426243487
"2974",21.7299999999994,423046.848342345
"2975",21.7399999999994,423046.270400858
"2976",21.7499999999994,423045.692418972
"2977",21.7599999999994,423045.114396633
"2978",21.7699999999994,423044.536333788
"2979",21.7799999999994,423043.958230384
"2980",21.7899999999994,423043.380086368
"2981",21.7999999999994,423042.801901688
"2982",21.8099999999994,423042.223676292
"2983",21.8199999999994,423041.645410127
"2984",21.8299999999994,423041.067103142
"2985",21.8399999999994,423040.488755284
"2986",21.8499999999994,423039.910366503
"2987",21.8599999999994,423039.331936748
"2988",21.8699999999994,423038.753465967
"2989",21.8799999999994,423038.17495411
"2990",21.8899999999994,423037.596401126
"2991",21.8999999999994,423037.017806966
"2992",21.9099999999994,423036.439171578
"2993",21.9199999999994,423035.86049491
"2994",21.9299999999994,423035.2817769
"2995",21.9399999999994,423034.703017485
"2996",21.9499999999994,423034.124216599
"2997",21.9599999999994,423033.545374178
"2998",21.9699999999994,423032.966490158
"2999",21.9799999999994,423032.387564474
"3000",21.9899999999994,423031.808597064
"3001",21.9999999999994,423031.229587863
"3002",22.0099999999994,423030.650536807
"3003",22.0199999999994,423030.071443833
"3004",22.0299999999994,423029.492308877
"3005",22.0399999999994,423028.913131876
"3006",22.0499999999994,423028.333912766
"3007",22.0599999999994,423027.754651485
"3008",22.0699999999994,423027.17534797
"3009",22.0799999999994,423026.596002156
"3010",22.0899999999994,423026.016613983
"3011",22.0999999999994,423025.437183387
"3012",22.1099999999994,423024.857710305
"3013",22.1199999999994,423024.278194676
"3014",22.1299999999994,423023.698636437
"3015",22.1399999999994,423023.119035525
"3016",22.1499999999994,423022.539391879
"3017",22.1599999999994,423021.959705437
"3018",22.1699999999994,423021.379976137
"3019",22.1799999999994,423020.800203917
"3020",22.1899999999994,423020.220388716
"3021",22.1999999999994,423019.640530473
"3022",22.2099999999994,423019.060629125
"3023",22.2199999999994,423018.480684612
"3024",22.2299999999994,423017.900696873
"3025",22.2399999999994,423017.320665847
"3026",22.2499999999994,423016.740591473
"3027",22.2599999999994,423016.16047369
"3028",22.2699999999994,423015.580312437
"3029",22.2799999999994,423015.000107655
"3030",22.2899999999994,423014.419859283
"3031",22.2999999999994,423013.839567261
"3032",22.3099999999994,423013.259231528
"3033",22.3199999999994,423012.678852024
"3034",22.3299999999994,423012.098428691
"3035",22.3399999999994,423011.517961467
"3036",22.3499999999994,423010.937450294
"3037",22.3599999999994,423010.356895112
"3038",22.3699999999994,423009.776295861
"3039",22.3799999999994,423009.195652482
"3040",22.3899999999994,423008.614964917
"3041",22.3999999999994,423008.034233106
"3042",22.4099999999993,423007.45345699
"3043",22.4199999999994,423006.872636511
"3044",22.4299999999994,423006.291771609
"3045",22.4399999999994,423005.710862223
"3046",22.4499999999993,423005.129908279
"3047",22.4599999999994,423004.548909701
"3048",22.4699999999994,423003.967866413
"3049",22.4799999999994,423003.38677834
"3050",22.4899999999993,423002.805645404
"3051",22.4999999999993,423002.224467531
"3052",22.5099999999994,423001.643244644
"3053",22.5199999999993,423001.06197667
"3054",22.5299999999993,423000.480663532
"3055",22.5399999999993,422999.899305156
"3056",22.5499999999994,422999.317901467
"3057",22.5599999999993,422998.736452391
"3058",22.5699999999993,422998.154957853
"3059",22.5799999999993,422997.57341778
"3060",22.5899999999993,422996.991832098
"3061",22.5999999999993,422996.410200733
"3062",22.6099999999993,422995.828523611
"3063",22.6199999999993,422995.246800661
"3064",22.6299999999993,422994.665031808
"3065",22.6399999999993,422994.083216979
"3066",22.6499999999993,422993.501356103
"3067",22.6599999999993,422992.919449107
"3068",22.6699999999993,422992.337495919
"3069",22.6799999999993,422991.755496466
"3070",22.6899999999993,422991.173450677
"3071",22.6999999999993,422990.591358481
"3072",22.7099999999993,422990.009219806
"3073",22.7199999999993,422989.427034582
"3074",22.7299999999993,422988.844802736
"3075",22.7399999999993,422988.262524199
"3076",22.7499999999993,422987.6801989
"3077",22.7599999999993,422987.097826768
"3078",22.7699999999993,422986.515407734
"3079",22.7799999999993,422985.932941728
"3080",22.7899999999993,422985.35042868
"3081",22.7999999999993,422984.76786852
"3082",22.8099999999993,422984.18526118
"3083",22.8199999999993,422983.60260659
"3084",22.8299999999993,422983.019904682
"3085",22.8399999999993,422982.437155386
"3086",22.8499999999993,422981.854358635
"3087",22.8599999999993,422981.27151436
"3088",22.8699999999993,422980.688622493
"3089",22.8799999999993,422980.105682967
"3090",22.8899999999993,422979.522695714
"3091",22.8999999999993,422978.939660666
"3092",22.9099999999993,422978.356577756
"3093",22.9199999999993,422977.773446918
"3094",22.9299999999993,422977.190268084
"3095",22.9399999999993,422976.607041188
"3096",22.9499999999993,422976.023766148
"3097",22.9599999999993,422975.440442848
"3098",22.9699999999993,422974.857071159
"3099",22.9799999999993,422974.273650953
"3100",22.9899999999993,422973.690182105
"3101",22.9999999999993,422973.10666449
"3102",23.0099999999993,422972.523097987
"3103",23.0199999999993,422971.939482475
"3104",23.0299999999993,422971.355817836
"3105",23.0399999999993,422970.772103954
"3106",23.0499999999993,422970.188340714
"3107",23.0599999999993,422969.604528003
"3108",23.0699999999993,422969.020665712
"3109",23.0799999999993,422968.436753731
"3110",23.0899999999993,422967.852791954
"3111",23.0999999999993,422967.268780275
"3112",23.1099999999993,422966.684718592
"3113",23.1199999999993,422966.100606803
"3114",23.1299999999993,422965.516444809
"3115",23.1399999999993,422964.932232513
"3116",23.1499999999993,422964.34796982
"3117",23.1599999999993,422963.763656636
"3118",23.1699999999993,422963.179292869
"3119",23.1799999999993,422962.59487843
"3120",23.1899999999993,422962.010413232
"3121",23.1999999999993,422961.425897187
"3122",23.2099999999993,422960.841330213
"3123",23.2199999999993,422960.256712227
"3124",23.2299999999993,422959.672043149
"3125",23.2399999999993,422959.087322902
"3126",23.2499999999993,422958.502551409
"3127",23.2599999999993,422957.917728595
"3128",23.2699999999993,422957.332854388
"3129",23.2799999999993,422956.747928719
"3130",23.2899999999993,422956.162951518
"3131",23.2999999999993,422955.577922718
"3132",23.3099999999993,422954.992842256
"3133",23.3199999999993,422954.407710068
"3134",23.3299999999993,422953.822526094
"3135",23.3399999999993,422953.237290274
"3136",23.3499999999993,422952.652002552
"3137",23.3599999999993,422952.066662874
"3138",23.3699999999993,422951.481271185
"3139",23.3799999999993,422950.895827435
"3140",23.3899999999993,422950.310331575
"3141",23.3999999999993,422949.724783557
"3142",23.4099999999993,422949.139183336
"3143",23.4199999999993,422948.55353087
"3144",23.4299999999993,422947.967826115
"3145",23.4399999999993,422947.382069034
"3146",23.4499999999993,422946.796259589
"3147",23.4599999999993,422946.210397743
"3148",23.4699999999993,422945.624483424
"3149",23.4799999999993,422945.038516477
"3150",23.4899999999993,422944.452496714
"3151",23.4999999999993,422943.866423952
"3152",23.5099999999993,422943.280298014
"3153",23.5199999999993,422942.694118729
"3154",23.5299999999993,422942.10788593
"3155",23.5399999999993,422941.521599459
"3156",23.5499999999993,422940.93525916
"3157",23.5599999999993,422940.348864887
"3158",23.5699999999993,422939.762416495
"3159",23.5799999999993,422939.175913849
"3160",23.5899999999993,422938.589356819
"3161",23.5999999999993,422938.002745277
"3162",23.6099999999993,422937.416079107
"3163",23.6199999999993,422936.829358193
"3164",23.6299999999993,422936.242582429
"3165",23.6399999999993,422935.655751713
"3166",23.6499999999993,422935.068865949
"3167",23.6599999999993,422934.481925046
"3168",23.6699999999993,422933.894928921
"3169",23.6799999999993,422933.307877495
"3170",23.6899999999993,422932.720770695
"3171",23.6999999999993,422932.133608455
"3172",23.7099999999993,422931.546390714
"3173",23.7199999999993,422930.959117417
"3174",23.7299999999993,422930.371788515
"3175",23.7399999999993,422929.784403964
"3176",23.7499999999993,422929.196963727
"3177",23.7599999999993,422928.609467773
"3178",23.7699999999993,422928.021916076
"3179",23.7799999999993,422927.434308616
"3180",23.7899999999993,422926.846645379
"3181",23.7999999999993,422926.258926358
"3182",23.8099999999993,422925.67115155
"3183",23.8199999999993,422925.083320959
"3184",23.8299999999993,422924.495434596
"3185",23.8399999999993,422923.907492474
"3186",23.8499999999993,422923.319494618
"3187",23.8599999999993,422922.731441052
"3188",23.8699999999993,422922.143331812
"3189",23.8799999999993,422921.555166937
"3190",23.8899999999993,422920.966946471
"3191",23.8999999999993,422920.378670467
"3192",23.9099999999993,422919.79033898
"3193",23.9199999999993,422919.201952075
"3194",23.9299999999993,422918.613509821
"3195",23.9399999999993,422918.025012292
"3196",23.9499999999993,422917.43645957
"3197",23.9599999999993,422916.847851742
"3198",23.9699999999993,422916.2591889
"3199",23.9799999999993,422915.6704711
"3200",23.9899999999993,422915.081698315
"3201",23.9999999999993,422914.492870477
"3202",24.0099999999993,422913.90398752
"3203",24.0199999999993,422913.31504938
"3204",24.0299999999993,422912.726055995
"3205",24.0399999999993,422912.137007303
"3206",24.0499999999993,422911.547903246
"3207",24.0599999999993,422910.958743768
"3208",24.0699999999993,422910.369528813
"3209",24.0799999999993,422909.780258328
"3210",24.0899999999993,422909.190932262
"3211",24.0999999999993,422908.601550565
"3212",24.1099999999993,422908.012113191
"3213",24.1199999999993,422907.422620093
"3214",24.1299999999993,422906.833071227
"3215",24.1399999999993,422906.243466552
"3216",24.1499999999993,422905.653806028
"3217",24.1599999999993,422905.064089616
"3218",24.1699999999993,422904.47431728
"3219",24.1799999999993,422903.884488985
"3220",24.1899999999993,422903.2946047
"3221",24.1999999999993,422902.704664392
"3222",24.2099999999993,422902.114668034
"3223",24.2199999999993,422901.524615599
"3224",24.2299999999993,422900.93450706
"3225",24.2399999999993,422900.344342396
"3226",24.2499999999993,422899.754121585
"3227",24.2599999999993,422899.163844607
"3228",24.2699999999993,422898.573511445
"3229",24.2799999999993,422897.983122083
"3230",24.2899999999993,422897.392676507
"3231",24.2999999999993,422896.802174706
"3232",24.3099999999993,422896.211616669
"3233",24.3199999999993,422895.621002389
"3234",24.3299999999993,422895.030331859
"3235",24.3399999999993,422894.439605075
"3236",24.3499999999993,422893.848822034
"3237",24.3599999999993,422893.257982736
"3238",24.3699999999993,422892.667087182
"3239",24.3799999999993,422892.076135376
"3240",24.3899999999993,422891.485127322
"3241",24.3999999999993,422890.894063029
"3242",24.4099999999993,422890.302942504
"3243",24.4199999999993,422889.711765759
"3244",24.4299999999993,422889.120532806
"3245",24.4399999999993,422888.52924366
"3246",24.4499999999993,422887.937898338
"3247",24.4599999999993,422887.346496859
"3248",24.4699999999993,422886.755039242
"3249",24.4799999999993,422886.16352551
"3250",24.4899999999993,422885.571955688
"3251",24.4999999999993,422884.980329778
"3252",24.5099999999993,422884.388647736
"3253",24.5199999999993,422883.796909499
"3254",24.5299999999993,422883.205115003
"3255",24.5399999999993,422882.613264185
"3256",24.5499999999993,422882.021356985
"3257",24.5599999999993,422881.429393344
"3258",24.5699999999993,422880.837373204
"3259",24.5799999999993,422880.245296509
"3260",24.5899999999993,422879.653163203
"3261",24.5999999999993,422879.060973234
"3262",24.6099999999993,422878.468726549
"3263",24.6199999999993,422877.876423097
"3264",24.6299999999993,422877.284062831
"3265",24.6399999999993,422876.691645701
"3266",24.6499999999993,422876.099171661
"3267",24.6599999999993,422875.506640668
"3268",24.6699999999993,422874.914052677
"3269",24.6799999999993,422874.321407647
"3270",24.6899999999993,422873.728705536
"3271",24.6999999999993,422873.135946307
"3272",24.7099999999993,422872.543129922
"3273",24.7199999999993,422871.950256344
"3274",24.7299999999993,422871.357325538
"3275",24.7399999999993,422870.764337473
"3276",24.7499999999993,422870.171292115
"3277",24.7599999999993,422869.578189435
"3278",24.7699999999993,422868.985029403
"3279",24.7799999999993,422868.391811993
"3280",24.7899999999993,422867.798537179
"3281",24.7999999999993,422867.205204936
"3282",24.8099999999993,422866.61181524
"3283",24.8199999999993,422866.018368072
"3284",24.8299999999993,422865.424863409
"3285",24.8399999999993,422864.831301235
"3286",24.8499999999993,422864.237681532
"3287",24.8599999999993,422863.644004283
"3288",24.8699999999993,422863.050269476
"3289",24.8799999999993,422862.456477097
"3290",24.8899999999993,422861.862627135
"3291",24.8999999999993,422861.26871958
"3292",24.9099999999993,422860.674754424
"3293",24.9199999999993,422860.08073166
"3294",24.9299999999993,422859.486651283
"3295",24.9399999999993,422858.892513289
"3296",24.9499999999993,422858.298317675
"3297",24.9599999999993,422857.704064441
"3298",24.9699999999993,422857.109753588
"3299",24.9799999999993,422856.515385116
"3300",24.9899999999993,422855.920959031
"3301",24.9999999999993,422855.326475336
