dCiso,Time,Age
-2.09,998.63,Neoprotero
-1.16,988.7,Neoprotero
-0.5,985.95,Neoprotero
0.1,985,Neoprotero
1.42,983.99,Neoprotero
-1.82,981.59,Neoprotero
1.95,979.46,Neoprotero
-2.35,978.06,Neoprotero
1.03,977.76,Neoprotero
1.16,975.95,Neoprotero
1.75,974.11,Neoprotero
2.02,973.19,Neoprotero
2.09,973.18,Neoprotero
2.81,971.33,Neoprotero
3.08,971.31,Neoprotero
0.23,969.77,Neoprotero
0.43,969.75,Neoprotero
0.3,968.87,Neoprotero
0.63,968.84,Neoprotero
1.49,967.87,Neoprotero
2.55,967.77,Neoprotero
2.88,967.74,Neoprotero
1.82,966.94,Neoprotero
3.41,966.8,Neoprotero
2.42,965.99,Neoprotero
1.95,965.14,Neoprotero
2.55,965.09,Neoprotero
2.81,965.06,Neoprotero
2.88,965.06,Neoprotero
2.28,964.21,Neoprotero
2.81,964.17,Neoprotero
3.61,964.1,Neoprotero
2.09,963.34,Neoprotero
2.95,963.26,Neoprotero
2.35,961.52,Neoprotero
2.88,961.47,Neoprotero
1.23,960.73,Neoprotero
1.69,960.69,Neoprotero
0.23,959.92,Neoprotero
0.7,959.88,Neoprotero
2.02,959.76,Neoprotero
0.23,954.55,Neoprotero
0.5,952.73,Neoprotero
0.5,951.84,Neoprotero
1.03,951.79,Neoprotero
1.36,951.76,Neoprotero
0.3,950.96,Neoprotero
1.03,950.9,Neoprotero
1.49,950.86,Neoprotero
0.7,950.03,Neoprotero
0.89,950.01,Neoprotero
-0.63,949.25,Neoprotero
-0.3,949.22,Neoprotero
0.17,949.18,Neoprotero
0.3,949.17,Neoprotero
0.5,948.26,Neoprotero
0.23,947.39,Neoprotero
0.5,947.36,Neoprotero
1.42,946.38,Neoprotero
-0.56,945.67,Neoprotero
1.16,945.51,Neoprotero
0.89,943.75,Neoprotero
1.82,943.66,Neoprotero
0.89,942.85,Neoprotero
1.09,941.94,Neoprotero
2.28,941.83,Neoprotero
0.03,941.14,Neoprotero
-0.63,940.3,Neoprotero
-0.36,939.38,Neoprotero
-2.22,938.65,Neoprotero
-1.69,938.61,Neoprotero
-1.56,938.59,Neoprotero
-1.36,938.58,Neoprotero
-1.95,936.84,Neoprotero
-2.09,935.95,Neoprotero
-1.89,934.15,Neoprotero
-2.42,933.3,Neoprotero
-2.28,933.29,Neoprotero
-1.69,932.34,Neoprotero
-1.29,931.41,Neoprotero
-2.48,930.62,Neoprotero
-1.69,930.55,Neoprotero
-0.43,929.54,Neoprotero
-2.81,928.86,Neoprotero
-1.62,928.75,Neoprotero
-1.49,928.74,Neoprotero
-1.09,928.7,Neoprotero
-0.89,926.9,Neoprotero
-1.62,926.06,Neoprotero
-0.7,925.98,Neoprotero
-1.42,925.15,Neoprotero
-1.29,924.24,Neoprotero
-1.49,923.37,Neoprotero
-1.36,922.46,Neoprotero
-1.56,921.58,Neoprotero
-1.29,920.66,Neoprotero
-1.09,920.65,Neoprotero
0.43,914.24,Neoprotero
0.89,914.2,Neoprotero
0.5,913.34,Neoprotero
0.3,912.46,Neoprotero
0.83,912.42,Neoprotero
0.17,911.58,Neoprotero
0.43,911.56,Neoprotero
1.03,911.5,Neoprotero
0.63,910.64,Neoprotero
0.83,910.63,Neoprotero
0.36,909.77,Neoprotero
0.56,909.75,Neoprotero
0.96,909.72,Neoprotero
1.95,909.63,Neoprotero
0.7,908.85,Neoprotero
1.23,908.8,Neoprotero
1.09,907.92,Neoprotero
1.42,907.89,Neoprotero
1.69,907.86,Neoprotero
1.56,906.98,Neoprotero
1.69,906.07,Neoprotero
2.15,906.03,Neoprotero
2.75,905.98,Neoprotero
2.42,905.11,Neoprotero
2.68,905.09,Neoprotero
3.28,905.03,Neoprotero
2.81,904.18,Neoprotero
3.08,904.16,Neoprotero
3.34,904.13,Neoprotero
1.95,903.36,Neoprotero
3.94,903.18,Neoprotero
5,903.09,Neoprotero
3.74,902.31,Neoprotero
4.14,902.27,Neoprotero
4.54,902.24,Neoprotero
4.01,901.39,Neoprotero
4.93,901.3,Neoprotero
4.87,900.42,Neoprotero
5.13,900.39,Neoprotero
4.27,899.57,Neoprotero
5.07,899.5,Neoprotero
5.26,899.48,Neoprotero
5.46,899.47,Neoprotero
3.21,898.77,Neoprotero
3.48,898.75,Neoprotero
4.07,898.7,Neoprotero
3.08,897.89,Neoprotero
3.54,897.85,Neoprotero
3.41,896.96,Neoprotero
3.74,896.93,Neoprotero
3.87,896.03,Neoprotero
4.01,896.02,Neoprotero
4.27,895.99,Neoprotero
4.34,895.09,Neoprotero
4.01,894.22,Neoprotero
4.14,894.21,Neoprotero
4.74,894.16,Neoprotero
4.27,893.31,Neoprotero
4.4,893.29,Neoprotero
4.14,892.42,Neoprotero
4.34,891.51,Neoprotero
5.4,891.41,Neoprotero
4.54,890.6,Neoprotero
4.67,890.58,Neoprotero
4.93,890.56,Neoprotero
5.2,890.54,Neoprotero
4.4,889.71,Neoprotero
4.6,888.8,Neoprotero
4.8,888.78,Neoprotero
4.4,887.92,Neoprotero
5.26,887.85,Neoprotero
4.07,887.06,Neoprotero
4.01,887.06,Neoprotero
4.27,887.04,Neoprotero
4.6,887.01,Neoprotero
3.74,886.19,Neoprotero
5,886.08,Neoprotero
4.21,885.25,Neoprotero
4.47,885.23,Neoprotero
4.6,885.22,Neoprotero
5.33,885.15,Neoprotero
4.14,884.36,Neoprotero
4.34,884.35,Neoprotero
3.68,883.51,Neoprotero
3.81,883.5,Neoprotero
3.94,883.49,Neoprotero
4.27,882.56,Neoprotero
3.01,881.78,Neoprotero
3.68,881.72,Neoprotero
3.94,881.7,Neoprotero
3.34,880.85,Neoprotero
3.94,880.8,Neoprotero
3.01,879.99,Neoprotero
3.48,879.95,Neoprotero
4.34,879.87,Neoprotero
3.15,879.08,Neoprotero
4.8,878.93,Neoprotero
5.46,878.87,Neoprotero
4.67,878.05,Neoprotero
5.4,877.98,Neoprotero
5,877.12,Neoprotero
5.13,877.11,Neoprotero
5.26,877.1,Neoprotero
5,876.23,Neoprotero
4.54,875.38,Neoprotero
5.13,875.32,Neoprotero
3.81,874.55,Neoprotero
4.74,874.46,Neoprotero
5.26,874.42,Neoprotero
4.21,873.61,Neoprotero
4.4,873.6,Neoprotero
4.6,872.68,Neoprotero
4.74,872.67,Neoprotero
4.93,872.65,Neoprotero
5.26,872.62,Neoprotero
4.67,871.78,Neoprotero
5.13,871.74,Neoprotero
4.34,870.02,Neoprotero
4.47,870.01,Neoprotero
4.6,870,Neoprotero
4.87,869.97,Neoprotero
4.14,869.14,Neoprotero
4.6,868.21,Neoprotero
4.87,868.18,Neoprotero
5,867.28,Neoprotero
5.2,867.26,Neoprotero
5.46,867.23,Neoprotero
5.33,866.35,Neoprotero
4.87,865.5,Neoprotero
5.26,865.46,Neoprotero
5.73,865.42,Neoprotero
5.86,865.41,Neoprotero
5.53,864.54,Neoprotero
6.13,864.49,Neoprotero
5.66,863.64,Neoprotero
5.13,862.79,Neoprotero
5.26,862.78,Neoprotero
5.4,862.76,Neoprotero
4.54,861.95,Neoprotero
4.47,861.95,Neoprotero
4.93,861.91,Neoprotero
4.74,861.03,Neoprotero
4.67,860.14,Neoprotero
5.2,860.1,Neoprotero
4.21,859.29,Neoprotero
5,859.22,Neoprotero
4.67,858.35,Neoprotero
4.87,858.34,Neoprotero
4.47,857.48,Neoprotero
4.27,856.6,Neoprotero
4.74,856.56,Neoprotero
4.87,855.65,Neoprotero
3.87,854.84,Neoprotero
4.07,854.83,Neoprotero
4.21,854.81,Neoprotero
3.61,853.97,Neoprotero
3.81,853.95,Neoprotero
3.68,853.07,Neoprotero
3.87,853.05,Neoprotero
4.01,852.15,Neoprotero
4.34,851.22,Neoprotero
4.07,850.35,Neoprotero
4.47,850.31,Neoprotero
3.15,849.54,Neoprotero
4.21,849.44,Neoprotero
4.4,849.42,Neoprotero
4.87,849.38,Neoprotero
3.81,847.69,Neoprotero
4.21,847.65,Neoprotero
4.47,847.63,Neoprotero
3.61,846.81,Neoprotero
4.07,846.77,Neoprotero
2.62,846,Neoprotero
3.54,845.92,Neoprotero
3.87,844.99,Neoprotero
3.61,844.12,Neoprotero
4.01,844.09,Neoprotero
3.74,843.22,Neoprotero
3.87,843.2,Neoprotero
4.07,842.29,Neoprotero
4.4,842.26,Neoprotero
4.07,841.4,Neoprotero
4.74,841.34,Neoprotero
4.93,840.42,Neoprotero
5.07,840.41,Neoprotero
5.2,840.4,Neoprotero
4.34,839.58,Neoprotero
4.74,839.55,Neoprotero
4.87,839.53,Neoprotero
4.47,837.78,Neoprotero
4.6,837.77,Neoprotero
4.8,837.75,Neoprotero
4.87,837.74,Neoprotero
3.08,837.01,Neoprotero
4.14,836.91,Neoprotero
5,836.84,Neoprotero
5.33,836.81,Neoprotero
2.95,836.12,Neoprotero
3.74,836.05,Neoprotero
4.4,835.99,Neoprotero
3.94,835.14,Neoprotero
4.14,835.12,Neoprotero
4.27,835.11,Neoprotero
3.87,833.36,Neoprotero
4.14,833.33,Neoprotero
4.4,833.31,Neoprotero
2.48,832.58,Neoprotero
4.21,832.43,Neoprotero
4.67,832.39,Neoprotero
5,832.36,Neoprotero
4.54,831.51,Neoprotero
5.13,831.45,Neoprotero
1.89,830.85,Neoprotero
3.48,830.7,Neoprotero
4.87,830.58,Neoprotero
5.86,830.49,Neoprotero
5.4,829.64,Neoprotero
5.6,829.62,Neoprotero
5.66,829.61,Neoprotero
4.67,828.81,Neoprotero
5.2,828.76,Neoprotero
5,827.88,Neoprotero
0.83,827.36,Neoprotero
1.56,827.3,Neoprotero
2.88,827.18,Neoprotero
3.48,827.12,Neoprotero
4.87,827,Neoprotero
2.02,826.36,Neoprotero
2.48,826.32,Neoprotero
2.75,826.29,Neoprotero
1.42,825.52,Neoprotero
3.87,825.3,Neoprotero
4.07,825.28,Neoprotero
4.47,825.24,Neoprotero
8.38,824.89,Neoprotero
5.2,824.28,Neoprotero
5.53,824.25,Neoprotero
5.73,824.24,Neoprotero
6.46,824.17,Neoprotero
3.28,823.56,Neoprotero
3.68,823.52,Neoprotero
3.81,823.51,Neoprotero
5.13,823.39,Neoprotero
2.88,822.7,Neoprotero
3.15,822.68,Neoprotero
4.27,822.58,Neoprotero
4.8,822.53,Neoprotero
1.69,821.91,Neoprotero
3.28,821.77,Neoprotero
3.61,821.74,Neoprotero
4.01,821.7,Neoprotero
3.48,820.86,Neoprotero
4.14,820.8,Neoprotero
3.74,819.94,Neoprotero
4.01,819.91,Neoprotero
4.34,819.88,Neoprotero
4.21,819,Neoprotero
4.67,818.96,Neoprotero
4.87,818.94,Neoprotero
5,818.93,Neoprotero
4.8,818.05,Neoprotero
5.33,818,Neoprotero
5.2,817.12,Neoprotero
5.53,817.09,Neoprotero
5.66,817.08,Neoprotero
5.86,817.06,Neoprotero
6.06,817.04,Neoprotero
6.46,816.11,Neoprotero
4.74,815.37,Neoprotero
5.46,815.31,Neoprotero
5.6,815.29,Neoprotero
6.19,815.24,Neoprotero
6.59,815.21,Neoprotero
5.93,814.37,Neoprotero
6.13,814.35,Neoprotero
6.32,814.33,Neoprotero
6.19,813.45,Neoprotero
6.79,813.4,Neoprotero
6.85,813.39,Neoprotero
7.12,813.37,Neoprotero
3.68,812.78,Neoprotero
6.46,812.53,Neoprotero
6.59,812.52,Neoprotero
7.52,812.44,Neoprotero
7.72,812.42,Neoprotero
6.06,811.67,Neoprotero
6.32,811.65,Neoprotero
7.05,811.58,Neoprotero
7.38,811.55,Neoprotero
6.85,810.71,Neoprotero
7.58,810.64,Neoprotero
7.78,810.62,Neoprotero
6.06,809.88,Neoprotero
6.19,809.87,Neoprotero
6.52,809.84,Neoprotero
6.72,809.82,Neoprotero
7.19,809.78,Neoprotero
4.54,809.12,Neoprotero
4.74,809.1,Neoprotero
5.2,809.06,Neoprotero
6.32,808.96,Neoprotero
-1.89,808.8,Neoprotero
-0.03,808.64,Neoprotero
0.17,808.62,Neoprotero
0.89,808.55,Neoprotero
1.42,808.51,Neoprotero
1.56,808.49,Neoprotero
1.62,808.49,Neoprotero
1.89,808.46,Neoprotero
2.15,808.44,Neoprotero
2.75,808.39,Neoprotero
3.81,808.29,Neoprotero
4.07,808.27,Neoprotero
4.21,808.26,Neoprotero
4.67,808.22,Neoprotero
5,808.19,Neoprotero
5.07,808.18,Neoprotero
5.26,808.16,Neoprotero
5.4,808.15,Neoprotero
5.46,808.14,Neoprotero
-0.43,807.78,Neoprotero
-0.23,807.76,Neoprotero
-0.89,806.92,Neoprotero
-0.76,806.91,Neoprotero
-0.56,806.89,Neoprotero
-0.36,806.88,Neoprotero
-1.29,806.06,Neoprotero
-1.16,806.05,Neoprotero
-1.03,806.04,Neoprotero
-1.42,805.18,Neoprotero
-1.03,805.14,Neoprotero
-1.29,804.27,Neoprotero
-1.16,804.26,Neoprotero
-1.42,803.39,Neoprotero
-1.03,803.35,Neoprotero
-0.7,803.32,Neoprotero
-0.17,803.28,Neoprotero
-0.83,802.44,Neoprotero
-0.36,802.4,Neoprotero
-0.76,801.54,Neoprotero
-0.63,801.53,Neoprotero
-0.23,801.49,Neoprotero
-0.03,801.47,Neoprotero
0.1,801.46,Neoprotero
-1.49,800.71,Neoprotero
0.23,800.55,Neoprotero
0.36,800.54,Neoprotero
0.5,800.53,Neoprotero
-0.76,799.75,Neoprotero
-0.5,799.72,Neoprotero
-0.36,799.71,Neoprotero
-0.17,799.69,Neoprotero
-0.03,798.79,Neoprotero
0.5,798.74,Neoprotero
-0.36,797.92,Neoprotero
-0.1,797.9,Neoprotero
0.1,797.88,Neoprotero
0.23,797.87,Neoprotero
-1.29,797.11,Neoprotero
-1.16,797.1,Neoprotero
-0.83,797.07,Neoprotero
-0.7,797.06,Neoprotero
-0.43,797.03,Neoprotero
-0.23,797.01,Neoprotero
0.76,796.93,Neoprotero
-3.21,796.39,Neoprotero
-2.35,796.31,Neoprotero
-2.09,796.29,Neoprotero
-1.89,796.27,Neoprotero
-0.96,796.18,Neoprotero
-3.54,795.52,Neoprotero
-3.01,795.47,Neoprotero
-2.68,795.44,Neoprotero
-2.55,795.43,Neoprotero
-2.09,795.39,Neoprotero
-1.56,795.34,Neoprotero
-3.08,794.58,Neoprotero
-2.22,794.51,Neoprotero
-1.36,794.43,Neoprotero
-1.09,794.41,Neoprotero
-0.89,794.39,Neoprotero
1.69,794.16,Neoprotero
1.75,794.15,Neoprotero
1.36,793.29,Neoprotero
1.69,793.26,Neoprotero
2.02,793.23,Neoprotero
2.15,793.22,Neoprotero
2.42,793.2,Neoprotero
2.75,793.17,Neoprotero
2.88,793.15,Neoprotero
3.08,793.14,Neoprotero
2.15,792.32,Neoprotero
2.28,792.31,Neoprotero
2.62,792.28,Neoprotero
3.28,792.22,Neoprotero
3.41,792.21,Neoprotero
3.61,792.19,Neoprotero
1.03,791.53,Neoprotero
2.48,791.4,Neoprotero
2.75,791.38,Neoprotero
3.01,791.35,Neoprotero
3.68,791.29,Neoprotero
2.88,790.47,Neoprotero
3.21,790.44,Neoprotero
3.34,790.43,Neoprotero
3.48,790.42,Neoprotero
4.54,790.32,Neoprotero
5.2,790.26,Neoprotero
5.6,790.23,Neoprotero
5.79,790.21,Neoprotero
5.93,790.2,Neoprotero
6.19,790.17,Neoprotero
6.66,790.13,Neoprotero
4.27,789.45,Neoprotero
4.6,789.42,Neoprotero
6.06,789.29,Neoprotero
6.72,789.23,Neoprotero
7.72,789.14,Neoprotero
4.14,788.57,Neoprotero
4.34,788.55,Neoprotero
5,788.49,Neoprotero
5.33,788.46,Neoprotero
3.54,787.72,Neoprotero
4.01,787.68,Neoprotero
4.74,787.62,Neoprotero
4.87,787.61,Neoprotero
5.13,787.58,Neoprotero
6.85,787.43,Neoprotero
2.75,786.9,Neoprotero
4.27,786.76,Neoprotero
4.4,786.75,Neoprotero
5,786.7,Neoprotero
6.06,786.6,Neoprotero
3.81,785.91,Neoprotero
3.94,785.9,Neoprotero
4.14,785.88,Neoprotero
4.87,785.81,Neoprotero
5.53,785.76,Neoprotero
5.73,785.74,Neoprotero
4.27,784.97,Neoprotero
4.4,784.96,Neoprotero
5,784.91,Neoprotero
3.34,784.16,Neoprotero
3.81,784.12,Neoprotero
3.94,784.11,Neoprotero
4.07,784.1,Neoprotero
4.21,784.08,Neoprotero
3.15,783.28,Neoprotero
3.54,783.25,Neoprotero
4.27,783.18,Neoprotero
4.8,783.13,Neoprotero
5.07,783.11,Neoprotero
5.2,783.1,Neoprotero
5.46,783.08,Neoprotero
5.66,782.16,Neoprotero
5.86,782.14,Neoprotero
3.94,781.42,Neoprotero
4.93,781.33,Neoprotero
5.07,781.32,Neoprotero
5.46,781.28,Neoprotero
5.6,781.27,Neoprotero
5.99,781.24,Neoprotero
6.06,781.23,Neoprotero
6.46,781.2,Neoprotero
4.6,780.47,Neoprotero
4.8,780.45,Neoprotero
4.93,780.44,Neoprotero
5.79,780.36,Neoprotero
6.52,780.29,Neoprotero
5.53,779.49,Neoprotero
5.46,779.49,Neoprotero
5.66,779.48,Neoprotero
6.32,779.42,Neoprotero
5.93,778.56,Neoprotero
6.06,778.55,Neoprotero
6.19,778.53,Neoprotero
6.46,778.51,Neoprotero
6.72,778.49,Neoprotero
5.46,777.7,Neoprotero
5.79,777.67,Neoprotero
6.59,777.6,Neoprotero
6.99,777.57,Neoprotero
7.12,777.56,Neoprotero
5.33,776.82,Neoprotero
5.99,776.76,Neoprotero
6.32,776.73,Neoprotero
6.72,776.7,Neoprotero
7.32,776.64,Neoprotero
4.14,776.03,Neoprotero
4.93,775.96,Neoprotero
5.73,775.89,Neoprotero
6.19,775.85,Neoprotero
7.05,775.77,Neoprotero
7.19,775.76,Neoprotero
5.13,775.05,Neoprotero
6.66,774.91,Neoprotero
6.72,774.9,Neoprotero
7.12,774.87,Neoprotero
7.38,774.85,Neoprotero
3.87,774.26,Neoprotero
5.73,774.1,Neoprotero
5.93,774.08,Neoprotero
6.13,774.06,Neoprotero
6.32,774.04,Neoprotero
7.32,773.96,Neoprotero
2.62,773.48,Neoprotero
3.15,773.43,Neoprotero
3.48,773.4,Neoprotero
3.87,773.37,Neoprotero
4.14,773.35,Neoprotero
4.74,773.29,Neoprotero
2.81,772.57,Neoprotero
3.01,772.55,Neoprotero
3.68,772.49,Neoprotero
4.4,772.43,Neoprotero
4.6,772.41,Neoprotero
5.93,772.29,Neoprotero
6.32,772.25,Neoprotero
3.81,771.58,Neoprotero
4.6,771.51,Neoprotero
4.87,771.49,Neoprotero
6.13,771.38,Neoprotero
6.19,771.37,Neoprotero
7.19,771.28,Neoprotero
7.32,771.27,Neoprotero
7.65,771.24,Neoprotero
5.66,770.52,Neoprotero
5.79,770.51,Neoprotero
7.45,770.36,Neoprotero
7.58,770.35,Neoprotero
5.46,769.65,Neoprotero
7.12,769.5,Neoprotero
7.32,769.48,Neoprotero
7.72,769.44,Neoprotero
7.98,769.42,Neoprotero
8.11,769.41,Neoprotero
6.85,768.63,Neoprotero
7.12,768.6,Neoprotero
7.45,768.57,Neoprotero
7.85,768.54,Neoprotero
8.05,768.52,Neoprotero
6.85,767.73,Neoprotero
7.32,767.69,Neoprotero
7.52,767.67,Neoprotero
7.65,767.66,Neoprotero
5,767,Neoprotero
6.72,766.85,Neoprotero
7.05,766.82,Neoprotero
7.19,766.81,Neoprotero
7.45,766.78,Neoprotero
7.91,766.74,Neoprotero
8.25,766.71,Neoprotero
7.38,765.89,Neoprotero
7.78,765.86,Neoprotero
8.11,765.83,Neoprotero
8.25,765.82,Neoprotero
6.13,765.11,Neoprotero
6.85,765.04,Neoprotero
7.32,765,Neoprotero
7.58,764.98,Neoprotero
7.98,764.94,Neoprotero
6.66,764.17,Neoprotero
7.12,764.13,Neoprotero
7.45,764.1,Neoprotero
7.85,764.06,Neoprotero
8.05,764.04,Neoprotero
8.18,764.03,Neoprotero
8.38,764.01,Neoprotero
8.58,763.99,Neoprotero
6.72,763.27,Neoprotero
7.12,763.23,Neoprotero
7.72,763.18,Neoprotero
7.98,763.15,Neoprotero
8.31,763.12,Neoprotero
4.27,762.59,Neoprotero
4.54,762.57,Neoprotero
4.67,762.55,Neoprotero
5.79,762.45,Neoprotero
6.19,762.42,Neoprotero
6.39,762.4,Neoprotero
7.45,762.31,Neoprotero
8.84,762.18,Neoprotero
2.42,761.86,Neoprotero
4.87,761.64,Neoprotero
5.33,761.6,Neoprotero
5.4,761.59,Neoprotero
5.53,761.58,Neoprotero
6.52,761.49,Neoprotero
2.22,760.98,Neoprotero
2.35,760.97,Neoprotero
4.27,760.8,Neoprotero
4.74,760.76,Neoprotero
4.07,759.92,Neoprotero
4.87,759.85,Neoprotero
5.46,759.8,Neoprotero
5.79,759.77,Neoprotero
5.99,759.75,Neoprotero
6.32,759.72,Neoprotero
6.66,759.69,Neoprotero
5.86,758.87,Neoprotero
6.46,758.81,Neoprotero
6.92,758.77,Neoprotero
7.05,758.76,Neoprotero
7.19,758.75,Neoprotero
7.32,758.74,Neoprotero
4.74,758.07,Neoprotero
5.53,758,Neoprotero
5.73,757.98,Neoprotero
6.46,757.92,Neoprotero
6.72,757.89,Neoprotero
7.52,757.82,Neoprotero
6.92,756.98,Neoprotero
7.25,756.95,Neoprotero
7.85,756.9,Neoprotero
7.78,756.9,Neoprotero
8.25,756.86,Neoprotero
8.58,756.83,Neoprotero
6.52,756.12,Neoprotero
7.58,756.03,Neoprotero
8.18,755.97,Neoprotero
8.91,755.91,Neoprotero
9.17,755.88,Neoprotero
7.65,755.12,Neoprotero
8.11,755.08,Neoprotero
8.64,755.04,Neoprotero
8.84,755.02,Neoprotero
9.44,754.96,Neoprotero
7.38,754.25,Neoprotero
7.72,754.22,Neoprotero
7.91,754.21,Neoprotero
8.44,754.16,Neoprotero
8.71,754.13,Neoprotero
9.11,754.1,Neoprotero
1.82,753.86,Neoprotero
2.09,753.83,Neoprotero
2.22,753.82,Neoprotero
3.48,753.71,Neoprotero
4.27,753.64,Neoprotero
7.98,753.3,Neoprotero
8.25,753.28,Neoprotero
8.38,753.27,Neoprotero
8.84,753.23,Neoprotero
0.7,753.06,Neoprotero
1.69,752.97,Neoprotero
2.02,752.94,Neoprotero
2.35,752.91,Neoprotero
2.48,752.9,Neoprotero
2.62,752.89,Neoprotero
2.75,752.88,Neoprotero
2.95,752.86,Neoprotero
3.15,752.84,Neoprotero
3.21,752.84,Neoprotero
3.68,752.79,Neoprotero
3.81,752.78,Neoprotero
4.67,752.71,Neoprotero
8.51,752.36,Neoprotero
0.43,752.19,Neoprotero
1.29,752.11,Neoprotero
1.42,752.1,Neoprotero
1.56,752.09,Neoprotero
1.69,752.08,Neoprotero
1.82,752.07,Neoprotero
2.22,752.03,Neoprotero
2.48,752.01,Neoprotero
2.62,751.99,Neoprotero
2.88,751.97,Neoprotero
0.56,751.28,Neoprotero
0.7,751.27,Neoprotero
0.83,751.26,Neoprotero
1.03,751.24,Neoprotero
1.16,751.23,Neoprotero
1.89,751.16,Neoprotero
2.09,751.15,Neoprotero
3.81,750.99,Neoprotero
-2.09,750.62,Neoprotero
-1.69,750.59,Neoprotero
-0.36,750.47,Neoprotero
-0.17,750.45,Neoprotero
0.1,750.43,Neoprotero
1.29,750.32,Neoprotero
1.42,750.31,Neoprotero
1.56,750.3,Neoprotero
1.82,750.27,Neoprotero
2.22,750.24,Neoprotero
2.42,750.22,Neoprotero
2.68,750.2,Neoprotero
3.01,750.17,Neoprotero
-0.83,749.62,Neoprotero
-0.03,749.55,Neoprotero
0.3,749.52,Neoprotero
0.56,749.49,Neoprotero
0.83,749.47,Neoprotero
0.96,749.46,Neoprotero
1.09,749.44,Neoprotero
1.62,749.4,Neoprotero
2.02,749.36,Neoprotero
-4.6,749.06,Neoprotero
-0.56,748.7,Neoprotero
0.1,748.64,Neoprotero
0.43,748.61,Neoprotero
0.7,748.58,Neoprotero
1.23,748.54,Neoprotero
1.29,748.53,Neoprotero
1.42,748.52,Neoprotero
1.56,748.51,Neoprotero
1.75,748.49,Neoprotero
2.48,748.42,Neoprotero
2.81,748.39,Neoprotero
3.08,748.37,Neoprotero
3.15,748.37,Neoprotero
3.28,748.35,Neoprotero
3.61,748.32,Neoprotero
-3.68,748.08,Neoprotero
-3.41,748.06,Neoprotero
-3.01,748.02,Neoprotero
-2.88,748.01,Neoprotero
-2.62,747.99,Neoprotero
-2.48,747.97,Neoprotero
-2.42,747.97,Neoprotero
-1.69,747.9,Neoprotero
-1.42,747.88,Neoprotero
-0.63,747.81,Neoprotero
-0.36,747.78,Neoprotero
-0.23,747.77,Neoprotero
-0.1,747.76,Neoprotero
0.63,747.7,Neoprotero
0.83,747.68,Neoprotero
1.62,747.61,Neoprotero
-2.28,747.06,Neoprotero
-2.22,747.05,Neoprotero
-2.09,747.04,Neoprotero
-2.02,747.04,Neoprotero
-1.75,747.01,Neoprotero
-1.56,747,Neoprotero
-1.29,746.97,Neoprotero
-0.96,746.94,Neoprotero
-0.17,746.87,Neoprotero
0.43,746.82,Neoprotero
1.75,746.7,Neoprotero
2.48,746.63,Neoprotero
-1.09,746.06,Neoprotero
-0.3,745.99,Neoprotero
0.03,745.96,Neoprotero
0.17,745.95,Neoprotero
0.3,745.93,Neoprotero
0.7,745.9,Neoprotero
0.89,745.88,Neoprotero
1.09,745.86,Neoprotero
1.23,745.85,Neoprotero
1.62,745.82,Neoprotero
1.95,745.79,Neoprotero
2.22,745.76,Neoprotero
2.35,745.75,Neoprotero
2.88,745.7,Neoprotero
0.56,745.02,Neoprotero
1.42,744.94,Neoprotero
1.75,744.91,Neoprotero
1.89,744.9,Neoprotero
2.09,744.88,Neoprotero
2.48,744.84,Neoprotero
3.21,744.78,Neoprotero
5,744.62,Neoprotero
0.1,744.16,Neoprotero
0.23,744.15,Neoprotero
0.43,744.13,Neoprotero
0.76,744.1,Neoprotero
0.89,744.09,Neoprotero
2.22,743.97,Neoprotero
2.75,743.92,Neoprotero
2.88,743.91,Neoprotero
3.01,743.9,Neoprotero
3.68,743.84,Neoprotero
4.67,743.75,Neoprotero
0.89,743.2,Neoprotero
1.23,743.17,Neoprotero
1.36,743.15,Neoprotero
1.49,743.14,Neoprotero
1.62,743.13,Neoprotero
1.75,743.12,Neoprotero
2.42,743.06,Neoprotero
0.23,742.36,Neoprotero
0.56,742.33,Neoprotero
0.76,742.31,Neoprotero
1.95,742.2,Neoprotero
2.22,742.18,Neoprotero
2.35,742.17,Neoprotero
0.89,741.4,Neoprotero
1.42,741.36,Neoprotero
1.56,741.35,Neoprotero
1.69,741.33,Neoprotero
1.82,741.32,Neoprotero
2.09,741.3,Neoprotero
2.55,741.26,Neoprotero
2.88,741.23,Neoprotero
3.28,741.19,Neoprotero
-0.1,740.6,Neoprotero
0.43,740.55,Neoprotero
0.7,740.53,Neoprotero
1.03,740.5,Neoprotero
2.28,740.38,Neoprotero
2.48,740.37,Neoprotero
3.01,740.32,Neoprotero
0.17,739.68,Neoprotero
1.49,739.56,Neoprotero
1.89,739.52,Neoprotero
2.02,739.51,Neoprotero
2.22,739.5,Neoprotero
2.55,739.47,Neoprotero
2.68,739.45,Neoprotero
2.88,739.44,Neoprotero
2.42,738.58,Neoprotero
3.15,738.52,Neoprotero
3.28,738.51,Neoprotero
2.35,737.69,Neoprotero
2.62,737.67,Neoprotero
2.81,737.65,Neoprotero
3.01,737.63,Neoprotero
3.41,737.6,Neoprotero
3.61,737.58,Neoprotero
4.4,737.51,Neoprotero
-4.54,737.41,Neoprotero
-0.89,737.09,Neoprotero
0.1,737,Neoprotero
1.89,736.84,Neoprotero
2.22,736.81,Neoprotero
3.08,736.73,Neoprotero
3.28,736.71,Neoprotero
3.68,736.68,Neoprotero
-6.13,736.66,Neoprotero
3.87,736.66,Neoprotero
4.01,736.65,Neoprotero
-5.6,736.61,Neoprotero
-5.07,736.57,Neoprotero
-1.42,736.24,Neoprotero
-0.43,736.15,Neoprotero
-0.17,736.13,Neoprotero
-0.03,736.12,Neoprotero
0.23,736.09,Neoprotero
0.7,736.05,Neoprotero
0.76,736.04,Neoprotero
0.89,736.03,Neoprotero
1.09,736.01,Neoprotero
1.49,735.98,Neoprotero
2.35,735.9,Neoprotero
-5.46,735.71,Neoprotero
-5.33,735.69,Neoprotero
-4.47,735.62,Neoprotero
-1.89,735.39,Neoprotero
-1.75,735.37,Neoprotero
-1.49,735.35,Neoprotero
-1.29,735.33,Neoprotero
-0.7,735.28,Neoprotero
-0.17,735.23,Neoprotero
0.3,735.19,Neoprotero
0.43,735.18,Neoprotero
-5.99,734.86,Neoprotero
-4.6,734.73,Neoprotero
-4.21,734.7,Neoprotero
-3.34,734.62,Neoprotero
-3.21,734.61,Neoprotero
-2.95,734.59,Neoprotero
-2.55,733.65,Neoprotero
-1.95,733.6,Neoprotero
-1.42,733.55,Neoprotero
-0.96,733.51,Neoprotero
-0.76,733.49,Neoprotero
0.03,732.53,Neoprotero
0.36,732.5,Neoprotero
0.5,731.59,Neoprotero
0.89,731.56,Neoprotero
1.16,731.53,Neoprotero
1.49,731.5,Neoprotero
-0.56,730.79,Neoprotero
0.1,730.73,Neoprotero
0.96,730.65,Neoprotero
1.09,730.64,Neoprotero
3.68,730.41,Neoprotero
3.28,729.55,Neoprotero
4.47,729.45,Neoprotero
4.8,729.42,Neoprotero
4.93,729.4,Neoprotero
5.07,729.39,Neoprotero
5.2,729.38,Neoprotero
5.33,729.37,Neoprotero
5.53,729.35,Neoprotero
5.66,729.34,Neoprotero
5.79,729.33,Neoprotero
5.99,729.31,Neoprotero
6.13,729.3,Neoprotero
6.26,729.29,Neoprotero
6.66,729.25,Neoprotero
6.79,729.24,Neoprotero
7.38,729.18,Neoprotero
0.17,728.94,Neoprotero
3.48,728.64,Neoprotero
4.21,728.57,Neoprotero
4.47,728.55,Neoprotero
5.93,728.42,Neoprotero
6.52,728.37,Neoprotero
6.46,728.37,Neoprotero
6.79,728.34,Neoprotero
4.01,727.7,Neoprotero
4.34,727.67,Neoprotero
4.93,727.61,Neoprotero
5.2,727.59,Neoprotero
5.33,727.58,Neoprotero
5.53,727.56,Neoprotero
5.79,727.54,Neoprotero
5.99,727.52,Neoprotero
6.13,727.51,Neoprotero
6.26,727.49,Neoprotero
6.99,727.43,Neoprotero
4.4,726.77,Neoprotero
4.54,726.75,Neoprotero
4.67,726.74,Neoprotero
4.8,726.73,Neoprotero
5.66,726.65,Neoprotero
6.32,726.59,Neoprotero
4.07,725.9,Neoprotero
5,725.82,Neoprotero
5.2,725.8,Neoprotero
5.46,725.77,Neoprotero
5.86,725.74,Neoprotero
5.99,725.73,Neoprotero
6.19,725.71,Neoprotero
1.16,725.26,Neoprotero
1.36,725.25,Neoprotero
1.56,725.23,Neoprotero
2.09,725.18,Neoprotero
3.01,725.1,Neoprotero
3.28,725.08,Neoprotero
4.27,724.99,Neoprotero
4.34,724.98,Neoprotero
4.47,724.97,Neoprotero
4.8,724.94,Neoprotero
5.33,724.89,Neoprotero
5.73,724.86,Neoprotero
5.66,724.86,Neoprotero
6.13,724.82,Neoprotero
6.32,724.8,Neoprotero
6.46,724.79,Neoprotero
6.72,724.77,Neoprotero
-1.69,724.62,Neoprotero
-0.3,724.5,Neoprotero
0.03,724.47,Neoprotero
1.23,724.36,Neoprotero
1.49,724.34,Neoprotero
1.75,724.32,Neoprotero
1.95,724.3,Neoprotero
2.28,724.27,Neoprotero
2.48,724.25,Neoprotero
2.62,724.24,Neoprotero
2.75,724.23,Neoprotero
3.68,724.14,Neoprotero
3.81,724.13,Neoprotero
4.07,724.11,Neoprotero
5,724.03,Neoprotero
5.13,724.01,Neoprotero
5.46,723.98,Neoprotero
5.86,723.95,Neoprotero
5.99,723.94,Neoprotero
-0.3,723.6,Neoprotero
1.29,723.46,Neoprotero
1.82,723.42,Neoprotero
2.48,723.36,Neoprotero
2.95,723.31,Neoprotero
4.21,723.2,Neoprotero
4.4,723.18,Neoprotero
-1.69,722.83,Neoprotero
-0.7,722.75,Neoprotero
0.1,722.67,Neoprotero
1.09,722.58,Neoprotero
1.49,722.55,Neoprotero
1.69,722.53,Neoprotero
2.09,722.5,Neoprotero
2.81,722.43,Neoprotero
2.88,722.42,Neoprotero
3.21,722.4,Neoprotero
4.6,722.27,Neoprotero
3.28,721.49,Neoprotero
5.6,721.29,Neoprotero
5.86,721.26,Neoprotero
6.39,721.22,Neoprotero
6.59,721.2,Neoprotero
6.72,721.19,Neoprotero
0.7,720.83,Neoprotero
2.09,720.71,Neoprotero
2.28,720.69,Neoprotero
2.48,720.67,Neoprotero
2.68,720.65,Neoprotero
2.95,720.63,Neoprotero
3.08,720.62,Neoprotero
4.8,720.46,Neoprotero
0.89,719.92,Neoprotero
1.82,719.83,Neoprotero
1.95,719.82,Neoprotero
2.15,719.8,Neoprotero
0.56,719.05,Neoprotero
1.29,718.99,Neoprotero
1.49,718.97,Neoprotero
1.62,718.96,Neoprotero
1.69,718.95,Neoprotero
2.02,718.92,Neoprotero
2.28,718.9,Neoprotero
2.35,718.89,Neoprotero
2.48,718.88,Neoprotero
2.68,718.86,Neoprotero
3.21,718.81,Neoprotero
1.29,718.09,Neoprotero
1.62,718.06,Neoprotero
2.55,717.98,Neoprotero
2.95,717.94,Neoprotero
0.3,717.28,Neoprotero
0.89,717.23,Neoprotero
1.23,717.2,Neoprotero
1.82,717.15,Neoprotero
1.75,717.15,Neoprotero
2.02,717.13,Neoprotero
2.28,717.11,Neoprotero
2.42,717.09,Neoprotero
0.43,716.38,Neoprotero
0.56,716.37,Neoprotero
2.02,716.23,Neoprotero
2.42,716.2,Neoprotero
2.68,716.18,Neoprotero
-3.21,715.81,Neoprotero
-2.28,715.72,Neoprotero
-0.5,715.56,Neoprotero
-0.1,715.53,Neoprotero
0.3,715.49,Neoprotero
0.7,715.46,Neoprotero
1.03,715.43,Neoprotero
-3.48,714.94,Neoprotero
-2.95,714.89,Neoprotero
-2.68,714.87,Neoprotero
-2.42,714.84,Neoprotero
-2.15,714.82,Neoprotero
-1.29,714.74,Neoprotero
-0.7,714.69,Neoprotero
-0.56,714.68,Neoprotero
-0.43,714.66,Neoprotero
-0.23,714.65,Neoprotero
0.63,714.57,Neoprotero
1.03,714.53,Neoprotero
-4.14,659.49,Neoprotero
-2.62,659.35,Neoprotero
-2.42,659.33,Neoprotero
-1.89,659.28,Neoprotero
-1.69,659.27,Neoprotero
-1.49,659.25,Neoprotero
-0.7,659.18,Neoprotero
0.1,659.11,Neoprotero
0.3,659.09,Neoprotero
-2.35,658.43,Neoprotero
-1.42,658.35,Neoprotero
-1.23,658.33,Neoprotero
0.76,658.15,Neoprotero
1.36,658.1,Neoprotero
1.56,658.08,Neoprotero
-2.15,657.52,Neoprotero
-1.75,657.48,Neoprotero
-1.62,657.47,Neoprotero
-1.09,657.42,Neoprotero
-0.83,657.4,Neoprotero
-0.5,657.37,Neoprotero
-0.3,657.35,Neoprotero
0.96,657.24,Neoprotero
2.09,656.24,Neoprotero
2.28,656.22,Neoprotero
2.48,656.21,Neoprotero
2.62,656.2,Neoprotero
2.88,656.17,Neoprotero
3.01,656.16,Neoprotero
3.28,656.14,Neoprotero
3.48,656.12,Neoprotero
3.94,656.08,Neoprotero
4.07,656.06,Neoprotero
3.61,655.21,Neoprotero
3.81,655.19,Neoprotero
3.94,655.18,Neoprotero
4.4,655.14,Neoprotero
4.67,655.12,Neoprotero
4.8,655.1,Neoprotero
4.93,655.09,Neoprotero
5.07,655.08,Neoprotero
5.6,655.03,Neoprotero
5.73,655.02,Neoprotero
5.33,654.16,Neoprotero
5.86,654.11,Neoprotero
5.99,654.1,Neoprotero
6.85,654.03,Neoprotero
4.21,653.37,Neoprotero
4.93,653.3,Neoprotero
5.53,653.25,Neoprotero
5.93,653.21,Neoprotero
6.39,653.17,Neoprotero
7.05,653.11,Neoprotero
7.58,653.06,Neoprotero
1.42,652.72,Neoprotero
4.34,652.46,Neoprotero
4.47,652.45,Neoprotero
4.67,652.43,Neoprotero
5.07,652.39,Neoprotero
5.4,652.36,Neoprotero
5.6,652.35,Neoprotero
5.73,652.34,Neoprotero
6.06,652.31,Neoprotero
4.87,651.52,Neoprotero
5.13,651.49,Neoprotero
5.26,651.48,Neoprotero
5.86,651.43,Neoprotero
5.99,651.42,Neoprotero
6.26,651.39,Neoprotero
2.55,650.83,Neoprotero
3.68,650.73,Neoprotero
4.27,650.68,Neoprotero
4.54,650.65,Neoprotero
4.67,650.64,Neoprotero
5.46,650.57,Neoprotero
5.6,650.56,Neoprotero
1.16,650.06,Neoprotero
1.49,650.03,Neoprotero
3.81,649.82,Neoprotero
4.01,649.8,Neoprotero
4.6,649.75,Neoprotero
5.07,649.71,Neoprotero
1.03,649.17,Neoprotero
1.23,649.16,Neoprotero
2.28,649.06,Neoprotero
4.14,648.9,Neoprotero
4.27,648.88,Neoprotero
4.47,648.87,Neoprotero
4.74,648.84,Neoprotero
4.93,648.83,Neoprotero
7.32,648.61,Neoprotero
1.16,648.27,Neoprotero
3.41,648.07,Neoprotero
3.61,648.05,Neoprotero
3.94,648.02,Neoprotero
5.2,647.91,Neoprotero
5.66,647.86,Neoprotero
6.19,647.82,Neoprotero
7.25,647.72,Neoprotero
5.86,646.95,Neoprotero
6.66,646.88,Neoprotero
6.99,646.85,Neoprotero
7.12,646.84,Neoprotero
7.32,646.82,Neoprotero
7.45,646.81,Neoprotero
7.58,646.8,Neoprotero
8.05,646.76,Neoprotero
8.25,646.74,Neoprotero
8.51,646.71,Neoprotero
1.82,646.42,Neoprotero
2.02,646.4,Neoprotero
4.01,646.22,Neoprotero
4.14,646.21,Neoprotero
4.93,646.14,Neoprotero
6.19,646.03,Neoprotero
2.88,645.43,Neoprotero
5.53,645.19,Neoprotero
5.79,645.17,Neoprotero
5.99,645.15,Neoprotero
6.32,645.12,Neoprotero
6.46,645.11,Neoprotero
6.66,645.09,Neoprotero
6.85,645.07,Neoprotero
7.05,645.05,Neoprotero
7.19,645.04,Neoprotero
7.85,644.98,Neoprotero
8.25,644.95,Neoprotero
8.38,644.94,Neoprotero
8.44,644.93,Neoprotero
1.62,644.64,Neoprotero
3.41,644.48,Neoprotero
5,644.34,Neoprotero
7.45,644.12,Neoprotero
7.72,644.1,Neoprotero
8.97,643.99,Neoprotero
4.47,643.49,Neoprotero
5.53,643.4,Neoprotero
5.79,643.38,Neoprotero
6.66,643.3,Neoprotero
6.99,643.27,Neoprotero
7.19,643.25,Neoprotero
7.32,643.24,Neoprotero
8.25,643.16,Neoprotero
8.38,643.14,Neoprotero
4.07,642.63,Neoprotero
5.6,642.5,Neoprotero
5.99,642.46,Neoprotero
6.13,642.45,Neoprotero
-3.61,642.43,Neoprotero
6.52,642.42,Neoprotero
6.79,642.39,Neoprotero
-1.62,642.25,Neoprotero
-0.63,642.16,Neoprotero
-0.43,642.14,Neoprotero
1.09,642.01,Neoprotero
4.54,641.7,Neoprotero
4.67,641.69,Neoprotero
5,641.66,Neoprotero
5.4,641.62,Neoprotero
5.73,641.59,Neoprotero
6.06,641.56,Neoprotero
6.26,641.54,Neoprotero
6.39,641.53,Neoprotero
-1.29,641.32,Neoprotero
0.76,641.14,Neoprotero
1.29,641.09,Neoprotero
-7.38,640.97,Neoprotero
2.62,640.97,Neoprotero
2.81,640.96,Neoprotero
-6.59,640.9,Neoprotero
3.41,640.9,Neoprotero
-6.13,640.86,Neoprotero
-5.26,640.79,Neoprotero
5.07,640.76,Neoprotero
-5,640.76,Neoprotero
-4.8,640.74,Neoprotero
-4.27,640.7,Neoprotero
-4.07,640.68,Neoprotero
-4.14,640.68,Neoprotero
6.19,640.65,Neoprotero
-3.81,640.65,Neoprotero
6.92,640.59,Neoprotero
-6.06,639.96,Neoprotero
-5.86,639.94,Neoprotero
-4.93,639.86,Neoprotero
-4.6,639.83,Neoprotero
-3.61,639.74,Neoprotero
-3.28,639.71,Neoprotero
-3.15,639.7,Neoprotero
-5.07,634.5,Neoprotero
-4.93,634.49,Neoprotero
-4.74,634.47,Neoprotero
-4.67,634.46,Neoprotero
-4.01,634.41,Neoprotero
-3.54,634.36,Neoprotero
-3.28,634.34,Neoprotero
-4.8,633.58,Neoprotero
-4.6,633.56,Neoprotero
-4.47,633.55,Neoprotero
-4.27,633.53,Neoprotero
-4.14,633.52,Neoprotero
-3.94,633.5,Neoprotero
-3.81,633.49,Neoprotero
-3.68,633.48,Neoprotero
-3.41,632.56,Neoprotero
-3.28,632.55,Neoprotero
-3.15,632.54,Neoprotero
-3.01,632.53,Neoprotero
-2.81,632.51,Neoprotero
-2.62,632.49,Neoprotero
-2.48,632.48,Neoprotero
-2.35,632.47,Neoprotero
-2.95,631.62,Neoprotero
-2.75,631.61,Neoprotero
-2.09,631.55,Neoprotero
-1.89,631.53,Neoprotero
-1.75,631.52,Neoprotero
-2.55,630.69,Neoprotero
-2.35,630.68,Neoprotero
-2.22,630.66,Neoprotero
-1.56,630.6,Neoprotero
-1.42,630.59,Neoprotero
-1.29,630.58,Neoprotero
-1.09,630.56,Neoprotero
-0.89,630.55,Neoprotero
-1.03,629.66,Neoprotero
-0.76,629.64,Neoprotero
-0.63,629.63,Neoprotero
-0.5,629.61,Neoprotero
-0.36,629.6,Neoprotero
-0.89,628.75,Neoprotero
-2.02,627.96,Neoprotero
-1.69,627.93,Neoprotero
-1.49,627.91,Neoprotero
-1.29,627.89,Neoprotero
-1.09,627.88,Neoprotero
-1.89,627.05,Neoprotero
-2.02,626.17,Neoprotero
-1.75,626.15,Neoprotero
-1.56,626.13,Neoprotero
-1.16,626.09,Neoprotero
-1.09,625.19,Neoprotero
-0.96,625.18,Neoprotero
-0.83,625.17,Neoprotero
-0.7,625.16,Neoprotero
-0.56,625.14,Neoprotero
-0.43,624.24,Neoprotero
1.42,624.07,Neoprotero
1.23,623.19,Neoprotero
1.42,623.18,Neoprotero
0.96,622.32,Neoprotero
-0.1,621.52,Neoprotero
0.36,621.48,Neoprotero
0.43,621.47,Neoprotero
0.3,620.59,Neoprotero
5.07,620.16,Neoprotero
2.02,619.54,Neoprotero
1.82,618.66,Neoprotero
5.46,618.34,Neoprotero
5.79,618.31,Neoprotero
5.07,617.48,Neoprotero
5.4,617.45,Neoprotero
5.46,616.55,Neoprotero
5.93,616.5,Neoprotero
5.99,615.6,Neoprotero
6.13,615.59,Neoprotero
5.33,614.77,Neoprotero
5.6,614.74,Neoprotero
5.46,613.86,Neoprotero
6.26,613.79,Neoprotero
5.6,612.95,Neoprotero
5.86,612.93,Neoprotero
4.54,612.15,Neoprotero
4.67,612.14,Neoprotero
2.88,611.41,Neoprotero
4.4,611.27,Neoprotero
4.47,611.26,Neoprotero
4.93,610.33,Neoprotero
3.94,609.52,Neoprotero
4.07,609.51,Neoprotero
2.42,608.76,Neoprotero
3.34,608.68,Neoprotero
-3.61,608.41,Neoprotero
-0.89,608.16,Neoprotero
0.89,607.11,Neoprotero
0.89,606.21,Neoprotero
2.88,606.03,Neoprotero
2.42,605.18,Neoprotero
3.08,605.12,Neoprotero
4.67,604.08,Neoprotero
5.07,604.05,Neoprotero
3.15,603.32,Neoprotero
4.8,603.18,Neoprotero
3.01,602.44,Neoprotero
3.15,601.53,Neoprotero
3.61,601.49,Neoprotero
4.07,601.45,Neoprotero
5.07,600.47,Neoprotero
5.26,600.45,Neoprotero
5.07,598.68,Neoprotero
5.26,598.66,Neoprotero
5.79,598.61,Neoprotero
4.4,597.84,Neoprotero
4.54,597.83,Neoprotero
4.54,596.93,Neoprotero
3.28,596.15,Neoprotero
4.74,596.02,Neoprotero
4.8,596.01,Neoprotero
3.28,595.25,Neoprotero
2.55,594.42,Neoprotero
3.74,594.32,Neoprotero
4.34,594.26,Neoprotero
4.47,593.36,Neoprotero
4.6,593.35,Neoprotero
3.81,592.52,Neoprotero
3.94,592.51,Neoprotero
4.27,591.58,Neoprotero
2.81,590.82,Neoprotero
5.46,590.58,Neoprotero
5.6,589.67,Neoprotero
5.46,588.79,Neoprotero
5.93,588.75,Neoprotero
6.06,588.74,Neoprotero
5.79,586.97,Neoprotero
5.99,586.95,Neoprotero
4.93,586.15,Neoprotero
5.13,586.14,Neoprotero
4.67,585.28,Neoprotero
5.13,585.24,Neoprotero
3.74,584.47,Neoprotero
1.29,583.79,Neoprotero
2.22,583.71,Neoprotero
4.07,583.54,Neoprotero
0.7,582.95,Neoprotero
1.75,582.86,Neoprotero
-6.59,582.71,Neoprotero
1.29,582,Neoprotero
-3.87,581.57,Neoprotero
-3.61,581.55,Neoprotero
-3.48,581.53,Neoprotero
-2.88,581.48,Neoprotero
-4.34,580.72,Neoprotero
-3.28,580.62,Neoprotero
-2.75,580.57,Neoprotero
-3.61,579.76,Neoprotero
-3.48,579.74,Neoprotero
-3.41,579.74,Neoprotero
-3.15,579.71,Neoprotero
-2.48,579.65,Neoprotero
-2.42,579.65,Neoprotero
-4.14,578.91,Neoprotero
-3.87,578.88,Neoprotero
-3.15,578.82,Neoprotero
-1.69,578.69,Neoprotero
-0.63,578.59,Neoprotero
-2.75,577.89,Neoprotero
-2.35,577.85,Neoprotero
-1.95,577.82,Neoprotero
-1.62,577.79,Neoprotero
-4.21,577.12,Neoprotero
-4.07,577.11,Neoprotero
-1.75,576.9,Neoprotero
-1.36,576.87,Neoprotero
-1.16,576.85,Neoprotero
-0.89,576.83,Neoprotero
-0.5,576.79,Neoprotero
-2.48,576.07,Neoprotero
-2.22,576.05,Neoprotero
-1.95,576.03,Neoprotero
-1.36,575.97,Neoprotero
-0.43,575.89,Neoprotero
-5.13,575.42,Neoprotero
-3.94,575.31,Neoprotero
-1.03,575.05,Neoprotero
-0.83,575.03,Neoprotero
0.03,574.95,Neoprotero
-1.36,574.18,Neoprotero
-1.23,574.17,Neoprotero
-0.83,574.13,Neoprotero
2.81,573.81,Neoprotero
2.55,572.94,Neoprotero
3.08,572.89,Neoprotero
3.41,572.86,Neoprotero
3.61,572.84,Neoprotero
3.74,572.83,Neoprotero
3.87,572.82,Neoprotero
4.6,571.86,Neoprotero
5,571.82,Neoprotero
5.2,571.8,Neoprotero
4.47,570.97,Neoprotero
5.6,570.87,Neoprotero
5.79,570.86,Neoprotero
4.01,570.12,Neoprotero
4.27,570.1,Neoprotero
4.67,570.06,Neoprotero
5.46,569.99,Neoprotero
4.07,569.22,Neoprotero
4.4,569.19,Neoprotero
4.54,569.18,Neoprotero
4.87,569.15,Neoprotero
4.21,568.31,Neoprotero
4.27,568.31,Neoprotero
3.48,567.48,Neoprotero
4.47,567.39,Neoprotero
4.6,567.38,Neoprotero
4.74,567.37,Neoprotero
4.87,567.36,Neoprotero
5,567.35,Neoprotero
5.07,566.44,Neoprotero
5.2,566.43,Neoprotero
4.8,565.57,Neoprotero
4.93,565.56,Neoprotero
4.14,564.74,Neoprotero
4.27,564.72,Neoprotero
4.4,564.71,Neoprotero
5.07,564.65,Neoprotero
5.2,564.64,Neoprotero
5.4,564.62,Neoprotero
4.54,563.81,Neoprotero
4.67,563.79,Neoprotero
4.07,562.95,Neoprotero
4.34,562.93,Neoprotero
4.74,562.89,Neoprotero
4.93,562.87,Neoprotero
4.47,562.02,Neoprotero
4.6,562.01,Neoprotero
3.01,561.26,Neoprotero
3.15,561.24,Neoprotero
4.07,561.16,Neoprotero
4.34,561.14,Neoprotero
4.8,561.1,Neoprotero
-0.3,560.66,Neoprotero
0.96,560.54,Neoprotero
2.28,560.43,Neoprotero
4.34,560.24,Neoprotero
4.47,560.23,Neoprotero
-5,560.18,Neoprotero
-4.87,560.17,Neoprotero
-4.34,560.12,Neoprotero
-4.07,560.1,Neoprotero
-0.36,559.77,Neoprotero
0.63,559.68,Neoprotero
-6.59,559.43,Neoprotero
-5.93,559.37,Neoprotero
-5.66,559.35,Neoprotero
-5.53,559.33,Neoprotero
-5.2,559.31,Neoprotero
-7.32,558.6,Neoprotero
-7.19,558.59,Neoprotero
-6.46,558.52,Neoprotero
-6.26,558.5,Neoprotero
-8.64,557.82,Neoprotero
-8.11,557.78,Neoprotero
-7.72,557.74,Neoprotero
-7.52,557.72,Neoprotero
-7.32,557.7,Neoprotero
-7.12,557.69,Neoprotero
-6.72,557.65,Neoprotero
-6.59,557.64,Neoprotero
-8.51,556.92,Neoprotero
-8.25,556.89,Neoprotero
-8.05,556.87,Neoprotero
-7.98,556.87,Neoprotero
-8.84,556.05,Neoprotero
-8.38,556.01,Neoprotero
-8.11,555.98,Neoprotero
-7.72,555.95,Neoprotero
-9.11,555.18,Neoprotero
-8.97,555.17,Neoprotero
-8.71,555.14,Neoprotero
-8.44,555.12,Neoprotero
-7.98,555.08,Neoprotero
-8.84,554.26,Neoprotero
-8.64,554.24,Neoprotero
-8.11,553.3,Neoprotero
-7.98,553.29,Neoprotero
-7.52,553.25,Neoprotero
-6.92,553.19,Neoprotero
-6.79,553.18,Neoprotero
-7.91,552.39,Neoprotero
-7.78,552.37,Neoprotero
-7.65,552.36,Neoprotero
-6.59,552.27,Neoprotero
-6.39,552.25,Neoprotero
-7.25,551.43,Neoprotero
-5.07,551.24,Neoprotero
-4.4,551.18,Neoprotero
-3.87,551.13,Neoprotero
-3.01,551.05,Neoprotero
-0.63,550.84,Neoprotero
-1.03,549.98,Neoprotero
-0.83,549.96,Neoprotero
-0.3,549.02,Neoprotero
0.7,548.93,Neoprotero
1.42,548.86,Neoprotero
1.62,548.85,Neoprotero
1.23,547.99,Neoprotero
1.82,547.93,Neoprotero
2.81,547.84,Neoprotero
1.62,547.06,Neoprotero
1.75,547.04,Neoprotero
2.55,546.08,Neoprotero
2.88,546.05,Neoprotero
1.16,545.31,Neoprotero
1.49,545.28,Neoprotero
1.69,545.26,Neoprotero
-0.36,544.55,Neoprotero
1.89,544.35,Neoprotero
5.2,544.05,Neoprotero
4.8,543.19,Neoprotero
5.13,543.16,Neoprotero
7.12,542.98,Neoprotero
4.74,542.3,Neoprotero
4.87,542.29,Neoprotero
5.13,541.37,Neoprotero
5.26,541.36,Neoprotero
4.54,540.53,Neoprotero
4.87,540.5,Neoprotero
5,540.49,Neoprotero
4.07,539.67,Neoprotero
1.51,538.81,Neoprotero
1.08,538.81,Neoprotero
3.81,538.8,Neoprotero
4.6,538.73,Neoprotero
2.42,538.69,Neoprotero
2.37,538.69,Cambrian
2.04,538.69,Cambrian
1.94,538.69,Cambrian
1.41,538.69,Cambrian
0.55,538.69,Cambrian
0.46,538.69,Cambrian
1.03,538.58,Cambrian
0.98,538.58,Cambrian
0.31,538.58,Cambrian
0.5,538.47,Cambrian
-0.26,538.47,Cambrian
-0.46,538.47,Cambrian
-0.55,538.47,Cambrian
-0.84,538.47,Cambrian
-1.08,538.47,Cambrian
-1.46,538.47,Cambrian
-1.7,538.36,Cambrian
-1.8,538.36,Cambrian
-1.89,538.36,Cambrian
-2.28,538.36,Cambrian
-2.32,538.36,Cambrian
-1.41,538.25,Cambrian
-1.51,538.25,Cambrian
-1.6,538.25,Cambrian
-1.84,538.25,Cambrian
-2.08,538.25,Cambrian
-2.56,538.25,Cambrian
-2.71,538.25,Cambrian
-2.04,538.14,Cambrian
-2.13,538.14,Cambrian
-2.23,538.14,Cambrian
-2.37,538.14,Cambrian
1.49,538.11,Neoprotero
-2.56,538.03,Cambrian
-3.09,538.03,Cambrian
-2.99,538.03,Cambrian
-3.43,538.03,Cambrian
-2.32,537.91,Cambrian
-2.42,537.91,Cambrian
-2.47,537.91,Cambrian
-2.71,537.91,Cambrian
-2.8,537.91,Cambrian
-3.14,537.91,Cambrian
4.07,537.88,Neoprotero
4.27,537.87,Neoprotero
-2.9,537.8,Cambrian
-3.38,537.8,Cambrian
-3.76,537.8,Cambrian
-2.61,537.69,Cambrian
-3.09,537.69,Cambrian
-2.23,537.69,Cambrian
-0.84,537.69,Cambrian
-0.93,537.69,Cambrian
1.32,537.69,Cambrian
-0.26,537.58,Cambrian
0.31,537.58,Cambrian
0.93,537.58,Cambrian
0.79,537.58,Cambrian
0.65,537.58,Cambrian
-0.41,537.47,Cambrian
-0.31,537.47,Cambrian
-0.17,537.47,Cambrian
-0.07,537.47,Cambrian
-2.18,537.47,Cambrian
-0.69,537.36,Cambrian
-1.22,537.36,Cambrian
-1.08,537.36,Cambrian
-0.93,537.36,Cambrian
-0.79,537.36,Cambrian
-0.84,537.36,Cambrian
-1.51,537.25,Cambrian
-1.75,537.25,Cambrian
-2.28,537.25,Cambrian
-2.04,537.25,Cambrian
-1.89,537.25,Cambrian
-1.22,537.25,Cambrian
-1.13,537.25,Cambrian
-0.98,537.25,Cambrian
-2.32,537.13,Cambrian
-1.6,537.02,Cambrian
-2.51,537.02,Cambrian
-2.18,537.02,Cambrian
-2.08,537.02,Cambrian
-1.94,537.02,Cambrian
-1.75,537.02,Cambrian
-1.84,537.02,Cambrian
-2.42,536.91,Cambrian
-2.8,536.8,Cambrian
-2.32,536.8,Cambrian
-2.23,536.8,Cambrian
-2.13,536.8,Cambrian
-1.89,536.8,Cambrian
-1.8,536.8,Cambrian
-1.56,536.69,Cambrian
-1.6,536.69,Cambrian
-2.42,536.69,Cambrian
-2.18,536.69,Cambrian
-2.04,536.69,Cambrian
-1.75,536.69,Cambrian
-2.61,536.58,Cambrian
-0.46,536.58,Cambrian
-0.26,536.58,Cambrian
-1.46,536.58,Cambrian
0.46,536.58,Cambrian
0.55,536.58,Cambrian
0.69,536.58,Cambrian
0.98,536.58,Cambrian
-0.6,536.46,Cambrian
-0.36,536.46,Cambrian
-0.17,536.46,Cambrian
-0.07,536.46,Cambrian
0.07,536.46,Cambrian
0.17,536.46,Cambrian
-2.32,536.35,Cambrian
-1.37,536.35,Cambrian
-1.03,536.35,Cambrian
-0.65,536.35,Cambrian
-0.5,536.35,Cambrian
-0.41,536.35,Cambrian
-1.22,536.24,Cambrian
-1.13,536.24,Cambrian
-0.98,536.24,Cambrian
-0.89,536.24,Cambrian
-0.74,536.24,Cambrian
-2.32,536.13,Cambrian
-2.13,536.13,Cambrian
-2.08,536.13,Cambrian
-1.89,536.13,Cambrian
-1.75,536.13,Cambrian
-1.7,536.13,Cambrian
-1.32,536.13,Cambrian
-2.23,536.02,Cambrian
-1.94,536.02,Cambrian
-2.61,535.91,Cambrian
-2.32,535.91,Cambrian
-1.99,535.91,Cambrian
-1.8,535.91,Cambrian
-0.84,535.91,Cambrian
-2.75,535.8,Cambrian
-2.04,535.8,Cambrian
-1.94,535.8,Cambrian
-2.23,535.8,Cambrian
-2.13,535.8,Cambrian
-2.56,535.68,Cambrian
-2.51,535.68,Cambrian
-2.42,535.68,Cambrian
-2.32,535.68,Cambrian
-2.71,535.57,Cambrian
-2.75,535.57,Cambrian
-2.13,535.57,Cambrian
-1.89,535.57,Cambrian
-1.7,535.57,Cambrian
-0.31,535.57,Cambrian
-2.04,535.46,Cambrian
-1.94,535.46,Cambrian
-1.75,535.46,Cambrian
-1.6,535.46,Cambrian
-1.41,535.46,Cambrian
-1.37,535.46,Cambrian
-0.79,535.46,Cambrian
-0.17,535.46,Cambrian
-0.69,535.35,Cambrian
-0.5,535.35,Cambrian
-0.46,535.35,Cambrian
-1.7,535.24,Cambrian
-1.65,535.24,Cambrian
-1.46,535.24,Cambrian
-0.74,535.24,Cambrian
-0.6,535.24,Cambrian
-0.46,535.24,Cambrian
0.6,535.24,Cambrian
-0.26,535.13,Cambrian
0.22,535.13,Cambrian
0.36,535.13,Cambrian
0.41,535.13,Cambrian
0.5,535.13,Cambrian
0.69,535.13,Cambrian
-0.46,535.02,Cambrian
-0.31,535.02,Cambrian
-0.07,535.02,Cambrian
0.31,535.02,Cambrian
-1.94,534.9,Cambrian
-1.32,534.9,Cambrian
-1.41,534.9,Cambrian
-0.65,534.9,Cambrian
-0.17,534.9,Cambrian
0.02,534.9,Cambrian
-0.74,534.79,Cambrian
-0.84,534.79,Cambrian
-0.55,534.79,Cambrian
0.02,534.79,Cambrian
0.31,534.79,Cambrian
-1.51,534.68,Cambrian
-1.41,534.68,Cambrian
-1.32,534.68,Cambrian
-0.98,534.68,Cambrian
0.22,534.68,Cambrian
-1.65,534.57,Cambrian
-1.27,534.57,Cambrian
-1.03,534.57,Cambrian
-0.6,534.57,Cambrian
-0.69,534.57,Cambrian
-1.75,534.46,Cambrian
-1.46,534.46,Cambrian
-0.98,534.46,Cambrian
-0.46,534.46,Cambrian
-0.89,534.35,Cambrian
-0.65,534.35,Cambrian
-0.74,534.35,Cambrian
-0.79,534.35,Cambrian
-1.32,534.24,Cambrian
-1.22,534.24,Cambrian
-1.08,534.24,Cambrian
-1.03,534.24,Cambrian
-0.17,534.24,Cambrian
-3.14,534.12,Cambrian
-2.56,534.12,Cambrian
-2.37,534.12,Cambrian
-1.65,534.12,Cambrian
-1.41,534.12,Cambrian
-1.08,534.12,Cambrian
-0.84,534.12,Cambrian
-0.74,534.12,Cambrian
-0.65,534.12,Cambrian
-2.71,534.01,Cambrian
-2.04,534.01,Cambrian
-0.36,534.01,Cambrian
-2.51,533.9,Cambrian
-2.37,533.9,Cambrian
-2.13,533.9,Cambrian
-1.84,533.9,Cambrian
-1.75,533.9,Cambrian
-1.56,533.9,Cambrian
-2.56,533.79,Cambrian
-2.04,533.79,Cambrian
-1.94,533.79,Cambrian
-1.7,533.79,Cambrian
-1.41,533.79,Cambrian
-2.37,533.68,Cambrian
-2.23,533.68,Cambrian
-2.13,533.68,Cambrian
-1.84,533.68,Cambrian
-2.61,533.57,Cambrian
-2.23,533.57,Cambrian
-1.94,533.57,Cambrian
-1.75,533.57,Cambrian
-2.8,533.46,Cambrian
-2.04,533.46,Cambrian
-1.41,533.46,Cambrian
0.65,533.46,Cambrian
1.56,533.46,Cambrian
1.27,533.46,Cambrian
-2.13,533.34,Cambrian
0.12,533.34,Cambrian
-0.22,533.34,Cambrian
1.7,533.34,Cambrian
1.6,533.34,Cambrian
1.37,533.34,Cambrian
1.13,533.34,Cambrian
-0.98,533.23,Cambrian
-0.65,533.23,Cambrian
1.32,533.23,Cambrian
0.98,533.23,Cambrian
-1.08,533.12,Cambrian
-0.79,533.12,Cambrian
-0.69,533.12,Cambrian
-0.41,533.12,Cambrian
1.7,533.12,Cambrian
0.41,533.01,Cambrian
-0.55,533.01,Cambrian
-0.12,533.01,Cambrian
-1.03,532.9,Cambrian
-0.69,532.9,Cambrian
-0.6,532.9,Cambrian
-0.46,532.9,Cambrian
-0.36,532.9,Cambrian
-0.02,532.9,Cambrian
0.12,532.9,Cambrian
-3.62,532.79,Cambrian
-2.8,532.79,Cambrian
-2.61,532.79,Cambrian
-1.8,532.79,Cambrian
-1.46,532.79,Cambrian
-1.37,532.79,Cambrian
0.12,532.79,Cambrian
-1.51,532.68,Cambrian
-1.22,532.68,Cambrian
0.31,532.68,Cambrian
-0.98,532.68,Cambrian
-1.65,532.56,Cambrian
-1.37,532.56,Cambrian
-0.89,532.56,Cambrian
-0.79,532.56,Cambrian
-0.5,532.56,Cambrian
-0.02,532.56,Cambrian
0.12,532.56,Cambrian
-0.41,532.45,Cambrian
0.07,532.45,Cambrian
0.74,532.45,Cambrian
0.89,532.45,Cambrian
1.08,532.45,Cambrian
1.32,532.45,Cambrian
2.37,532.45,Cambrian
0.98,532.34,Cambrian
1.13,532.34,Cambrian
1.99,532.34,Cambrian
2.23,532.34,Cambrian
1.56,532.23,Cambrian
2.13,532.23,Cambrian
2.37,532.23,Cambrian
4.14,532.23,Cambrian
4.29,532.23,Cambrian
4.86,532.23,Cambrian
5.01,532.23,Cambrian
5.2,532.23,Cambrian
5.49,532.23,Cambrian
2.75,532.12,Cambrian
2.9,532.12,Cambrian
3.04,532.12,Cambrian
3.19,532.12,Cambrian
3.28,532.12,Cambrian
3.57,532.12,Cambrian
3.71,532.12,Cambrian
3.9,532.12,Cambrian
4.48,532.12,Cambrian
2.66,532.01,Cambrian
4.1,532.01,Cambrian
2.47,531.89,Cambrian
2.8,531.89,Cambrian
3.04,531.89,Cambrian
3.14,531.89,Cambrian
3.23,531.89,Cambrian
3.28,531.89,Cambrian
3.81,531.89,Cambrian
2.85,531.78,Cambrian
2.95,531.78,Cambrian
3.43,531.78,Cambrian
3.52,531.78,Cambrian
3.04,531.67,Cambrian
3.62,531.67,Cambrian
3.71,531.67,Cambrian
4.29,531.67,Cambrian
4.14,531.67,Cambrian
4,531.67,Cambrian
5.39,531.56,Cambrian
4.96,531.56,Cambrian
4.81,531.56,Cambrian
4.19,531.56,Cambrian
3.9,531.56,Cambrian
3.14,531.45,Cambrian
3.62,531.45,Cambrian
5.34,531.45,Cambrian
5.53,531.45,Cambrian
5.1,531.45,Cambrian
4.96,531.45,Cambrian
4.29,531.45,Cambrian
3.95,531.45,Cambrian
5.77,531.34,Cambrian
5.63,531.34,Cambrian
4.86,531.34,Cambrian
4.72,531.34,Cambrian
4.62,531.34,Cambrian
4,531.34,Cambrian
5.68,531.23,Cambrian
5.49,531.23,Cambrian
5.39,531.23,Cambrian
4.96,531.23,Cambrian
4.57,531.23,Cambrian
4.34,531.23,Cambrian
5.49,531.11,Cambrian
5.25,531.11,Cambrian
5.05,531.11,Cambrian
5.15,531.11,Cambrian
4.81,531.11,Cambrian
4.48,531.11,Cambrian
4.34,531.11,Cambrian
4.96,531,Cambrian
4.53,531,Cambrian
4.62,531,Cambrian
4.19,531,Cambrian
4,531,Cambrian
5.1,530.89,Cambrian
5.01,530.89,Cambrian
4.43,530.89,Cambrian
4.38,530.89,Cambrian
4.05,530.89,Cambrian
3.71,530.89,Cambrian
2.95,530.89,Cambrian
4.62,530.78,Cambrian
4.38,530.78,Cambrian
4.14,530.78,Cambrian
3.95,530.78,Cambrian
3.52,530.78,Cambrian
3.23,530.78,Cambrian
2.75,530.78,Cambrian
3.71,530.67,Cambrian
3.62,530.67,Cambrian
3.09,530.67,Cambrian
4.77,530.56,Cambrian
4,530.56,Cambrian
4.1,530.56,Cambrian
3.76,530.56,Cambrian
3.47,530.56,Cambrian
3.14,530.56,Cambrian
2.9,530.56,Cambrian
4.48,530.45,Cambrian
4.14,530.45,Cambrian
3.86,530.45,Cambrian
3.47,530.45,Cambrian
3.28,530.45,Cambrian
2.99,530.45,Cambrian
3.9,530.33,Cambrian
3.76,530.33,Cambrian
2.47,530.33,Cambrian
2.13,530.33,Cambrian
1.7,530.33,Cambrian
1.6,530.33,Cambrian
3.14,530.22,Cambrian
1.94,530.22,Cambrian
1.75,530.22,Cambrian
1.37,530.22,Cambrian
2.71,530.11,Cambrian
2.66,530.11,Cambrian
2.47,530.11,Cambrian
1.6,530.11,Cambrian
1.32,530.11,Cambrian
1.22,530.11,Cambrian
1.13,530.11,Cambrian
2.56,530,Cambrian
2.47,530,Cambrian
2.37,530,Cambrian
1.46,530,Cambrian
1.89,529.89,Cambrian
1.75,529.89,Cambrian
1.51,529.89,Cambrian
1.41,529.89,Cambrian
1.22,529.89,Cambrian
1.03,529.89,Cambrian
0.89,529.89,Cambrian
0.69,529.89,Cambrian
1.6,529.78,Cambrian
1.08,529.78,Cambrian
-0.07,529.78,Cambrian
0.02,529.78,Cambrian
1.46,529.67,Cambrian
0.84,529.67,Cambrian
0.69,529.67,Cambrian
-0.74,529.67,Cambrian
-0.55,529.67,Cambrian
-0.5,529.67,Cambrian
0.46,529.67,Cambrian
-0.46,529.55,Cambrian
-0.36,529.55,Cambrian
0.07,529.55,Cambrian
0.17,529.55,Cambrian
0.22,529.55,Cambrian
-0.22,529.44,Cambrian
-0.31,529.44,Cambrian
0.41,529.44,Cambrian
-1.08,529.33,Cambrian
-0.98,529.33,Cambrian
-0.74,529.33,Cambrian
-0.65,529.33,Cambrian
-0.55,529.33,Cambrian
-0.41,529.33,Cambrian
-1.37,529.22,Cambrian
-0.89,529.22,Cambrian
-0.79,529.22,Cambrian
-0.69,529.22,Cambrian
-0.36,529.22,Cambrian
-1.27,529.11,Cambrian
-1.13,529.11,Cambrian
-0.93,529.11,Cambrian
-1.7,529,Cambrian
-1.56,529,Cambrian
-1.46,529,Cambrian
-1.37,529,Cambrian
-1.08,529,Cambrian
-0.65,529,Cambrian
-0.74,529,Cambrian
-4.43,528.89,Cambrian
-3.23,528.89,Cambrian
-2.66,528.89,Cambrian
-2.28,528.89,Cambrian
-4.91,528.77,Cambrian
-4.29,528.77,Cambrian
-3.81,528.77,Cambrian
-3.23,528.77,Cambrian
-2.75,528.66,Cambrian
-2.42,528.66,Cambrian
-1.6,528.66,Cambrian
-0.98,528.66,Cambrian
-1.7,528.55,Cambrian
-1.46,528.55,Cambrian
-1.22,528.44,Cambrian
-0.93,528.44,Cambrian
-1.56,528.44,Cambrian
-1.08,528.33,Cambrian
-1.41,528.33,Cambrian
-1.51,528.33,Cambrian
-1.6,528.22,Cambrian
-1.84,528.11,Cambrian
-1.8,528.11,Cambrian
-1.7,528.11,Cambrian
-1.51,528.11,Cambrian
-1.41,528.11,Cambrian
-1.32,528.11,Cambrian
-1.56,527.99,Cambrian
-2.04,527.88,Cambrian
-1.65,527.88,Cambrian
-1.37,527.88,Cambrian
-1.6,527.77,Cambrian
-1.46,527.77,Cambrian
-1.22,527.77,Cambrian
-1.27,527.66,Cambrian
-1.13,527.66,Cambrian
-0.98,527.66,Cambrian
-0.5,527.66,Cambrian
-0.46,527.55,Cambrian
-0.31,527.55,Cambrian
-0.74,527.44,Cambrian
0.55,527.44,Cambrian
0.84,527.44,Cambrian
0.93,527.44,Cambrian
3.33,527.44,Cambrian
0.41,527.32,Cambrian
3.66,527.32,Cambrian
4,527.32,Cambrian
4.14,527.32,Cambrian
4.77,527.32,Cambrian
4.86,527.32,Cambrian
5.53,527.32,Cambrian
6.35,527.32,Cambrian
6.49,527.32,Cambrian
3.9,527.21,Cambrian
4.05,527.21,Cambrian
4.14,527.21,Cambrian
4.53,527.21,Cambrian
5.2,527.21,Cambrian
5.44,527.21,Cambrian
5.68,527.21,Cambrian
6.2,527.21,Cambrian
6.54,527.21,Cambrian
3.04,527.1,Cambrian
3.81,527.1,Cambrian
4.24,527.1,Cambrian
4.48,527.1,Cambrian
3.66,526.99,Cambrian
3.76,526.99,Cambrian
3.9,526.99,Cambrian
4.05,526.99,Cambrian
3.09,526.88,Cambrian
3.43,526.88,Cambrian
3.57,526.88,Cambrian
4.1,526.88,Cambrian
4.19,526.88,Cambrian
2.71,526.77,Cambrian
3.81,526.77,Cambrian
3.95,526.77,Cambrian
2.99,526.66,Cambrian
3.19,526.66,Cambrian
3.33,526.66,Cambrian
3.43,526.66,Cambrian
3.57,526.66,Cambrian
3.66,526.66,Cambrian
2.99,526.54,Cambrian
3.47,526.54,Cambrian
3.76,526.54,Cambrian
4,526.54,Cambrian
3.23,526.43,Cambrian
4.1,526.43,Cambrian
3.86,526.43,Cambrian
3.95,526.43,Cambrian
6.01,526.43,Cambrian
2.99,526.32,Cambrian
3.52,526.32,Cambrian
3.66,526.32,Cambrian
4.29,526.32,Cambrian
4.53,526.32,Cambrian
3.09,526.21,Cambrian
3.23,526.21,Cambrian
3.62,526.21,Cambrian
2.56,526.1,Cambrian
3.33,526.1,Cambrian
3.76,526.1,Cambrian
4.24,526.1,Cambrian
4.34,526.1,Cambrian
3.04,525.99,Cambrian
4.62,525.99,Cambrian
5.53,525.99,Cambrian
5.34,525.99,Cambrian
5.2,525.99,Cambrian
4.19,525.88,Cambrian
5.82,525.88,Cambrian
5.68,525.88,Cambrian
5.15,525.76,Cambrian
6.25,525.76,Cambrian
6.49,525.76,Cambrian
5.87,525.65,Cambrian
6.16,525.65,Cambrian
6.78,525.65,Cambrian
2.13,525.54,Cambrian
3.33,525.54,Cambrian
4.77,525.54,Cambrian
6.44,525.54,Cambrian
6.49,525.54,Cambrian
5.58,525.43,Cambrian
6.59,525.43,Cambrian
7.02,525.43,Cambrian
7.11,525.43,Cambrian
3.9,525.32,Cambrian
5.29,525.32,Cambrian
5.82,525.32,Cambrian
6.16,525.32,Cambrian
6.49,525.32,Cambrian
6.59,525.32,Cambrian
6.73,525.32,Cambrian
7.21,525.32,Cambrian
2.99,525.21,Cambrian
3.52,525.21,Cambrian
4.14,525.21,Cambrian
4.29,525.21,Cambrian
4.43,525.21,Cambrian
4.62,525.21,Cambrian
5.05,525.21,Cambrian
5.49,525.21,Cambrian
5.63,525.21,Cambrian
5.92,525.21,Cambrian
6.06,525.21,Cambrian
6.25,525.21,Cambrian
6.35,525.21,Cambrian
3.62,525.1,Cambrian
3.71,525.1,Cambrian
3.81,525.1,Cambrian
3.9,525.1,Cambrian
4,525.1,Cambrian
4.1,525.1,Cambrian
4.38,525.1,Cambrian
4.48,525.1,Cambrian
4.62,525.1,Cambrian
4.72,525.1,Cambrian
4.86,525.1,Cambrian
4.91,525.1,Cambrian
5.01,525.1,Cambrian
5.15,525.1,Cambrian
5.25,525.1,Cambrian
5.39,525.1,Cambrian
5.68,525.1,Cambrian
5.77,525.1,Cambrian
6.01,525.1,Cambrian
2.37,524.98,Cambrian
2.95,524.98,Cambrian
3.09,524.98,Cambrian
3.23,524.98,Cambrian
3.33,524.98,Cambrian
3.43,524.98,Cambrian
3.66,524.98,Cambrian
4.24,524.98,Cambrian
2.04,524.98,Cambrian
1.94,524.98,Cambrian
1.89,524.98,Cambrian
1.8,524.98,Cambrian
1.75,524.98,Cambrian
1.65,524.98,Cambrian
0.36,524.98,Cambrian
0.31,524.98,Cambrian
0.17,524.98,Cambrian
0.02,524.98,Cambrian
-0.69,524.98,Cambrian
-0.93,524.98,Cambrian
-0.84,524.98,Cambrian
2.66,524.87,Cambrian
2.75,524.87,Cambrian
3.04,524.87,Cambrian
3.52,524.87,Cambrian
3.71,524.87,Cambrian
3.81,524.87,Cambrian
3.9,524.87,Cambrian
4,524.87,Cambrian
4.1,524.87,Cambrian
2.18,524.87,Cambrian
1.51,524.87,Cambrian
1.46,524.87,Cambrian
1.32,524.87,Cambrian
1.17,524.87,Cambrian
1.08,524.87,Cambrian
1.27,524.87,Cambrian
0.89,524.87,Cambrian
0.79,524.87,Cambrian
0.69,524.87,Cambrian
0.6,524.87,Cambrian
-0.5,524.87,Cambrian
-0.46,524.87,Cambrian
-1.03,524.87,Cambrian
2.51,524.76,Cambrian
3.62,524.76,Cambrian
2.23,524.76,Cambrian
1.99,524.76,Cambrian
1.89,524.76,Cambrian
1.84,524.76,Cambrian
1.75,524.76,Cambrian
1.65,524.76,Cambrian
1.6,524.76,Cambrian
0.98,524.76,Cambrian
0.5,524.76,Cambrian
0.46,524.76,Cambrian
0.36,524.76,Cambrian
-0.36,524.76,Cambrian
-0.6,524.76,Cambrian
-0.65,524.76,Cambrian
-0.79,524.76,Cambrian
-0.89,524.76,Cambrian
-1.13,524.76,Cambrian
-1.22,524.76,Cambrian
-1.27,524.76,Cambrian
-1.56,524.76,Cambrian
0.79,524.65,Cambrian
0.02,524.65,Cambrian
-0.02,524.65,Cambrian
-0.31,524.65,Cambrian
-0.55,524.65,Cambrian
-0.98,524.65,Cambrian
-1.37,524.65,Cambrian
-1.51,524.65,Cambrian
-1.65,524.65,Cambrian
-1.84,524.65,Cambrian
-1.89,524.65,Cambrian
-2.23,524.65,Cambrian
-1.08,524.54,Cambrian
-1.22,524.54,Cambrian
-1.75,524.54,Cambrian
-2.04,524.54,Cambrian
-2.18,524.54,Cambrian
-2.37,524.54,Cambrian
-1.27,524.43,Cambrian
-1.46,524.43,Cambrian
-1.37,524.43,Cambrian
-1.6,524.43,Cambrian
-1.89,524.43,Cambrian
-2.71,524.43,Cambrian
-2.61,524.43,Cambrian
-2.8,524.43,Cambrian
-1.51,524.32,Cambrian
-1.65,524.32,Cambrian
-1.84,524.32,Cambrian
-1.99,524.32,Cambrian
-2.08,524.32,Cambrian
-2.28,524.32,Cambrian
-2.37,524.32,Cambrian
-2.47,524.32,Cambrian
-2.56,524.32,Cambrian
-3.38,524.32,Cambrian
-2.13,524.2,Cambrian
-2.51,524.2,Cambrian
-2.66,524.2,Cambrian
-2.71,524.2,Cambrian
-2.8,524.2,Cambrian
-2.9,524.2,Cambrian
-3.04,524.2,Cambrian
-2.28,524.09,Cambrian
-3.23,524.09,Cambrian
-3.38,524.09,Cambrian
-3.62,524.09,Cambrian
-1.99,523.98,Cambrian
-2.37,523.98,Cambrian
-2.85,523.98,Cambrian
-2.95,523.98,Cambrian
-3.14,523.98,Cambrian
-3.04,523.98,Cambrian
-3.52,523.98,Cambrian
-3.23,523.87,Cambrian
-3.33,523.87,Cambrian
-3.43,523.87,Cambrian
-3.71,523.87,Cambrian
-3.86,523.87,Cambrian
-3.9,523.87,Cambrian
-2.42,523.76,Cambrian
-2.47,523.76,Cambrian
-3.62,523.76,Cambrian
-3.95,523.76,Cambrian
-3.76,523.76,Cambrian
-2.8,523.76,Cambrian
-3.04,523.65,Cambrian
-3.19,523.65,Cambrian
-3.38,523.65,Cambrian
-3.52,523.65,Cambrian
-2.9,523.65,Cambrian
-2.61,523.65,Cambrian
-3.71,523.54,Cambrian
-2.71,523.54,Cambrian
-2.04,523.54,Cambrian
-2.23,523.54,Cambrian
-2.95,523.42,Cambrian
-3.38,523.42,Cambrian
-3.28,523.42,Cambrian
-3.62,523.42,Cambrian
-3.19,523.42,Cambrian
-2.61,523.42,Cambrian
-3.76,523.31,Cambrian
-3.52,523.31,Cambrian
-3.09,523.31,Cambrian
-3.19,523.31,Cambrian
-2.8,523.31,Cambrian
-2.51,523.31,Cambrian
-2.71,523.31,Cambrian
-3.62,523.31,Cambrian
-3.43,523.2,Cambrian
-3.33,523.2,Cambrian
-3.04,523.2,Cambrian
-2.9,523.2,Cambrian
-2.75,523.2,Cambrian
-1.8,523.2,Cambrian
-2.28,523.2,Cambrian
-1.6,523.09,Cambrian
-1.65,523.09,Cambrian
-2.37,523.09,Cambrian
-3.09,522.98,Cambrian
-3.19,522.98,Cambrian
-2.66,522.98,Cambrian
-2.56,522.98,Cambrian
-1.27,522.98,Cambrian
-1.8,522.98,Cambrian
-2.51,522.87,Cambrian
-2.47,522.87,Cambrian
0.31,522.87,Cambrian
0.07,522.87,Cambrian
-0.07,522.87,Cambrian
-0.89,522.87,Cambrian
-1.56,522.87,Cambrian
-1.41,522.87,Cambrian
-2.04,522.87,Cambrian
-1.89,522.87,Cambrian
-2.28,522.87,Cambrian
-2.18,522.87,Cambrian
-3.04,522.87,Cambrian
1.37,522.75,Cambrian
1.08,522.75,Cambrian
0.98,522.75,Cambrian
0.89,522.75,Cambrian
0.65,522.75,Cambrian
0.55,522.75,Cambrian
0.5,522.75,Cambrian
0.41,522.75,Cambrian
0.17,522.75,Cambrian
-0.26,522.75,Cambrian
-0.36,522.75,Cambrian
-0.5,522.75,Cambrian
-0.6,522.75,Cambrian
-0.69,522.75,Cambrian
-0.74,522.75,Cambrian
-1.27,522.75,Cambrian
-1.46,522.75,Cambrian
1.03,522.64,Cambrian
0.69,522.64,Cambrian
0.26,522.64,Cambrian
0.17,522.64,Cambrian
0.02,522.64,Cambrian
-0.12,522.64,Cambrian
-0.89,522.64,Cambrian
-0.98,522.64,Cambrian
-1.22,522.64,Cambrian
0.74,522.53,Cambrian
0.55,522.53,Cambrian
-0.17,522.53,Cambrian
-0.46,522.53,Cambrian
-0.6,522.53,Cambrian
-0.79,522.53,Cambrian
-1.13,522.53,Cambrian
-1.56,522.53,Cambrian
-1.46,522.53,Cambrian
-1.37,522.53,Cambrian
-1.7,522.53,Cambrian
-1.84,522.53,Cambrian
-2.13,522.53,Cambrian
-2.08,522.53,Cambrian
-0.31,522.53,Cambrian
-0.31,522.42,Cambrian
-0.69,522.42,Cambrian
-0.93,522.42,Cambrian
-1.03,522.42,Cambrian
-1.27,522.42,Cambrian
-1.8,522.42,Cambrian
-2.66,522.42,Cambrian
-2.32,522.42,Cambrian
-2.47,522.42,Cambrian
-1.46,522.31,Cambrian
-1.17,522.31,Cambrian
-1.65,522.31,Cambrian
-2.18,522.31,Cambrian
-2.56,522.31,Cambrian
-0.26,522.2,Cambrian
-0.5,522.2,Cambrian
-1.03,522.2,Cambrian
-1.37,522.2,Cambrian
-1.27,522.2,Cambrian
-1.8,522.2,Cambrian
-2.04,522.2,Cambrian
-2.23,522.2,Cambrian
-2.37,522.2,Cambrian
-1.08,522.09,Cambrian
-1.56,522.09,Cambrian
-1.75,522.09,Cambrian
-1.94,522.09,Cambrian
-2.13,522.09,Cambrian
-2.51,522.09,Cambrian
-2.56,522.09,Cambrian
-2.66,522.09,Cambrian
-0.93,521.97,Cambrian
-1.46,521.97,Cambrian
-1.89,521.97,Cambrian
-2.28,521.97,Cambrian
-2.18,521.97,Cambrian
-2.37,521.97,Cambrian
-2.85,521.97,Cambrian
-2.75,521.97,Cambrian
-3.04,521.97,Cambrian
-3.19,521.97,Cambrian
-1.17,521.86,Cambrian
-1.46,521.86,Cambrian
-1.75,521.86,Cambrian
-2.08,521.86,Cambrian
-2.42,521.86,Cambrian
-2.51,521.86,Cambrian
-2.8,521.86,Cambrian
-1.84,521.75,Cambrian
-2.04,521.75,Cambrian
-2.18,521.75,Cambrian
-2.32,521.75,Cambrian
-2.23,521.75,Cambrian
-2.56,521.75,Cambrian
-2.66,521.75,Cambrian
-2.99,521.75,Cambrian
-3.33,521.75,Cambrian
-2.61,521.64,Cambrian
-2.75,521.64,Cambrian
-3.09,521.64,Cambrian
-3.81,521.64,Cambrian
-2.42,521.53,Cambrian
-2.51,521.53,Cambrian
-2.8,521.53,Cambrian
-2.95,521.53,Cambrian
-3.23,521.53,Cambrian
-3.47,521.53,Cambrian
-3.57,521.53,Cambrian
-3.66,521.53,Cambrian
-3.33,521.53,Cambrian
-2.71,521.42,Cambrian
-3.09,521.42,Cambrian
-3.19,521.42,Cambrian
-3.38,521.42,Cambrian
-3.81,521.42,Cambrian
-3.95,521.42,Cambrian
-1.75,521.42,Cambrian
-2.8,521.31,Cambrian
-2.99,521.31,Cambrian
-3.57,521.31,Cambrian
-3.47,521.31,Cambrian
-3.76,521.31,Cambrian
-2.75,521.19,Cambrian
-2.66,521.19,Cambrian
-2.56,521.19,Cambrian
-2.42,521.19,Cambrian
-2.28,521.19,Cambrian
-2.13,521.19,Cambrian
-1.89,521.19,Cambrian
-2.9,521.19,Cambrian
-3.19,521.19,Cambrian
-3.43,521.19,Cambrian
-1.7,521.19,Cambrian
-1.56,521.19,Cambrian
-2.71,521.08,Cambrian
-1.99,521.08,Cambrian
-2.99,521.08,Cambrian
-3.14,521.08,Cambrian
-3.76,521.08,Cambrian
-1.75,521.08,Cambrian
-1.32,521.08,Cambrian
-1.22,521.08,Cambrian
-2.61,520.97,Cambrian
-2.47,520.97,Cambrian
-2.08,520.97,Cambrian
-1.99,520.97,Cambrian
-3.38,520.97,Cambrian
-3.23,520.97,Cambrian
-3.47,520.97,Cambrian
-3.57,520.97,Cambrian
-3.81,520.97,Cambrian
-1.56,520.97,Cambrian
-1.08,520.97,Cambrian
-0.98,520.97,Cambrian
-0.84,520.97,Cambrian
-0.79,520.97,Cambrian
-0.36,520.97,Cambrian
-0.07,520.97,Cambrian
0.07,520.97,Cambrian
-1.37,520.86,Cambrian
-1.27,520.86,Cambrian
-0.74,520.86,Cambrian
-0.5,520.86,Cambrian
-0.12,520.86,Cambrian
0.22,520.86,Cambrian
1.03,520.86,Cambrian
-1.03,520.75,Cambrian
0.07,520.75,Cambrian
0.36,520.75,Cambrian
0.5,520.75,Cambrian
1.13,520.75,Cambrian
-0.69,520.64,Cambrian
0.79,520.64,Cambrian
-1.46,520.53,Cambrian
-1.37,520.53,Cambrian
-0.17,520.53,Cambrian
0.46,520.53,Cambrian
0.74,520.53,Cambrian
0.84,520.53,Cambrian
-0.41,520.41,Cambrian
-0.07,520.41,Cambrian
0.17,520.41,Cambrian
0.26,520.41,Cambrian
0.6,520.41,Cambrian
0.36,520.41,Cambrian
-1.46,520.3,Cambrian
-0.79,520.3,Cambrian
0.26,520.3,Cambrian
0.46,520.3,Cambrian
0.84,520.3,Cambrian
1.17,520.3,Cambrian
-1.17,520.19,Cambrian
-0.55,520.19,Cambrian
-0.31,520.19,Cambrian
0.5,520.19,Cambrian
-0.84,520.08,Cambrian
-0.74,520.08,Cambrian
-0.5,520.08,Cambrian
0.41,520.08,Cambrian
0.55,520.08,Cambrian
1.03,520.08,Cambrian
0.17,519.97,Cambrian
0.31,519.97,Cambrian
0.65,519.97,Cambrian
0.55,519.86,Cambrian
1.22,519.86,Cambrian
1.32,519.86,Cambrian
0.84,519.86,Cambrian
0.98,519.86,Cambrian
2.42,519.86,Cambrian
0.07,519.75,Cambrian
0.22,519.75,Cambrian
0.89,519.75,Cambrian
1.65,519.75,Cambrian
1.8,519.75,Cambrian
2.28,519.75,Cambrian
-0.41,519.63,Cambrian
1.56,519.63,Cambrian
1.89,519.63,Cambrian
1.99,519.63,Cambrian
2.13,519.63,Cambrian
0.41,519.52,Cambrian
0.79,519.52,Cambrian
1.03,519.52,Cambrian
2.61,519.52,Cambrian
2.75,519.52,Cambrian
2.95,519.52,Cambrian
-0.69,519.41,Cambrian
-0.41,519.41,Cambrian
0.69,519.41,Cambrian
2.37,519.41,Cambrian
3.33,519.41,Cambrian
1.56,519.3,Cambrian
2.23,519.3,Cambrian
2.8,519.3,Cambrian
2.71,519.3,Cambrian
3.62,519.3,Cambrian
3.76,519.3,Cambrian
2.56,519.19,Cambrian
2.95,519.19,Cambrian
3.23,519.19,Cambrian
3.14,519.19,Cambrian
3.71,519.19,Cambrian
1.65,519.08,Cambrian
0.84,519.08,Cambrian
1.13,519.08,Cambrian
1.22,519.08,Cambrian
2.08,519.08,Cambrian
1.94,519.08,Cambrian
1.84,519.08,Cambrian
2.51,519.08,Cambrian
0.69,518.96,Cambrian
2.23,518.96,Cambrian
1.84,518.96,Cambrian
0.93,518.85,Cambrian
0.41,518.85,Cambrian
1.37,518.85,Cambrian
2.08,518.85,Cambrian
1.89,518.85,Cambrian
1.8,518.85,Cambrian
2.37,518.74,Cambrian
2.23,518.74,Cambrian
2.95,518.74,Cambrian
3.14,518.74,Cambrian
3.33,518.74,Cambrian
2.47,518.63,Cambrian
2.08,518.63,Cambrian
1.89,518.63,Cambrian
1.75,518.63,Cambrian
3.23,518.63,Cambrian
0.55,518.52,Cambrian
0.69,518.52,Cambrian
1.32,518.52,Cambrian
1.41,518.52,Cambrian
1.6,518.52,Cambrian
1.08,518.41,Cambrian
1.22,518.41,Cambrian
1.46,518.41,Cambrian
1.75,518.41,Cambrian
1.7,518.41,Cambrian
0.5,518.3,Cambrian
0.65,518.3,Cambrian
0.74,518.3,Cambrian
0.98,518.3,Cambrian
0.79,518.18,Cambrian
1.56,518.18,Cambrian
2.23,518.18,Cambrian
2.51,518.18,Cambrian
1.75,518.18,Cambrian
0.12,518.07,Cambrian
1.51,518.07,Cambrian
1.84,518.07,Cambrian
1.8,518.07,Cambrian
1.13,517.96,Cambrian
1.22,517.96,Cambrian
1.32,517.96,Cambrian
1.41,517.96,Cambrian
1.99,517.96,Cambrian
1.84,517.96,Cambrian
0.22,517.85,Cambrian
0.5,517.85,Cambrian
0.98,517.85,Cambrian
1.65,517.85,Cambrian
0.17,517.74,Cambrian
0.5,517.74,Cambrian
-0.02,517.74,Cambrian
-0.12,517.74,Cambrian
-0.26,517.74,Cambrian
-0.36,517.74,Cambrian
0.07,517.63,Cambrian
-0.02,517.63,Cambrian
-0.17,517.63,Cambrian
-0.07,517.4,Cambrian
-0.22,517.4,Cambrian
-0.31,517.4,Cambrian
-0.36,517.4,Cambrian
0.02,517.29,Cambrian
-0.31,517.29,Cambrian
-0.65,517.29,Cambrian
-0.5,517.29,Cambrian
-0.41,517.29,Cambrian
-0.55,517.18,Cambrian
-0.46,517.18,Cambrian
-0.36,517.18,Cambrian
-0.26,517.07,Cambrian
-0.17,517.07,Cambrian
0.31,516.96,Cambrian
-0.46,516.96,Cambrian
-0.31,516.96,Cambrian
-0.12,516.96,Cambrian
-0.55,516.85,Cambrian
-0.41,516.74,Cambrian
-0.36,516.74,Cambrian
-0.26,516.74,Cambrian
-0.17,516.74,Cambrian
-0.17,516.62,Cambrian
-0.69,516.62,Cambrian
-0.74,516.62,Cambrian
-0.84,516.51,Cambrian
-0.5,516.51,Cambrian
-0.41,516.51,Cambrian
-0.79,516.4,Cambrian
-0.31,516.4,Cambrian
-0.12,516.29,Cambrian
-0.36,516.29,Cambrian
-0.22,516.29,Cambrian
-0.69,516.18,Cambrian
-0.55,516.18,Cambrian
-0.46,516.18,Cambrian
-0.31,516.07,Cambrian
-0.5,515.96,Cambrian
-0.55,515.96,Cambrian
-0.65,515.96,Cambrian
-0.41,515.96,Cambrian
0.07,515.84,Cambrian
-0.89,515.73,Cambrian
-0.74,515.73,Cambrian
-0.65,515.73,Cambrian
-0.55,515.73,Cambrian
-0.41,515.62,Cambrian
-0.26,515.62,Cambrian
-0.22,515.62,Cambrian
-0.65,515.51,Cambrian
0.07,515.51,Cambrian
-0.55,515.51,Cambrian
-0.98,515.4,Cambrian
-0.89,515.4,Cambrian
-0.79,515.4,Cambrian
-0.65,515.4,Cambrian
-0.5,515.4,Cambrian
-0.41,515.4,Cambrian
-0.31,515.4,Cambrian
-0.6,515.29,Cambrian
-0.74,515.18,Cambrian
-0.79,515.18,Cambrian
-0.89,515.18,Cambrian
-0.41,515.18,Cambrian
-0.07,515.18,Cambrian
-0.26,515.18,Cambrian
-1.03,515.06,Cambrian
-0.55,515.06,Cambrian
-0.22,515.06,Cambrian
-1.13,514.95,Cambrian
-0.84,514.95,Cambrian
-0.93,514.95,Cambrian
-0.6,514.95,Cambrian
-0.36,514.95,Cambrian
0.02,514.95,Cambrian
-1.27,514.84,Cambrian
-0.41,514.84,Cambrian
-0.17,514.84,Cambrian
-0.74,514.73,Cambrian
-0.79,514.73,Cambrian
-0.65,514.73,Cambrian
-0.46,514.73,Cambrian
0.02,514.73,Cambrian
-0.02,514.73,Cambrian
-1.27,514.62,Cambrian
-1.17,514.62,Cambrian
-0.89,514.62,Cambrian
-0.55,514.62,Cambrian
-0.93,514.51,Cambrian
-0.5,514.51,Cambrian
-0.36,514.51,Cambrian
-1.17,514.39,Cambrian
-0.36,514.39,Cambrian
-0.12,514.39,Cambrian
0.41,514.39,Cambrian
-0.69,514.28,Cambrian
0.12,514.28,Cambrian
0.84,514.17,Cambrian
1.32,514.06,Cambrian
1.51,514.06,Cambrian
1.99,513.95,Cambrian
2.47,513.84,Cambrian
2.71,513.84,Cambrian
2.56,513.73,Cambrian
2.8,513.61,Cambrian
2.28,513.5,Cambrian
2.85,513.39,Cambrian
3.04,513.39,Cambrian
3.19,513.28,Cambrian
3.47,513.17,Cambrian
3.57,513.17,Cambrian
3.81,513.17,Cambrian
3.43,512.95,Cambrian
3.62,512.95,Cambrian
3.38,512.83,Cambrian
2.9,512.83,Cambrian
3.09,512.72,Cambrian
2.99,512.72,Cambrian
2.95,512.61,Cambrian
2.85,512.5,Cambrian
2.66,512.5,Cambrian
1.84,512.39,Cambrian
1.84,512.28,Cambrian
2.47,512.17,Cambrian
0.65,512.17,Cambrian
0.6,512.05,Cambrian
0.22,511.94,Cambrian
-0.26,511.94,Cambrian
-0.36,511.83,Cambrian
0.84,511.72,Cambrian
0.07,511.72,Cambrian
-0.22,511.61,Cambrian
-0.17,511.5,Cambrian
-0.65,511.5,Cambrian
-0.69,511.39,Cambrian
-1.17,511.39,Cambrian
-0.79,511.27,Cambrian
-1.17,511.16,Cambrian
-0.6,511.16,Cambrian
-0.65,510.94,Cambrian
-0.31,510.83,Cambrian
-0.55,510.83,Cambrian
-0.5,510.72,Cambrian
-0.65,510.61,Cambrian
-0.55,510.49,Cambrian
-0.74,510.38,Cambrian
-0.65,510.38,Cambrian
-0.6,510.27,Cambrian
-0.89,510.16,Cambrian
-0.69,510.16,Cambrian
-0.46,510.05,Cambrian
-0.31,509.94,Cambrian
-0.22,509.94,Cambrian
0.02,509.82,Cambrian
-0.02,509.82,Cambrian
-0.02,509.71,Cambrian
0.31,509.6,Cambrian
-0.84,509.49,Cambrian
-1.27,509.49,Cambrian
-0.69,509.38,Cambrian
0.02,509.38,Cambrian
-0.31,509.27,Cambrian
-2.75,509.16,Cambrian
-0.69,509.16,Cambrian
-1.46,509.04,Cambrian
-1.84,508.93,Cambrian
-2.04,508.93,Cambrian
-1.7,508.82,Cambrian
-2.28,508.82,Cambrian
-0.46,508.82,Cambrian
-1.32,508.71,Cambrian
-0.07,508.6,Cambrian
0.93,508.49,Cambrian
-0.17,508.38,Cambrian
1.13,508.38,Cambrian
-0.02,508.26,Cambrian
-0.17,508.15,Cambrian
-0.02,508.04,Cambrian
0.12,508.04,Cambrian
0.07,507.93,Cambrian
0.26,507.93,Cambrian
0.79,507.93,Cambrian
0.31,507.82,Cambrian
0.5,507.82,Cambrian
0.46,507.71,Cambrian
0.74,507.71,Cambrian
0.79,507.71,Cambrian
0.93,507.71,Cambrian
0.84,507.6,Cambrian
0.98,507.6,Cambrian
1.75,507.48,Cambrian
1.89,507.48,Cambrian
1.41,507.37,Cambrian
0.55,507.26,Cambrian
1.03,507.15,Cambrian
0.36,507.15,Cambrian
0.26,507.04,Cambrian
1.17,506.93,Cambrian
0.79,506.93,Cambrian
0.89,506.7,Cambrian
0.41,506.7,Cambrian
0.5,506.48,Cambrian
0.6,506.37,Cambrian
0.41,506.37,Cambrian
0.07,506.26,Cambrian
0.41,506.15,Cambrian
0.17,506.04,Cambrian
0.26,505.92,Cambrian
0.36,505.81,Cambrian
0.17,505.81,Cambrian
0.31,505.7,Cambrian
-0.55,505.48,Cambrian
-1.08,505.37,Cambrian
-0.65,505.37,Cambrian
-0.89,505.25,Cambrian
-0.5,505.25,Cambrian
-0.6,505.25,Cambrian
-0.41,505.14,Cambrian
-0.6,504.92,Cambrian
-0.41,504.92,Cambrian
-0.74,504.81,Cambrian
-2.08,504.7,Cambrian
-2.56,504.47,Cambrian
-2.18,504.36,Cambrian
-2.13,504.36,Cambrian
-2.32,504.14,Cambrian
-0.93,504.03,Cambrian
-2.42,504.03,Cambrian
-0.5,503.92,Cambrian
-0.55,503.81,Cambrian
-1.27,503.81,Cambrian
0.02,503.69,Cambrian
-0.26,503.69,Cambrian
0.74,503.58,Cambrian
1.46,503.58,Cambrian
0.36,503.47,Cambrian
0.07,503.36,Cambrian
0.55,503.36,Cambrian
0.36,503.14,Cambrian
0.31,502.91,Cambrian
-0.07,502.8,Cambrian
-0.22,502.58,Cambrian
-1.03,502.47,Cambrian
-0.89,502.13,Cambrian
-0.07,502.02,Cambrian
-0.69,501.8,Cambrian
-0.69,501.58,Cambrian
0.17,501.24,Cambrian
0.55,501.02,Cambrian
0.22,500.68,Cambrian
0.6,500.68,Cambrian
-0.26,500.35,Cambrian
0.41,500.24,Cambrian
0.17,500.13,Cambrian
-0.36,500.02,Cambrian
0.65,499.79,Cambrian
-0.07,499.68,Cambrian
0.5,499.57,Cambrian
0.84,499.46,Cambrian
0.98,499.35,Cambrian
0.22,499.24,Cambrian
0.26,499.01,Cambrian
-0.12,498.9,Cambrian
0.02,498.9,Cambrian
0.36,498.79,Cambrian
0.22,498.68,Cambrian
0.98,498.57,Cambrian
0.02,498.46,Cambrian
1.46,498.34,Cambrian
1.46,498.12,Cambrian
1.32,498.01,Cambrian
0.79,497.9,Cambrian
0.84,497.79,Cambrian
1.08,497.68,Cambrian
0.84,497.56,Cambrian
1.22,497.45,Cambrian
1.08,497.45,Cambrian
1.8,497.45,Cambrian
1.89,497.34,Cambrian
2.28,497.23,Cambrian
1.84,497.12,Cambrian
1.65,497.12,Cambrian
1.56,497.01,Cambrian
0.12,496.89,Cambrian
0.17,496.89,Cambrian
0.41,496.78,Cambrian
0.5,496.78,Cambrian
1.03,496.78,Cambrian
1.22,496.78,Cambrian
1.41,496.78,Cambrian
1.51,496.78,Cambrian
1.94,496.78,Cambrian
0.69,496.67,Cambrian
0.79,496.67,Cambrian
0.89,496.67,Cambrian
1.27,496.67,Cambrian
1.56,496.56,Cambrian
1.46,496.56,Cambrian
1.7,496.56,Cambrian
1.94,496.56,Cambrian
1.32,496.45,Cambrian
1.84,496.45,Cambrian
1.99,496.45,Cambrian
2.08,496.45,Cambrian
1.75,496.34,Cambrian
2.51,496.34,Cambrian
2.61,496.34,Cambrian
2.9,496.34,Cambrian
1.84,496.23,Cambrian
2.66,496.23,Cambrian
2.75,496.23,Cambrian
1.65,496.11,Cambrian
2.51,496.11,Cambrian
2.61,496.11,Cambrian
2.71,496.11,Cambrian
2.85,496.11,Cambrian
3.19,496.11,Cambrian
2.61,496,Cambrian
2.99,496,Cambrian
3.38,496,Cambrian
2.18,495.89,Cambrian
2.71,495.89,Cambrian
2.85,495.89,Cambrian
3.04,495.89,Cambrian
2.99,495.78,Cambrian
3.33,495.78,Cambrian
3.43,495.78,Cambrian
3.57,495.78,Cambrian
3.66,495.78,Cambrian
3.9,495.78,Cambrian
3.14,495.67,Cambrian
3.23,495.67,Cambrian
2.85,495.67,Cambrian
3.81,495.67,Cambrian
2.85,495.56,Cambrian
3.38,495.56,Cambrian
3.52,495.56,Cambrian
3.57,495.56,Cambrian
3.76,495.56,Cambrian
3.9,495.56,Cambrian
4,495.56,Cambrian
4.14,495.56,Cambrian
3.19,495.45,Cambrian
3.28,495.45,Cambrian
2.95,495.45,Cambrian
2.8,495.45,Cambrian
2.32,495.33,Cambrian
3.04,495.33,Cambrian
3.38,495.33,Cambrian
3.47,495.33,Cambrian
4.1,495.33,Cambrian
3.14,495.22,Cambrian
3.95,495.22,Cambrian
4.96,495.22,Cambrian
4.77,495.22,Cambrian
4.67,495.22,Cambrian
4.53,495.22,Cambrian
4.34,495.22,Cambrian
4.24,495.22,Cambrian
4.05,495.11,Cambrian
4.62,495.11,Cambrian
4.38,495.11,Cambrian
4.57,495,Cambrian
4.53,495,Cambrian
4.43,495,Cambrian
4.29,495,Cambrian
5.94,494.94,Cambrian
4.38,494.89,Cambrian
4.05,494.89,Cambrian
3.28,494.89,Cambrian
2.8,494.78,Cambrian
3.81,494.78,Cambrian
3.76,494.78,Cambrian
4.19,494.78,Cambrian
4.62,494.78,Cambrian
4.48,494.78,Cambrian
4,494.78,Cambrian
3.52,494.78,Cambrian
3.28,494.67,Cambrian
3.23,494.67,Cambrian
2.42,494.55,Cambrian
2.66,494.55,Cambrian
2.95,494.55,Cambrian
3.9,494.55,Cambrian
4.1,494.55,Cambrian
3.62,494.55,Cambrian
3.43,494.55,Cambrian
3.33,494.55,Cambrian
2.85,494.44,Cambrian
4.53,494.44,Cambrian
3.43,494.44,Cambrian
3.14,494.44,Cambrian
3.23,494.44,Cambrian
3.76,494.33,Cambrian
3.52,494.33,Cambrian
3.04,494.33,Cambrian
3.33,494.33,Cambrian
1.7,494.22,Cambrian
1.84,494.22,Cambrian
3.43,494.22,Cambrian
3.23,494.22,Cambrian
2.75,494.22,Cambrian
2.51,494.22,Cambrian
1.08,494.11,Cambrian
2.13,494.11,Cambrian
2.23,494.11,Cambrian
2.85,494.11,Cambrian
2.61,494,Cambrian
2.51,494,Cambrian
2.37,493.89,Cambrian
2.51,493.77,Cambrian
2.18,493.77,Cambrian
1.99,493.66,Cambrian
1.8,493.55,Cambrian
2.28,493.55,Cambrian
2.13,493.55,Cambrian
2.08,493.44,Cambrian
1.99,493.44,Cambrian
2.23,493.33,Cambrian
2.13,493.33,Cambrian
2.04,493.22,Cambrian
1.94,493.22,Cambrian
2.23,493.11,Cambrian
1.8,493.11,Cambrian
2.08,492.99,Cambrian
1.89,492.99,Cambrian
1.84,492.88,Cambrian
1.75,492.77,Cambrian
0.98,492.77,Cambrian
1.8,492.66,Cambrian
1.89,492.66,Cambrian
1.65,492.66,Cambrian
1.51,492.66,Cambrian
1.51,492.44,Cambrian
1.41,492.44,Cambrian
0.6,492.32,Cambrian
0.98,492.21,Cambrian
1.08,492.21,Cambrian
0.41,492.1,Cambrian
0.74,492.1,Cambrian
0.79,492.1,Cambrian
0.55,491.99,Cambrian
0.6,491.88,Cambrian
0.79,491.88,Cambrian
0.98,491.88,Cambrian
-0.65,491.77,Cambrian
1.08,491.77,Cambrian
1.75,491.66,Cambrian
1.08,491.54,Cambrian
1.17,491.54,Cambrian
0.89,491.43,Cambrian
1.13,491.43,Cambrian
1.03,491.32,Cambrian
0.84,491.21,Cambrian
1.17,491.21,Cambrian
0.41,491.1,Cambrian
0.6,491.1,Cambrian
0.22,490.99,Cambrian
-0.02,490.88,Cambrian
0.36,490.88,Cambrian
-0.12,490.76,Cambrian
0.07,490.65,Cambrian
-0.22,490.54,Cambrian
-0.12,490.54,Cambrian
-0.02,490.54,Cambrian
-0.6,490.43,Cambrian
-0.31,490.43,Cambrian
-0.79,490.32,Cambrian
-0.69,490.32,Cambrian
-0.41,490.32,Cambrian
-0.89,490.21,Cambrian
-0.84,490.1,Cambrian
-0.74,490.1,Cambrian
-0.65,490.1,Cambrian
-0.98,489.98,Cambrian
-0.79,489.98,Cambrian
-1.13,489.87,Cambrian
-1.03,489.87,Cambrian
-0.89,489.87,Cambrian
-1.27,489.76,Cambrian
-1.13,489.76,Cambrian
-0.89,489.76,Cambrian
-0.79,489.76,Cambrian
-0.69,489.54,Cambrian
-0.6,489.54,Cambrian
-0.07,489.54,Cambrian
-0.5,489.43,Cambrian
-0.36,489.43,Cambrian
-0.17,489.43,Cambrian
-0.6,489.32,Cambrian
-0.5,489.32,Cambrian
-0.26,489.32,Cambrian
-0.07,489.2,Cambrian
0.12,489.2,Cambrian
-0.17,489.2,Cambrian
0.02,489.09,Cambrian
0.12,489.09,Cambrian
0.6,489.09,Cambrian
-0.12,488.98,Cambrian
-0.02,488.98,Cambrian
0.26,488.98,Cambrian
0.12,488.87,Cambrian
0.02,488.87,Cambrian
0.31,488.87,Cambrian
0.6,488.87,Cambrian
0.41,488.76,Cambrian
0.69,488.76,Cambrian
0.5,488.65,Cambrian
0.6,488.65,Cambrian
0.36,488.54,Cambrian
0.22,488.54,Cambrian
0.12,488.54,Cambrian
0.31,488.42,Cambrian
0.41,488.31,Cambrian
0.02,488.31,Cambrian
0.12,488.31,Cambrian
0.17,488.2,Cambrian
0.65,488.2,Cambrian
0.6,488.09,Cambrian
0.74,488.09,Cambrian
0.79,488.09,Cambrian
0.89,487.98,Cambrian
1.03,487.98,Cambrian
1.08,487.98,Cambrian
0.89,487.87,Cambrian
0.89,487.75,Cambrian
0.69,487.75,Cambrian
0.55,487.75,Cambrian
0.55,487.64,Cambrian
0.36,487.64,Cambrian
0.17,487.64,Cambrian
0.41,487.53,Cambrian
0.26,487.42,Cambrian
0.89,487.42,Cambrian
0.69,487.42,Cambrian
0.5,487.31,Cambrian
0.41,487.31,Cambrian
0.79,487.2,Cambrian
0.65,487.2,Cambrian
0.22,487.09,Cambrian
0.31,487.09,Cambrian
0.55,487.09,Cambrian
0.02,486.97,Cambrian
0.41,486.86,Cambrian
0.5,486.86,Cambrian
0.65,486.86,Cambrian
0.84,486.86,Cambrian
0.91,486.77,Cambrian
0.79,486.75,Ordovician
0.51,486.49,Ordovician
0.1,486.11,Ordovician
-0.49,485.83,Ordovician
-0.35,485.55,Ordovician
-0.22,485.27,Ordovician
-0.49,484.98,Ordovician
-0.22,484.61,Ordovician
-0.67,484.33,Ordovician
-0.36,484.04,Ordovician
-0.67,483.76,Ordovician
-0.54,483.39,Ordovician
-0.63,483.1,Ordovician
-0.49,483.1,Ordovician
-0.45,483.01,Ordovician
-0.67,482.92,Ordovician
-0.76,482.92,Ordovician
-0.86,482.92,Ordovician
-0.54,482.92,Ordovician
-0.72,482.73,Ordovician
-0.81,482.73,Ordovician
-0.49,482.73,Ordovician
-0.36,482.73,Ordovician
-0.67,482.63,Ordovician
-0.4,482.63,Ordovician
-0.22,482.63,Ordovician
-0.18,482.54,Ordovician
-0.04,482.54,Ordovician
0.05,482.54,Ordovician
0.59,482.54,Ordovician
0.45,482.45,Ordovician
0.55,482.45,Ordovician
0.77,482.45,Ordovician
1.09,482.45,Ordovician
1.04,482.45,Ordovician
0.95,482.35,Ordovician
1,482.26,Ordovician
1.09,482.26,Ordovician
1.31,482.26,Ordovician
0.36,482.16,Ordovician
0.45,482.16,Ordovician
0.68,482.16,Ordovician
0.91,482.16,Ordovician
1.45,482.16,Ordovician
-0.99,482.07,Ordovician
0.32,481.97,Ordovician
-1.31,481.97,Ordovician
-0.81,481.97,Ordovician
-1.17,481.88,Ordovician
-1.08,481.88,Ordovician
-0.95,481.88,Ordovician
-1.26,481.79,Ordovician
-0.54,481.79,Ordovician
-1.35,481.69,Ordovician
-1.04,481.69,Ordovician
-0.72,481.6,Ordovician
-0.27,481.6,Ordovician
-1.13,481.41,Ordovician
-1.49,481.32,Ordovician
-1.4,481.22,Ordovician
-2.3,481.03,Ordovician
-0.63,480.94,Ordovician
-0.9,480.75,Ordovician
-0.86,480.66,Ordovician
-1.54,480.47,Ordovician
-1.63,480.38,Ordovician
-1.54,480.19,Ordovician
-1,480.09,Ordovician
-1.76,479.91,Ordovician
-1.49,479.81,Ordovician
-1.45,479.62,Ordovician
-1.4,479.53,Ordovician
-1.4,479.34,Ordovician
-1.58,479.25,Ordovician
-1.45,479.15,Ordovician
-1.54,478.97,Ordovician
-1.18,478.87,Ordovician
-1.13,478.68,Ordovician
-1.36,478.59,Ordovician
-1.18,478.4,Ordovician
-1.45,478.31,Ordovician
-1.27,478.12,Ordovician
-0.41,478.03,Ordovician
-0.05,477.84,Ordovician
-1.04,477.74,Ordovician
-1.72,477.65,Ordovician
-1.86,477.55,Ordovician
-2.76,477.46,Ordovician
-2.22,477.37,Ordovician
-1.77,477.27,Ordovician
-2.08,477.18,Ordovician
-1.9,477.08,Ordovician
-2.22,476.99,Ordovician
-2.54,476.9,Ordovician
-2.22,476.71,Ordovician
-1.9,476.61,Ordovician
-2.13,476.43,Ordovician
-2.58,476.24,Ordovician
-1.72,476.14,Ordovician
-1.27,475.96,Ordovician
-1.32,475.77,Ordovician
-1.23,475.58,Ordovician
-1.09,475.49,Ordovician
-0.78,475.3,Ordovician
-0.82,475.2,Ordovician
-0.69,475.11,Ordovician
-1.09,475.02,Ordovician
-0.96,475.02,Ordovician
-0.64,474.92,Ordovician
-0.78,474.83,Ordovician
-0.73,474.73,Ordovician
-0.78,474.55,Ordovician
-0.69,474.55,Ordovician
-0.64,474.36,Ordovician
-0.73,474.26,Ordovician
-0.69,474.08,Ordovician
-0.73,473.98,Ordovician
-0.64,473.89,Ordovician
-0.78,473.79,Ordovician
-0.96,473.79,Ordovician
-0.78,473.61,Ordovician
-0.69,473.61,Ordovician
-0.96,473.51,Ordovician
-1.14,473.42,Ordovician
-0.73,473.32,Ordovician
-0.82,473.23,Ordovician
-0.37,473.23,Ordovician
-0.33,473.13,Ordovician
-0.19,473.04,Ordovician
-0.19,472.95,Ordovician
-0.33,472.85,Ordovician
-0.24,472.76,Ordovician
-1.05,472.66,Ordovician
-0.24,472.66,Ordovician
-0.51,472.57,Ordovician
-0.42,472.48,Ordovician
-0.06,472.48,Ordovician
-0.15,472.38,Ordovician
-0.19,472.29,Ordovician
-0.24,472.1,Ordovician
-0.15,472.1,Ordovician
-0.15,472.01,Ordovician
0.03,471.91,Ordovician
-0.19,471.82,Ordovician
0.08,471.82,Ordovician
-0.19,471.72,Ordovician
0.03,471.63,Ordovician
-0.06,471.54,Ordovician
0.35,471.44,Ordovician
-0.1,471.35,Ordovician
0.08,471.35,Ordovician
0.57,471.25,Ordovician
-0.38,471.16,Ordovician
-0.65,471.16,Ordovician
-0.15,471.07,Ordovician
-0.47,471.07,Ordovician
-0.56,471.07,Ordovician
-0.65,470.97,Ordovician
-0.33,470.88,Ordovician
-0.56,470.88,Ordovician
-0.47,470.78,Ordovician
-0.65,470.78,Ordovician
-0.33,470.69,Ordovician
-0.47,470.6,Ordovician
-0.65,470.6,Ordovician
-0.56,470.6,Ordovician
-0.65,470.5,Ordovician
-0.56,470.41,Ordovician
-0.74,470.41,Ordovician
-0.65,470.31,Ordovician
-0.56,470.22,Ordovician
-0.96,470.22,Ordovician
-0.65,470.13,Ordovician
-0.74,470.13,Ordovician
-0.97,469.94,Ordovician
-1.06,469.94,Ordovician
-1.15,469.94,Ordovician
-1.24,469.94,Ordovician
-1.37,469.84,Ordovician
-1.46,469.84,Ordovician
-1.55,469.84,Ordovician
-1.24,469.75,Ordovician
-1.15,469.66,Ordovician
-1.46,469.66,Ordovician
-1.55,469.66,Ordovician
-1.06,469.56,Ordovician
-1.28,469.56,Ordovician
-0.74,469.47,Ordovician
-0.47,469.47,Ordovician
-0.33,469.47,Ordovician
-0.56,469.37,Ordovician
-0.24,469.37,Ordovician
0.3,469.37,Ordovician
0.44,469.37,Ordovician
0.57,469.37,Ordovician
0.12,469.28,Ordovician
0.21,469.28,Ordovician
0.39,469.28,Ordovician
0.48,469.28,Ordovician
0.62,469.28,Ordovician
0.3,469.18,Ordovician
0.12,469.09,Ordovician
0.21,469.09,Ordovician
0.39,469.09,Ordovician
0.48,469.09,Ordovician
0.66,469.09,Ordovician
0.3,469,Ordovician
0.57,469,Ordovician
0.48,468.81,Ordovician
0.43,468.71,Ordovician
0.43,468.62,Ordovician
0.25,468.53,Ordovician
0.3,468.43,Ordovician
0.34,468.34,Ordovician
0.43,468.24,Ordovician
0.34,468.15,Ordovician
0.3,468.06,Ordovician
0.43,467.87,Ordovician
0.34,467.77,Ordovician
0.34,467.68,Ordovician
0.48,467.59,Ordovician
0.34,467.49,Ordovician
0.3,467.3,Ordovician
0.39,467.3,Ordovician
0.34,467.12,Ordovician
0.52,467.02,Ordovician
0.66,466.93,Ordovician
0.3,466.83,Ordovician
0.52,466.83,Ordovician
0.61,466.74,Ordovician
0.48,466.65,Ordovician
0.57,466.65,Ordovician
0.75,466.65,Ordovician
0.48,466.55,Ordovician
0.57,466.55,Ordovician
0.75,466.46,Ordovician
0.66,466.46,Ordovician
0.48,466.36,Ordovician
0.66,466.27,Ordovician
0.57,466.27,Ordovician
0.61,466.18,Ordovician
0.52,466.18,Ordovician
0.75,466.18,Ordovician
0.66,466.08,Ordovician
0.79,466.08,Ordovician
0.75,465.89,Ordovician
0.88,465.89,Ordovician
0.84,465.8,Ordovician
0.88,465.71,Ordovician
1.11,465.71,Ordovician
1.2,465.61,Ordovician
1.33,465.52,Ordovician
1.47,465.52,Ordovician
1.2,465.42,Ordovician
1.33,465.42,Ordovician
1.06,465.24,Ordovician
1.24,465.24,Ordovician
1.15,465.14,Ordovician
1.02,465.05,Ordovician
1.29,465.05,Ordovician
1.15,464.95,Ordovician
1.24,464.95,Ordovician
1.51,464.95,Ordovician
1.69,464.76,Ordovician
1.6,464.67,Ordovician
1.6,464.48,Ordovician
1.74,464.39,Ordovician
1.78,464.2,Ordovician
1.6,464.11,Ordovician
1.74,464.01,Ordovician
1.74,463.92,Ordovician
1.87,463.73,Ordovician
1.78,463.64,Ordovician
1.96,463.45,Ordovician
1.69,463.35,Ordovician
1.83,463.26,Ordovician
1.74,463.07,Ordovician
1.74,462.98,Ordovician
1.69,462.79,Ordovician
1.6,462.7,Ordovician
1.83,462.6,Ordovician
1.6,462.51,Ordovician
1.55,462.32,Ordovician
1.64,462.23,Ordovician
1.64,462.04,Ordovician
1.64,461.94,Ordovician
1.69,461.85,Ordovician
1.6,461.76,Ordovician
1.6,461.57,Ordovician
1.19,461.47,Ordovician
1.55,461.38,Ordovician
1.28,461.29,Ordovician
1.42,461.19,Ordovician
1.33,461.19,Ordovician
1.37,461.1,Ordovician
1.01,461,Ordovician
1.24,460.91,Ordovician
1.06,460.82,Ordovician
1.24,460.72,Ordovician
1.15,460.72,Ordovician
1.1,460.53,Ordovician
1.05,460.53,Ordovician
1.14,460.34,Ordovician
1.24,460.34,Ordovician
1.14,460.16,Ordovician
1.01,460.06,Ordovician
0.87,459.97,Ordovician
0.96,459.87,Ordovician
1.05,459.87,Ordovician
1.14,459.78,Ordovician
1.05,459.69,Ordovician
1.1,459.5,Ordovician
1.01,459.4,Ordovician
1.14,459.31,Ordovician
1.1,459.22,Ordovician
0.87,459.12,Ordovician
0.96,459.03,Ordovician
1.14,458.93,Ordovician
1.05,458.84,Ordovician
0.96,458.75,Ordovician
1.05,458.65,Ordovician
0.87,458.56,Ordovician
0.96,458.46,Ordovician
0.87,458.37,Ordovician
0.78,458.28,Ordovician
0.96,458.18,Ordovician
0.96,458.09,Ordovician
0.82,457.99,Ordovician
0.78,457.9,Ordovician
0.82,457.81,Ordovician
0.78,457.71,Ordovician
0.51,457.62,Ordovician
0.46,457.52,Ordovician
0.33,457.43,Ordovician
0.46,457.34,Ordovician
0.33,457.24,Ordovician
0.24,457.15,Ordovician
0.19,457.05,Ordovician
0.37,456.96,Ordovician
0.03,456.91,Ordovician
0.28,456.77,Ordovician
0.14,456.77,Ordovician
0.14,456.68,Ordovician
-0.04,456.58,Ordovician
0.01,456.49,Ordovician
-0.08,456.39,Ordovician
-0.26,456.3,Ordovician
-0.26,456.11,Ordovician
-0.4,456.11,Ordovician
-0.35,455.92,Ordovician
-0.44,455.92,Ordovician
-0.22,455.83,Ordovician
-0.26,455.74,Ordovician
0.01,455.74,Ordovician
-0.08,455.55,Ordovician
0.05,455.55,Ordovician
0.01,455.36,Ordovician
0.3,455.36,Ordovician
0.23,455.27,Ordovician
0.32,455.17,Ordovician
0.32,455.08,Ordovician
0.5,455.08,Ordovician
0.41,454.89,Ordovician
0.5,454.89,Ordovician
0.32,454.8,Ordovician
0.05,454.7,Ordovician
0.1,454.61,Ordovician
0.19,454.61,Ordovician
0.28,454.51,Ordovician
0.32,454.42,Ordovician
0.28,454.33,Ordovician
0.37,454.23,Ordovician
0.28,454.14,Ordovician
0.68,454.14,Ordovician
0.77,454.04,Ordovician
0.77,453.95,Ordovician
0.64,453.86,Ordovician
0.55,453.86,Ordovician
0.59,453.67,Ordovician
0.5,453.57,Ordovician
0.68,453.57,Ordovician
0.82,453.48,Ordovician
0.73,453.48,Ordovician
0.68,453.29,Ordovician
0.73,453.2,Ordovician
0.64,453.1,Ordovician
0.68,453.01,Ordovician
1,453.01,Ordovician
0.5,452.92,Ordovician
0.46,452.82,Ordovician
0.68,452.73,Ordovician
0.86,452.73,Ordovician
1.31,452.73,Ordovician
1.4,452.73,Ordovician
1.54,452.73,Ordovician
1.77,452.63,Ordovician
1.9,452.63,Ordovician
1.95,452.63,Ordovician
2.17,452.63,Ordovician
2.22,452.63,Ordovician
2.49,452.63,Ordovician
2.62,452.63,Ordovician
2.72,452.63,Ordovician
2.81,452.63,Ordovician
1.13,452.54,Ordovician
1.22,452.54,Ordovician
1.31,452.54,Ordovician
1.58,452.54,Ordovician
1.95,452.54,Ordovician
2.04,452.54,Ordovician
2.81,452.54,Ordovician
0.77,452.45,Ordovician
0.68,452.45,Ordovician
0.27,452.45,Ordovician
0.18,452.45,Ordovician
0,452.45,Ordovician
1.31,452.35,Ordovician
0.68,452.35,Ordovician
0.59,452.35,Ordovician
0.55,452.35,Ordovician
0.45,452.35,Ordovician
0.41,452.35,Ordovician
0.86,452.26,Ordovician
1.31,452.26,Ordovician
0.77,452.26,Ordovician
0.36,452.26,Ordovician
0.27,452.26,Ordovician
0.05,452.26,Ordovician
0.27,452.16,Ordovician
0.14,452.16,Ordovician
-0.04,452.16,Ordovician
-0.49,452.16,Ordovician
-0.86,452.16,Ordovician
-0.49,452.07,Ordovician
-0.72,452.07,Ordovician
-0.63,452.07,Ordovician
-0.31,451.97,Ordovician
-0.45,451.97,Ordovician
-0.9,451.97,Ordovician
-1.13,451.97,Ordovician
-1.35,451.97,Ordovician
-0.59,451.88,Ordovician
-0.77,451.88,Ordovician
-0.99,451.88,Ordovician
-0.22,451.79,Ordovician
-0.72,451.79,Ordovician
-1.13,451.79,Ordovician
-1.49,451.79,Ordovician
-0.59,451.69,Ordovician
-1.08,451.69,Ordovician
-1.17,451.69,Ordovician
0.09,451.69,Ordovician
-0.9,451.6,Ordovician
-1.35,451.6,Ordovician
0.32,451.6,Ordovician
0,451.6,Ordovician
-0.27,451.5,Ordovician
0.27,451.5,Ordovician
0.14,451.5,Ordovician
-0.5,451.41,Ordovician
0.41,451.41,Ordovician
0,451.41,Ordovician
-0.72,451.32,Ordovician
-0.22,451.32,Ordovician
-0.22,451.22,Ordovician
0.45,451.22,Ordovician
0.23,451.22,Ordovician
0,451.22,Ordovician
-1.45,451.13,Ordovician
-1.36,451.13,Ordovician
-1.04,451.13,Ordovician
-0.45,451.13,Ordovician
-1.08,451.03,Ordovician
-0.54,451.03,Ordovician
-1.49,450.94,Ordovician
-0.9,450.94,Ordovician
-0.77,450.94,Ordovician
-0.72,450.94,Ordovician
-1.36,450.85,Ordovician
-0.86,450.85,Ordovician
-0.54,450.85,Ordovician
-0.45,450.85,Ordovician
0.09,450.85,Ordovician
-0.77,450.75,Ordovician
-0.18,450.75,Ordovician
0,450.75,Ordovician
0.23,450.75,Ordovician
0.41,450.75,Ordovician
-0.99,450.66,Ordovician
0.14,450.66,Ordovician
0.27,450.66,Ordovician
-1.22,450.56,Ordovician
0.41,450.56,Ordovician
-1.22,450.47,Ordovician
-0.99,450.38,Ordovician
-1.45,450.28,Ordovician
-0.59,450.28,Ordovician
-0.9,450.19,Ordovician
-0.95,450.09,Ordovician
-0.77,450,Ordovician
-1.18,449.91,Ordovician
-0.36,449.91,Ordovician
-0.23,449.91,Ordovician
-0.5,449.81,Ordovician
-0.41,449.81,Ordovician
0.32,449.81,Ordovician
0.22,449.81,Ordovician
-1,449.72,Ordovician
0.77,449.72,Ordovician
0.54,449.72,Ordovician
0.99,449.72,Ordovician
1.31,449.72,Ordovician
0,449.62,Ordovician
0.09,449.62,Ordovician
0.22,449.62,Ordovician
0.32,449.62,Ordovician
0.5,449.62,Ordovician
1.22,449.62,Ordovician
-0.05,449.53,Ordovician
1.13,449.53,Ordovician
1.08,449.44,Ordovician
1.44,449.44,Ordovician
1.17,449.25,Ordovician
0.77,449.15,Ordovician
0.72,449.06,Ordovician
0.77,448.97,Ordovician
0.63,448.78,Ordovician
0.81,448.68,Ordovician
0.67,448.5,Ordovician
0.99,448.4,Ordovician
0.99,448.31,Ordovician
1.17,448.21,Ordovician
1.26,448.12,Ordovician
1.13,448.03,Ordovician
0.95,447.93,Ordovician
1.04,447.84,Ordovician
1.13,447.74,Ordovician
1.17,447.74,Ordovician
1.17,447.55,Ordovician
1.22,447.46,Ordovician
1.08,447.37,Ordovician
1.17,447.27,Ordovician
1.03,447.18,Ordovician
1.22,447.08,Ordovician
1.12,446.99,Ordovician
1.31,446.9,Ordovician
1.31,446.8,Ordovician
1.44,446.61,Ordovician
1.33,446.57,Ordovician
1.49,446.43,Ordovician
1.71,446.43,Ordovician
1.58,446.24,Ordovician
1.71,446.14,Ordovician
1.48,446.05,Ordovician
1.44,445.96,Ordovician
1.26,445.86,Ordovician
1.26,445.67,Ordovician
1.12,445.58,Ordovician
0.76,445.58,Ordovician
0.76,445.39,Ordovician
0.81,445.3,Ordovician
1.48,445.2,Ordovician
1.89,445.2,Ordovician
2.21,445.11,Ordovician
2.3,445.02,Ordovician
3.47,445.02,Ordovician
3.88,444.92,Ordovician
4.6,444.92,Ordovician
4.92,444.83,Ordovician
5.1,444.83,Ordovician
3.52,444.73,Ordovician
3.61,444.73,Ordovician
6.18,444.64,Ordovician
6,444.55,Ordovician
6.77,444.55,Ordovician
6.68,444.45,Ordovician
6.18,444.36,Ordovician
6.59,444.36,Ordovician
5.41,444.26,Ordovician
6,444.26,Ordovician
5.59,444.17,Ordovician
5.59,444.08,Ordovician
5.78,444.08,Ordovician
4.6,443.98,Ordovician
5.28,443.98,Ordovician
3.47,443.89,Ordovician
3.29,443.89,Ordovician
2.57,443.89,Ordovician
2.39,443.79,Ordovician
2.43,443.7,Ordovician
2.61,443.7,Ordovician
2.25,443.61,Ordovician
1.8,443.61,Ordovician
1.48,443.51,Ordovician
1.89,443.51,Ordovician
1.25,443.42,Ordovician
1.03,443.42,Ordovician
0.98,443.32,Ordovician
0.58,443.32,Ordovician
0.49,443.23,Ordovician
0.62,443.13,Ordovician
0.17,443.13,Ordovician
0.69,443.08,Silurian
0.82,443.08,Silurian
0.97,443.08,Silurian
1.17,443.05,Silurian
0.69,443.02,Silurian
0.79,442.98,Silurian
0.89,442.98,Silurian
1.12,442.98,Silurian
0.92,442.95,Silurian
1.17,442.89,Silurian
1.04,442.86,Silurian
1.1,442.79,Silurian
1.25,442.79,Silurian
0.97,442.76,Silurian
0.94,442.73,Silurian
0.15,442.73,Silurian
0.51,442.7,Silurian
0.43,442.7,Silurian
0.69,442.67,Silurian
0.66,442.63,Silurian
0.61,442.63,Silurian
0.56,442.6,Silurian
-0.03,442.57,Silurian
-0.23,442.57,Silurian
0.23,442.54,Silurian
0.18,442.51,Silurian
-0.1,442.48,Silurian
-0.2,442.48,Silurian
-0.48,442.44,Silurian
-0.13,442.41,Silurian
0.13,442.38,Silurian
-0.36,442.35,Silurian
-0.46,442.35,Silurian
-0.23,442.32,Silurian
-0.05,442.29,Silurian
-0.84,442.29,Silurian
-0.48,442.25,Silurian
-0.2,442.22,Silurian
-0.66,442.22,Silurian
-0.59,442.19,Silurian
-0.28,442.16,Silurian
-0.48,442.13,Silurian
-0.61,442.1,Silurian
-0.28,442.03,Silurian
-0.48,442,Silurian
-0.41,442,Silurian
-0.56,442,Silurian
-0.61,441.94,Silurian
-0.69,441.94,Silurian
-0.33,441.9,Silurian
-0.76,441.87,Silurian
-0.66,441.84,Silurian
-0.43,441.81,Silurian
-0.66,441.78,Silurian
-0.51,441.78,Silurian
-0.46,441.78,Silurian
-0.43,441.78,Silurian
-0.23,441.75,Silurian
-0.56,441.71,Silurian
-0.66,441.68,Silurian
-0.94,441.65,Silurian
-0.43,441.62,Silurian
-0.59,441.62,Silurian
-0.33,441.62,Silurian
-0.46,441.56,Silurian
-0.2,441.56,Silurian
-0.84,441.49,Silurian
-0.25,441.49,Silurian
-0.69,441.46,Silurian
-0.31,441.46,Silurian
-0.38,441.43,Silurian
-0.84,441.4,Silurian
-0.31,441.37,Silurian
-0.43,441.37,Silurian
-0.51,441.37,Silurian
-0.41,441.3,Silurian
-0.61,441.27,Silurian
-0.48,441.27,Silurian
-0.15,441.21,Silurian
-0.41,441.17,Silurian
-0.1,441.17,Silurian
0.03,441.17,Silurian
-0.38,441.11,Silurian
-0.2,441.11,Silurian
0.18,441.11,Silurian
-0.03,441.08,Silurian
-0.13,441.05,Silurian
0.18,441.05,Silurian
0.23,441.02,Silurian
-0.46,440.95,Silurian
0.1,440.95,Silurian
-0.05,440.92,Silurian
0.2,440.92,Silurian
0.28,440.86,Silurian
0.36,440.86,Silurian
0.15,440.83,Silurian
0.51,440.79,Silurian
0.61,440.76,Silurian
-0.51,440.73,Silurian
0.64,440.73,Silurian
0,440.7,Silurian
0.41,440.67,Silurian
-0.48,440.63,Silurian
-1.27,440.63,Silurian
-0.23,440.6,Silurian
-0.33,440.57,Silurian
0.18,440.57,Silurian
0.28,440.57,Silurian
1.68,440.51,Silurian
1.78,440.48,Silurian
1.86,440.44,Silurian
1.61,440.44,Silurian
1.91,440.41,Silurian
1.71,440.41,Silurian
1.76,440.38,Silurian
1.96,440.35,Silurian
1.55,440.35,Silurian
1.66,440.32,Silurian
1.55,440.29,Silurian
1.17,440.29,Silurian
0.71,440.29,Silurian
1.38,440.25,Silurian
1.12,440.22,Silurian
0.89,440.22,Silurian
1.63,440.19,Silurian
1.73,440.19,Silurian
1.27,440.19,Silurian
0.87,440.19,Silurian
1.55,440.16,Silurian
1.4,440.13,Silurian
1.15,440.13,Silurian
1.68,440.1,Silurian
1.38,440.1,Silurian
1.27,440.1,Silurian
0.74,440.1,Silurian
0.61,440.06,Silurian
0.33,440.03,Silurian
0.03,440.03,Silurian
1.3,440,Silurian
0.69,440,Silurian
0.38,440,Silurian
0.92,439.97,Silurian
0.84,439.94,Silurian
0.25,439.94,Silurian
0.15,439.9,Silurian
0.03,439.9,Silurian
0.56,439.87,Silurian
0.23,439.87,Silurian
-0.05,439.87,Silurian
0.1,439.84,Silurian
1.25,439.81,Silurian
0.99,439.81,Silurian
0.64,439.81,Silurian
0.31,439.81,Silurian
1.25,439.75,Silurian
1.35,439.75,Silurian
1.4,439.75,Silurian
0.99,439.71,Silurian
0.18,439.71,Silurian
0.64,439.68,Silurian
0.28,439.68,Silurian
0.74,439.65,Silurian
-0.94,439.65,Silurian
1.5,439.62,Silurian
0.87,439.62,Silurian
0.2,439.62,Silurian
0.79,439.59,Silurian
0.69,439.59,Silurian
0.33,439.59,Silurian
0.2,439.56,Silurian
-0.41,439.56,Silurian
0.05,439.52,Silurian
0.82,439.49,Silurian
0.59,439.49,Silurian
0.33,439.49,Silurian
0.08,439.49,Silurian
-0.15,439.49,Silurian
-0.43,439.49,Silurian
0.97,439.46,Silurian
-0.56,439.46,Silurian
0.33,439.43,Silurian
-0.23,439.43,Silurian
-0.31,439.43,Silurian
0.54,439.4,Silurian
-0.13,439.37,Silurian
0.05,439.33,Silurian
0.13,439.33,Silurian
-0.25,439.33,Silurian
0.2,439.3,Silurian
-0.31,439.3,Silurian
-0.43,439.27,Silurian
-0.76,439.27,Silurian
-0.2,439.24,Silurian
0.25,439.21,Silurian
-0.92,439.21,Silurian
-0.33,439.17,Silurian
-0.23,439.17,Silurian
0.15,439.14,Silurian
0.43,439.14,Silurian
0.99,439.11,Silurian
0.56,439.08,Silurian
0.79,439.08,Silurian
0.69,439.05,Silurian
0.84,439.05,Silurian
0.54,438.98,Silurian
0.61,438.98,Silurian
0.23,438.95,Silurian
0.43,438.95,Silurian
0.28,438.92,Silurian
0.36,438.92,Silurian
-0.05,438.89,Silurian
1.27,438.89,Silurian
1.15,438.86,Silurian
4.46,438.86,Silurian
4.66,438.86,Silurian
5.04,438.83,Silurian
4.74,438.79,Silurian
5.35,438.79,Silurian
5.76,438.76,Silurian
5.86,438.76,Silurian
5.55,438.73,Silurian
5.76,438.73,Silurian
5.96,438.73,Silurian
4.76,438.7,Silurian
5.5,438.7,Silurian
4.99,438.67,Silurian
5.91,438.67,Silurian
4.41,438.63,Silurian
1.94,438.63,Silurian
1.61,438.63,Silurian
1.53,438.63,Silurian
1.73,438.6,Silurian
1.5,438.54,Silurian
1.32,438.54,Silurian
1.27,438.54,Silurian
1.61,438.51,Silurian
1.55,438.51,Silurian
1.35,438.51,Silurian
1.04,438.48,Silurian
1.1,438.44,Silurian
0.97,438.44,Silurian
1.17,438.41,Silurian
0.94,438.38,Silurian
1.1,438.35,Silurian
0.69,438.35,Silurian
0.82,438.32,Silurian
0.76,438.32,Silurian
-0.03,438.32,Silurian
0.15,438.29,Silurian
-0.1,438.25,Silurian
0.2,438.22,Silurian
0.08,438.22,Silurian
0.03,438.22,Silurian
-0.18,438.22,Silurian
-0.28,438.19,Silurian
-0.46,438.19,Silurian
-0.61,438.13,Silurian
-0.69,438.13,Silurian
-0.82,438.13,Silurian
-0.51,438.1,Silurian
-0.87,438.1,Silurian
-0.79,438.1,Silurian
-0.99,438.1,Silurian
-0.64,438.06,Silurian
-1.35,438.06,Silurian
-0.25,438.03,Silurian
-0.36,438.03,Silurian
-0.18,438,Silurian
-0.74,438,Silurian
-0.94,438,Silurian
-0.36,437.97,Silurian
-0.84,437.97,Silurian
-0.64,437.94,Silurian
-1.38,437.94,Silurian
-0.71,437.9,Silurian
-0.89,437.9,Silurian
-0.31,437.87,Silurian
-0.97,437.87,Silurian
-0.66,437.84,Silurian
-0.82,437.84,Silurian
-0.59,437.81,Silurian
-0.89,437.81,Silurian
-0.71,437.81,Silurian
-1.25,437.81,Silurian
-0.84,437.75,Silurian
-0.99,437.75,Silurian
-0.51,437.71,Silurian
-0.74,437.71,Silurian
-0.64,437.68,Silurian
-0.94,437.68,Silurian
-0.15,437.65,Silurian
-0.82,437.65,Silurian
-1.5,437.65,Silurian
-0.69,437.62,Silurian
-1.07,437.62,Silurian
-1.2,437.59,Silurian
-1.2,437.56,Silurian
-0.64,437.52,Silurian
-1.07,437.52,Silurian
-0.2,437.49,Silurian
-0.43,437.49,Silurian
-0.33,437.46,Silurian
-0.41,437.46,Silurian
-0.71,437.46,Silurian
0.08,437.43,Silurian
-0.1,437.43,Silurian
-0.15,437.4,Silurian
-0.99,437.4,Silurian
-0.08,437.37,Silurian
-1.1,437.37,Silurian
-0.69,437.33,Silurian
1.63,437.33,Silurian
1.45,437.3,Silurian
1.5,437.3,Silurian
1.76,437.27,Silurian
1.86,437.27,Silurian
2.01,437.27,Silurian
2.55,437.27,Silurian
2.39,437.24,Silurian
2.78,437.24,Silurian
1.4,437.21,Silurian
1.94,437.21,Silurian
2.17,437.21,Silurian
2.27,437.21,Silurian
1.68,437.17,Silurian
1.63,437.17,Silurian
1.5,437.17,Silurian
1.38,437.14,Silurian
1.58,437.11,Silurian
1.78,437.11,Silurian
0.82,437.08,Silurian
2.06,437.08,Silurian
2.11,437.08,Silurian
1.53,437.05,Silurian
2.27,437.05,Silurian
2.01,437.02,Silurian
2.17,436.98,Silurian
2.34,436.95,Silurian
2.62,436.95,Silurian
3.03,436.89,Silurian
2.39,436.89,Silurian
2.45,436.89,Silurian
2.55,436.89,Silurian
2.65,436.83,Silurian
2.29,436.83,Silurian
2.73,436.76,Silurian
2.62,436.76,Silurian
2.55,436.76,Silurian
2.47,436.76,Silurian
2.27,436.73,Silurian
2.32,436.7,Silurian
2.29,436.7,Silurian
2.14,436.7,Silurian
2.19,436.67,Silurian
2.06,436.67,Silurian
1.86,436.63,Silurian
1.81,436.63,Silurian
1.73,436.63,Silurian
1.61,436.63,Silurian
1.99,436.6,Silurian
1.89,436.6,Silurian
1.73,436.57,Silurian
1.76,436.54,Silurian
1.53,436.54,Silurian
2.24,436.51,Silurian
2.09,436.51,Silurian
1.83,436.48,Silurian
1.58,436.48,Silurian
1.38,436.48,Silurian
1.32,436.44,Silurian
0.97,436.44,Silurian
1.32,436.41,Silurian
1.43,436.41,Silurian
1.71,436.38,Silurian
1.2,436.38,Silurian
1.25,436.35,Silurian
1.02,436.35,Silurian
1.22,436.32,Silurian
1.53,436.32,Silurian
1.78,436.32,Silurian
1.3,436.29,Silurian
1.55,436.25,Silurian
1.71,436.25,Silurian
1.96,436.25,Silurian
1.43,436.19,Silurian
1.66,436.19,Silurian
1.35,436.16,Silurian
1.78,436.13,Silurian
1.58,436.13,Silurian
1.63,436.1,Silurian
1.15,436.06,Silurian
1.22,436.06,Silurian
2.04,436.03,Silurian
1.86,436.03,Silurian
1.76,436,Silurian
1.5,436,Silurian
1.68,435.97,Silurian
1.61,435.97,Silurian
1.38,435.97,Silurian
0.71,435.94,Silurian
1.94,435.94,Silurian
1.48,435.94,Silurian
1.73,435.94,Silurian
1.63,435.87,Silurian
2.24,435.84,Silurian
2.14,435.84,Silurian
1.83,435.84,Silurian
2.29,435.81,Silurian
2.19,435.81,Silurian
2.01,435.81,Silurian
1.76,435.81,Silurian
1.48,435.75,Silurian
1.53,435.75,Silurian
1.83,435.75,Silurian
2.27,435.71,Silurian
2.34,435.68,Silurian
1.76,435.68,Silurian
1.71,435.68,Silurian
1.91,435.68,Silurian
1.81,435.68,Silurian
1.43,435.68,Silurian
2.04,435.65,Silurian
1.91,435.59,Silurian
1.3,435.56,Silurian
1.22,435.56,Silurian
1.53,435.56,Silurian
1.71,435.56,Silurian
1.99,435.52,Silurian
1.43,435.52,Silurian
1.71,435.46,Silurian
1.78,435.46,Silurian
1.38,435.43,Silurian
1.63,435.43,Silurian
1.89,435.4,Silurian
1.76,435.33,Silurian
1.66,435.33,Silurian
1.55,435.33,Silurian
1.83,435.27,Silurian
1.73,435.24,Silurian
1.5,435.24,Silurian
1.2,435.21,Silurian
1.25,435.21,Silurian
1.35,435.21,Silurian
1.58,435.17,Silurian
1.4,435.14,Silurian
1.71,435.11,Silurian
1.86,435.11,Silurian
0.94,435.11,Silurian
1.86,435.08,Silurian
1.4,435.05,Silurian
1.12,435.05,Silurian
1.35,435.02,Silurian
1.3,435.02,Silurian
1.2,435.02,Silurian
1.73,435.02,Silurian
1.45,434.98,Silurian
1.68,434.95,Silurian
1.73,434.95,Silurian
1.91,434.89,Silurian
1.66,434.86,Silurian
1.53,434.83,Silurian
1.73,434.83,Silurian
1.83,434.83,Silurian
1.94,434.76,Silurian
1.99,434.76,Silurian
1.53,434.73,Silurian
1.83,434.7,Silurian
1.68,434.7,Silurian
1.61,434.7,Silurian
1.3,434.7,Silurian
1.63,434.67,Silurian
1.45,434.67,Silurian
1.32,434.67,Silurian
1.38,434.63,Silurian
1.86,434.6,Silurian
1.68,434.6,Silurian
1.48,434.54,Silurian
1.61,434.51,Silurian
1.94,434.48,Silurian
1.76,434.48,Silurian
1.76,434.48,Silurian
1.81,434.41,Silurian
1.81,434.41,Silurian
1.61,434.38,Silurian
1.61,434.38,Silurian
1.35,434.38,Silurian
1.45,434.38,Silurian
1.5,434.35,Silurian
1.78,434.32,Silurian
1.76,434.32,Silurian
1.61,434.32,Silurian
1.4,434.29,Silurian
1.71,434.22,Silurian
1.89,434.22,Silurian
1.61,434.22,Silurian
1.61,434.19,Silurian
1.4,434.19,Silurian
1.86,434.16,Silurian
1.83,434.16,Silurian
1.73,434.16,Silurian
1.25,434.16,Silurian
1.43,434.16,Silurian
1.45,434.13,Silurian
1.58,434.06,Silurian
1.45,434.03,Silurian
1.15,434,Silurian
1.32,433.97,Silurian
1.38,433.97,Silurian
1.4,433.97,Silurian
1.43,433.9,Silurian
1.4,433.9,Silurian
1.5,433.9,Silurian
1.53,433.9,Silurian
1.32,433.87,Silurian
1.32,433.87,Silurian
1.81,433.84,Silurian
1.63,433.81,Silurian
1.68,433.81,Silurian
1.66,433.78,Silurian
1.66,433.78,Silurian
1.83,433.78,Silurian
1.91,433.78,Silurian
1.96,433.78,Silurian
1.81,433.75,Silurian
2.11,433.75,Silurian
1.55,433.71,Silurian
1.66,433.71,Silurian
1.86,433.68,Silurian
1.94,433.62,Silurian
2.09,433.62,Silurian
1.94,433.59,Silurian
2.01,433.59,Silurian
2.04,433.59,Silurian
2.04,433.59,Silurian
2.11,433.59,Silurian
2.19,433.59,Silurian
1.2,433.52,Silurian
1.71,433.52,Silurian
1.94,433.52,Silurian
1.94,433.52,Silurian
1.81,433.49,Silurian
1.94,433.46,Silurian
2.24,433.46,Silurian
2.11,433.46,Silurian
2.11,433.46,Silurian
2.06,433.43,Silurian
2.04,433.43,Silurian
2.04,433.43,Silurian
2.14,433.4,Silurian
1.89,433.37,Silurian
2.11,433.37,Silurian
1.02,433.33,Silurian
2.22,433.33,Silurian
2.01,433.33,Silurian
1.99,433.33,Silurian
1.96,433.33,Silurian
2.09,433.33,Silurian
2.11,433.33,Silurian
1.63,433.3,Silurian
1.91,433.24,Silurian
1.91,433.24,Silurian
2.11,433.24,Silurian
2.27,433.17,Silurian
2.32,433.17,Silurian
2.32,433.17,Silurian
2.52,433.17,Silurian
2.62,433.17,Silurian
2.39,433.14,Silurian
1.96,433.11,Silurian
2.09,433.11,Silurian
2.19,433.11,Silurian
2.45,433.08,Silurian
2.37,433.05,Silurian
2.8,433.05,Silurian
2.7,433.02,Silurian
2.24,432.98,Silurian
2.83,432.98,Silurian
2.83,432.98,Silurian
2.52,432.98,Silurian
2.6,432.95,Silurian
2.62,432.95,Silurian
3.06,432.95,Silurian
2.17,432.92,Silurian
2.83,432.92,Silurian
2.47,432.92,Silurian
2.62,432.92,Silurian
2.62,432.92,Silurian
2.83,432.89,Silurian
2.55,432.89,Silurian
2.85,432.86,Silurian
2.9,432.86,Silurian
2.9,432.86,Silurian
2.9,432.86,Silurian
2.96,432.86,Silurian
2.62,432.86,Silurian
2.7,432.86,Silurian
2.75,432.86,Silurian
2.78,432.86,Silurian
3.29,432.86,Silurian
3.69,432.86,Silurian
3.87,432.86,Silurian
3.59,432.83,Silurian
3.95,432.83,Silurian
4.18,432.83,Silurian
4.28,432.83,Silurian
4.25,432.83,Silurian
4,432.79,Silurian
4.28,432.79,Silurian
4.76,432.79,Silurian
4.43,432.76,Silurian
4.51,432.76,Silurian
4.51,432.76,Silurian
4.54,432.76,Silurian
4.61,432.76,Silurian
4.66,432.76,Silurian
4.61,432.76,Silurian
4.99,432.76,Silurian
4.99,432.76,Silurian
4.99,432.76,Silurian
5.04,432.76,Silurian
4.89,432.73,Silurian
4.89,432.73,Silurian
4.92,432.73,Silurian
5.22,432.73,Silurian
5.25,432.73,Silurian
5.3,432.73,Silurian
5.3,432.73,Silurian
5.07,432.7,Silurian
5.1,432.7,Silurian
5.15,432.7,Silurian
5.25,432.7,Silurian
5.25,432.7,Silurian
5.38,432.7,Silurian
5.5,432.7,Silurian
5.5,432.7,Silurian
5.89,432.7,Silurian
4.79,432.67,Silurian
5.2,432.67,Silurian
5.45,432.67,Silurian
5.45,432.63,Silurian
5.76,432.63,Silurian
5.76,432.63,Silurian
5.89,432.63,Silurian
6.01,432.63,Silurian
4.89,432.63,Silurian
5.02,432.63,Silurian
5.38,432.6,Silurian
5.53,432.6,Silurian
5.55,432.6,Silurian
5.55,432.6,Silurian
5.07,432.6,Silurian
4.89,432.6,Silurian
5.35,432.57,Silurian
5.76,432.57,Silurian
5.81,432.57,Silurian
5.83,432.57,Silurian
4.87,432.57,Silurian
5.55,432.54,Silurian
5.55,432.54,Silurian
5.55,432.54,Silurian
5.68,432.54,Silurian
5.68,432.54,Silurian
4.74,432.54,Silurian
4.74,432.54,Silurian
5.27,432.51,Silurian
5.17,432.51,Silurian
5.17,432.51,Silurian
5.17,432.51,Silurian
4.97,432.51,Silurian
4.97,432.51,Silurian
4.76,432.51,Silurian
4.76,432.51,Silurian
4.76,432.51,Silurian
4.64,432.51,Silurian
4.54,432.51,Silurian
4.54,432.51,Silurian
4.54,432.51,Silurian
5.48,432.48,Silurian
4.69,432.48,Silurian
4.71,432.48,Silurian
5.58,432.44,Silurian
5.68,432.44,Silurian
5.43,432.44,Silurian
5.07,432.44,Silurian
4.61,432.44,Silurian
5.07,432.41,Silurian
4.74,432.41,Silurian
4.66,432.38,Silurian
4.66,432.38,Silurian
4.61,432.38,Silurian
4.48,432.38,Silurian
4.48,432.38,Silurian
4.43,432.38,Silurian
3.95,432.38,Silurian
4,432.38,Silurian
4.13,432.38,Silurian
5.17,432.35,Silurian
4.97,432.35,Silurian
4.38,432.35,Silurian
3.72,432.35,Silurian
4.25,432.35,Silurian
4.25,432.35,Silurian
4.76,432.32,Silurian
4.64,432.32,Silurian
4.64,432.32,Silurian
4.43,432.32,Silurian
4.48,432.32,Silurian
4.51,432.32,Silurian
4.1,432.32,Silurian
4.76,432.29,Silurian
4.76,432.29,Silurian
4.59,432.25,Silurian
4.28,432.25,Silurian
4.2,432.25,Silurian
4.2,432.25,Silurian
4.66,432.22,Silurian
4.99,432.19,Silurian
4.71,432.19,Silurian
4.71,432.19,Silurian
4.33,432.19,Silurian
4.23,432.19,Silurian
5.43,432.16,Silurian
4.41,432.16,Silurian
4.43,432.16,Silurian
4.46,432.16,Silurian
4.48,432.16,Silurian
4.48,432.16,Silurian
4.59,432.13,Silurian
4.59,432.13,Silurian
4.31,432.13,Silurian
4.15,432.13,Silurian
4.13,432.13,Silurian
4.13,432.13,Silurian
4.71,432.1,Silurian
3.69,432.1,Silurian
3.69,432.1,Silurian
4.25,432.06,Silurian
4.05,432.06,Silurian
4.05,432.06,Silurian
3.97,432.06,Silurian
3.9,432.06,Silurian
3.9,432.06,Silurian
3.82,432.06,Silurian
3.77,432.06,Silurian
3.54,432.03,Silurian
3.36,432.03,Silurian
3.36,432.03,Silurian
3.34,432,Silurian
3.34,432,Silurian
3.26,432,Silurian
3.67,431.97,Silurian
3.67,431.97,Silurian
3.62,431.97,Silurian
3.49,431.97,Silurian
3.49,431.97,Silurian
3.06,431.97,Silurian
2.96,431.97,Silurian
2.93,431.97,Silurian
3.69,431.94,Silurian
3.59,431.94,Silurian
3.41,431.94,Silurian
3.06,431.94,Silurian
2.65,431.94,Silurian
3.72,431.9,Silurian
3.44,431.9,Silurian
3.24,431.9,Silurian
3.21,431.9,Silurian
3.21,431.9,Silurian
3.13,431.9,Silurian
3.03,431.9,Silurian
3.41,431.87,Silurian
3.41,431.87,Silurian
3.31,431.87,Silurian
3.16,431.87,Silurian
3.06,431.87,Silurian
3.06,431.87,Silurian
3.06,431.87,Silurian
2.93,431.87,Silurian
1.45,431.87,Silurian
2.88,431.84,Silurian
2.55,431.84,Silurian
2.5,431.84,Silurian
2.45,431.84,Silurian
2.45,431.84,Silurian
2.42,431.84,Silurian
2.37,431.84,Silurian
2.29,431.84,Silurian
2.29,431.84,Silurian
1.45,431.84,Silurian
1.27,431.84,Silurian
2.96,431.81,Silurian
1.86,431.81,Silurian
1.86,431.81,Silurian
1.96,431.78,Silurian
0.84,431.78,Silurian
-0.08,431.78,Silurian
2.17,431.75,Silurian
2.14,431.75,Silurian
2.09,431.75,Silurian
1.86,431.75,Silurian
1.78,431.75,Silurian
1.68,431.75,Silurian
1.68,431.75,Silurian
1.68,431.75,Silurian
1.43,431.75,Silurian
0.15,431.75,Silurian
1.83,431.71,Silurian
1.81,431.71,Silurian
1.78,431.71,Silurian
1.48,431.71,Silurian
0.18,431.71,Silurian
0.25,431.71,Silurian
-0.36,431.71,Silurian
1.22,431.68,Silurian
1.27,431.68,Silurian
1.07,431.68,Silurian
1.02,431.68,Silurian
-0.2,431.68,Silurian
-0.87,431.68,Silurian
1.58,431.65,Silurian
1.4,431.65,Silurian
1.38,431.65,Silurian
1.35,431.65,Silurian
1.35,431.65,Silurian
1.32,431.65,Silurian
1.3,431.65,Silurian
1.3,431.65,Silurian
-0.46,431.65,Silurian
1.17,431.62,Silurian
1.1,431.62,Silurian
0.89,431.62,Silurian
0.66,431.62,Silurian
1.02,431.59,Silurian
0.87,431.59,Silurian
0.79,431.59,Silurian
0.74,431.59,Silurian
-0.2,431.59,Silurian
-0.46,431.59,Silurian
0.94,431.56,Silurian
0.94,431.56,Silurian
0.94,431.56,Silurian
0.46,431.56,Silurian
0.46,431.56,Silurian
0.15,431.56,Silurian
-0.08,431.56,Silurian
0.64,431.52,Silurian
0.33,431.52,Silurian
0.36,431.52,Silurian
0.71,431.49,Silurian
0.69,431.49,Silurian
0.56,431.49,Silurian
0.56,431.49,Silurian
0.51,431.49,Silurian
0.43,431.49,Silurian
0.38,431.49,Silurian
0.15,431.49,Silurian
0.33,431.46,Silurian
0.28,431.46,Silurian
0.25,431.46,Silurian
0.2,431.46,Silurian
-0.41,431.46,Silurian
0.03,431.46,Silurian
0.2,431.43,Silurian
-0.79,431.43,Silurian
-0.31,431.43,Silurian
-0.2,431.43,Silurian
-0.15,431.43,Silurian
-0.08,431.43,Silurian
0.1,431.43,Silurian
0.41,431.4,Silurian
-0.31,431.4,Silurian
-0.23,431.4,Silurian
0.48,431.37,Silurian
0.2,431.37,Silurian
0.28,431.37,Silurian
0.28,431.37,Silurian
0.36,431.33,Silurian
0.41,431.33,Silurian
0.31,431.33,Silurian
-0.15,431.33,Silurian
0.1,431.33,Silurian
0.1,431.33,Silurian
0.08,431.33,Silurian
0.05,431.33,Silurian
0.31,431.3,Silurian
0.2,431.3,Silurian
0.31,431.3,Silurian
-0.59,431.3,Silurian
0.05,431.3,Silurian
-0.79,431.27,Silurian
-0.97,431.27,Silurian
0.36,431.24,Silurian
-0.59,431.24,Silurian
0,431.24,Silurian
-0.03,431.24,Silurian
-0.05,431.24,Silurian
-0.1,431.24,Silurian
0.2,431.21,Silurian
0.05,431.21,Silurian
0.08,431.21,Silurian
0.1,431.21,Silurian
0.1,431.21,Silurian
0.2,431.17,Silurian
-0.41,431.17,Silurian
-0.13,431.17,Silurian
-0.38,431.14,Silurian
-0.18,431.14,Silurian
0,431.14,Silurian
0.28,431.11,Silurian
-0.61,431.08,Silurian
0.1,431.08,Silurian
-0.18,431.08,Silurian
-0.08,431.05,Silurian
-0.05,431.05,Silurian
0.23,431.05,Silurian
0.1,431.05,Silurian
-0.2,431.05,Silurian
0.05,430.98,Silurian
0.03,430.98,Silurian
0,430.98,Silurian
-0.1,430.98,Silurian
-0.13,430.98,Silurian
-0.23,430.98,Silurian
-0.25,430.98,Silurian
-0.28,430.98,Silurian
-0.15,430.95,Silurian
0.13,430.92,Silurian
0.13,430.92,Silurian
-0.13,430.89,Silurian
-0.13,430.89,Silurian
-0.2,430.89,Silurian
0,430.89,Silurian
0.05,430.89,Silurian
0.18,430.86,Silurian
0.2,430.86,Silurian
0.38,430.86,Silurian
0,430.83,Silurian
0,430.83,Silurian
0.31,430.79,Silurian
0.1,430.76,Silurian
0.1,430.76,Silurian
0.1,430.76,Silurian
-0.03,430.76,Silurian
-0.28,430.76,Silurian
0.1,430.73,Silurian
0.08,430.73,Silurian
0.18,430.7,Silurian
0.18,430.7,Silurian
-0.03,430.7,Silurian
0.08,430.7,Silurian
-0.36,430.7,Silurian
-0.03,430.67,Silurian
0.03,430.67,Silurian
0.2,430.63,Silurian
0.25,430.63,Silurian
-0.03,430.63,Silurian
-0.23,430.63,Silurian
0.25,430.6,Silurian
-0.03,430.6,Silurian
0.1,430.6,Silurian
0.1,430.6,Silurian
0.1,430.6,Silurian
-0.13,430.6,Silurian
-0.1,430.6,Silurian
-0.1,430.54,Silurian
0.23,430.51,Silurian
-0.25,430.51,Silurian
-0.1,430.51,Silurian
-0.1,430.48,Silurian
-0.1,430.48,Silurian
0,430.48,Silurian
-0.03,430.48,Silurian
0.1,430.48,Silurian
0.1,430.48,Silurian
-0.28,430.41,Silurian
0,430.41,Silurian
0.08,430.41,Silurian
-0.13,430.35,Silurian
-0.15,430.29,Silurian
-0.15,430.29,Silurian
0,430.29,Silurian
-0.05,430.29,Silurian
-0.03,430.25,Silurian
0.18,430.25,Silurian
-0.05,430.19,Silurian
-0.1,430.16,Silurian
0.05,430.16,Silurian
-0.28,430.13,Silurian
0,430.1,Silurian
-0.03,430.1,Silurian
-0.15,430.06,Silurian
0.08,430.06,Silurian
-0.1,430.03,Silurian
-0.05,430,Silurian
-0.05,429.97,Silurian
0.1,429.97,Silurian
0.03,429.94,Silurian
-0.13,429.9,Silurian
-0.18,429.9,Silurian
-0.2,429.9,Silurian
-0.03,429.84,Silurian
-0.03,429.84,Silurian
0.1,429.84,Silurian
-0.1,429.81,Silurian
-0.13,429.81,Silurian
-0.15,429.81,Silurian
-0.15,429.75,Silurian
-0.05,429.75,Silurian
-0.05,429.75,Silurian
0.03,429.75,Silurian
0.03,429.75,Silurian
0.03,429.75,Silurian
-0.05,429.59,Silurian
0.05,429.59,Silurian
0.05,429.59,Silurian
0.15,429.59,Silurian
-0.18,429.56,Silurian
0.08,429.56,Silurian
0.1,429.52,Silurian
0.13,429.49,Silurian
0.03,429.49,Silurian
0,429.4,Silurian
-0.05,429.4,Silurian
-0.05,429.4,Silurian
0.05,429.4,Silurian
0.05,429.4,Silurian
0.08,429.37,Silurian
0.1,429.33,Silurian
0.15,429.3,Silurian
0.18,429.3,Silurian
0.03,429.3,Silurian
-0.03,429.3,Silurian
-0.05,429.3,Silurian
0.05,429.27,Silurian
0.1,429.24,Silurian
-0.1,429.24,Silurian
0.23,429.17,Silurian
0.05,429.14,Silurian
0.23,429.11,Silurian
0.1,429.08,Silurian
0.1,429.08,Silurian
0.1,429.08,Silurian
0.15,429.08,Silurian
0.28,429.02,Silurian
0.15,428.98,Silurian
0.28,428.95,Silurian
0.15,428.92,Silurian
0.05,428.89,Silurian
0.25,428.89,Silurian
0.41,428.89,Silurian
0.36,428.86,Silurian
0.2,428.86,Silurian
0.25,428.83,Silurian
0.33,428.83,Silurian
0.13,428.76,Silurian
0.18,428.7,Silurian
0.28,428.7,Silurian
0.31,428.7,Silurian
0.33,428.7,Silurian
0.15,428.63,Silurian
0.31,428.63,Silurian
0.23,428.63,Silurian
0.43,428.63,Silurian
0.56,428.63,Silurian
0.43,428.6,Silurian
0.64,428.6,Silurian
0.48,428.57,Silurian
0.48,428.57,Silurian
0.59,428.57,Silurian
1.48,428.57,Silurian
0.84,428.54,Silurian
0.36,428.51,Silurian
0.33,428.51,Silurian
0.23,428.51,Silurian
0.31,428.48,Silurian
0.13,428.48,Silurian
0.13,428.44,Silurian
0.13,428.44,Silurian
0.13,428.41,Silurian
0.61,428.38,Silurian
0.33,428.38,Silurian
0.38,428.38,Silurian
0.28,428.38,Silurian
0.25,428.35,Silurian
0.79,428.32,Silurian
0.61,428.32,Silurian
0.51,428.32,Silurian
0.1,428.32,Silurian
0,428.29,Silurian
-0.18,428.29,Silurian
2.9,428.29,Silurian
3.34,428.25,Silurian
3.75,428.25,Silurian
0.64,428.22,Silurian
2.19,428.22,Silurian
2.55,428.22,Silurian
2.62,428.22,Silurian
3.44,428.22,Silurian
3.64,428.19,Silurian
3.8,428.16,Silurian
4.15,428.16,Silurian
4.28,428.16,Silurian
4.46,428.16,Silurian
3.8,428.13,Silurian
4.64,428.13,Silurian
4.71,428.13,Silurian
2.5,428.1,Silurian
4.15,428.1,Silurian
3.06,428.06,Silurian
5.07,428.06,Silurian
3.16,428.03,Silurian
5.15,428.03,Silurian
5.55,428.03,Silurian
1.27,428,Silurian
1.96,428,Silurian
4.33,428,Silurian
5.5,428,Silurian
1.43,427.97,Silurian
5.22,427.97,Silurian
5.38,427.97,Silurian
1.83,427.94,Silurian
2.22,427.9,Silurian
5.12,427.9,Silurian
5.2,427.9,Silurian
1.55,427.87,Silurian
1.63,427.87,Silurian
1.73,427.87,Silurian
0.48,427.84,Silurian
1.63,427.84,Silurian
2.27,427.84,Silurian
3.24,427.84,Silurian
1.32,427.81,Silurian
2.22,427.81,Silurian
-0.76,427.78,Silurian
3.08,427.78,Silurian
2.62,427.78,Silurian
0.89,427.75,Silurian
1.27,427.75,Silurian
1.66,427.75,Silurian
2.88,427.75,Silurian
2.39,427.75,Silurian
2.27,427.75,Silurian
0.82,427.68,Silurian
1.61,427.68,Silurian
2.01,427.65,Silurian
1.27,427.62,Silurian
1.63,427.62,Silurian
1.76,427.62,Silurian
1.94,427.59,Silurian
2.45,427.59,Silurian
1.66,427.56,Silurian
2.14,427.56,Silurian
2.27,427.56,Silurian
1.91,427.52,Silurian
1.81,427.52,Silurian
2.52,427.52,Silurian
2.01,427.49,Silurian
2.47,427.49,Silurian
2.93,427.49,Silurian
2.62,427.46,Silurian
2.78,427.46,Silurian
1.96,427.43,Silurian
2.06,427.43,Silurian
3.29,427.43,Silurian
1.55,427.4,Silurian
3.11,427.4,Silurian
3.75,427.4,Silurian
3.01,427.37,Silurian
3.08,427.37,Silurian
3.67,427.37,Silurian
2.45,427.33,Silurian
3.64,427.33,Silurian
1.94,427.3,Silurian
2.5,427.3,Silurian
2.5,427.3,Silurian
3.39,427.3,Silurian
3.8,427.3,Silurian
3.72,427.3,Silurian
2.34,427.27,Silurian
3.87,427.27,Silurian
3.21,427.24,Silurian
2.06,427.21,Silurian
2.5,427.21,Silurian
3.26,427.21,Silurian
3.52,427.21,Silurian
2.68,427.17,Silurian
3.72,427.17,Silurian
0.15,427.17,Silurian
3.03,427.14,Silurian
2.29,427.11,Silurian
3.67,427.11,Silurian
1.61,427.08,Silurian
2.37,427.08,Silurian
2.39,427.08,Silurian
3.18,427.08,Silurian
2.85,427.08,Silurian
2.27,427.05,Silurian
2.55,427.05,Silurian
2.93,427.05,Silurian
0.79,427.05,Silurian
1.02,427.02,Silurian
1.53,426.98,Silurian
1.66,426.98,Silurian
0.43,426.98,Silurian
-1.15,426.98,Silurian
0.46,426.95,Silurian
-0.64,426.95,Silurian
0.56,426.92,Silurian
0.61,426.92,Silurian
0.38,426.92,Silurian
0.13,426.89,Silurian
0.31,426.86,Silurian
0.36,426.86,Silurian
0.38,426.86,Silurian
0.76,426.83,Silurian
0.43,426.83,Silurian
0.43,426.83,Silurian
0.61,426.79,Silurian
0.87,426.79,Silurian
0.56,426.76,Silurian
-0.13,426.76,Silurian
1.43,426.76,Silurian
0.79,426.73,Silurian
1.53,426.73,Silurian
1.89,426.73,Silurian
1.17,426.7,Silurian
0.76,426.67,Silurian
1.43,426.67,Silurian
1.5,426.67,Silurian
1.15,426.63,Silurian
0.64,426.6,Silurian
0.87,426.6,Silurian
1.61,426.57,Silurian
1.5,426.54,Silurian
1.55,426.54,Silurian
1.4,426.51,Silurian
1.4,426.51,Silurian
1.32,426.48,Silurian
1.83,426.48,Silurian
1.76,426.44,Silurian
1.48,426.44,Silurian
1.35,426.44,Silurian
1.2,426.41,Silurian
1.15,426.41,Silurian
2.17,426.41,Silurian
1.45,426.41,Silurian
1.32,426.38,Silurian
1.27,426.35,Silurian
1.04,426.32,Silurian
1.07,426.32,Silurian
1.15,426.32,Silurian
1.12,426.32,Silurian
1.12,426.32,Silurian
0.79,426.29,Silurian
1.35,426.22,Silurian
1.35,426.22,Silurian
1.5,426.22,Silurian
1.66,426.22,Silurian
1.63,426.22,Silurian
0.76,426.19,Silurian
1.78,426.19,Silurian
1.73,426.19,Silurian
1.76,426.16,Silurian
2.06,426.13,Silurian
1.43,426.1,Silurian
1.43,426.1,Silurian
1.38,426.1,Silurian
1.35,426.1,Silurian
1.35,426.1,Silurian
1.35,426.1,Silurian
1.66,426.06,Silurian
1.15,426.06,Silurian
1.5,426.03,Silurian
1.63,426.03,Silurian
1.27,426.03,Silurian
1.48,426,Silurian
1.25,426,Silurian
1.17,426,Silurian
1.2,426,Silurian
0.97,426,Silurian
1.58,425.97,Silurian
1.5,425.97,Silurian
1.48,425.97,Silurian
1.91,425.94,Silurian
1.43,425.94,Silurian
1.2,425.87,Silurian
1.25,425.87,Silurian
1.25,425.87,Silurian
1.35,425.87,Silurian
0.76,425.87,Silurian
0.76,425.87,Silurian
1.15,425.84,Silurian
0.54,425.84,Silurian
1.68,425.81,Silurian
1.22,425.81,Silurian
1.22,425.81,Silurian
1.27,425.81,Silurian
1.43,425.81,Silurian
1.22,425.75,Silurian
0.82,425.75,Silurian
1.1,425.71,Silurian
1.07,425.71,Silurian
0.79,425.68,Silurian
0.54,425.65,Silurian
0.89,425.65,Silurian
1.25,425.62,Silurian
1.3,425.62,Silurian
0.36,425.62,Silurian
0.48,425.59,Silurian
0.51,425.59,Silurian
0.92,425.59,Silurian
0.87,425.59,Silurian
0.87,425.59,Silurian
0.33,425.56,Silurian
0.43,425.56,Silurian
0.59,425.56,Silurian
0.92,425.52,Silurian
0.82,425.49,Silurian
0.66,425.46,Silurian
0.87,425.46,Silurian
0.97,425.46,Silurian
1.4,425.46,Silurian
1.73,425.46,Silurian
1.45,425.43,Silurian
1.45,425.43,Silurian
1.71,425.43,Silurian
1.48,425.4,Silurian
1.63,425.33,Silurian
1.66,425.33,Silurian
1.1,425.3,Silurian
1.3,425.3,Silurian
1.83,425.27,Silurian
1.32,425.24,Silurian
1.4,425.24,Silurian
0.92,425.24,Silurian
0.92,425.24,Silurian
1.04,425.21,Silurian
0.92,425.21,Silurian
0.99,425.17,Silurian
0.99,425.17,Silurian
0.94,425.17,Silurian
1.53,425.14,Silurian
1.27,425.14,Silurian
1.38,425.11,Silurian
0.51,425.11,Silurian
0.89,425.08,Silurian
0.69,425.08,Silurian
1.38,425.05,Silurian
1.38,425.02,Silurian
1.27,425.02,Silurian
1.27,425.02,Silurian
1.02,425.02,Silurian
1.04,425.02,Silurian
1.1,425.02,Silurian
1.1,425.02,Silurian
1.07,425.02,Silurian
1.27,424.98,Silurian
1.07,424.98,Silurian
1.3,424.92,Silurian
1.35,424.92,Silurian
0.71,424.92,Silurian
1.35,424.89,Silurian
1.17,424.86,Silurian
1.35,424.83,Silurian
1.17,424.83,Silurian
1.07,424.83,Silurian
0.94,424.79,Silurian
1.04,424.79,Silurian
1.17,424.76,Silurian
1.17,424.76,Silurian
1.04,424.73,Silurian
1.04,424.73,Silurian
0.99,424.73,Silurian
1.43,424.73,Silurian
1.22,424.7,Silurian
0.94,424.67,Silurian
1.27,424.63,Silurian
1.02,424.6,Silurian
1.07,424.6,Silurian
1.66,424.6,Silurian
1.43,424.57,Silurian
1.3,424.57,Silurian
1.78,424.57,Silurian
1.61,424.54,Silurian
1.15,424.51,Silurian
1.35,424.48,Silurian
1.53,424.48,Silurian
1.86,424.48,Silurian
1.83,424.48,Silurian
1.45,424.44,Silurian
1.32,424.38,Silurian
1.78,424.38,Silurian
1.78,424.38,Silurian
1.71,424.35,Silurian
1.22,424.35,Silurian
1.66,424.29,Silurian
1.07,424.29,Silurian
1.48,424.29,Silurian
1.58,424.25,Silurian
1.27,424.25,Silurian
1.38,424.25,Silurian
1.63,424.22,Silurian
1.12,424.22,Silurian
1.43,424.19,Silurian
1.12,424.16,Silurian
1.43,424.16,Silurian
0.54,424.16,Silurian
1.25,424.13,Silurian
1.63,424.1,Silurian
1.48,424.1,Silurian
1.5,424.1,Silurian
1.4,424.1,Silurian
1.68,424.06,Silurian
1.83,424.03,Silurian
2.52,424.03,Silurian
1.58,424,Silurian
1.5,424,Silurian
0.48,424,Silurian
1.78,423.97,Silurian
1.76,423.97,Silurian
1.73,423.94,Silurian
1.71,423.9,Silurian
1.71,423.9,Silurian
1.68,423.84,Silurian
1.83,423.84,Silurian
2.78,423.84,Silurian
2.83,423.84,Silurian
2.88,423.84,Silurian
2.9,423.84,Silurian
3.01,423.84,Silurian
2.27,423.81,Silurian
2.65,423.81,Silurian
3.34,423.81,Silurian
3.64,423.81,Silurian
4.15,423.81,Silurian
3.72,423.78,Silurian
3.9,423.78,Silurian
3.29,423.75,Silurian
4.1,423.75,Silurian
4.2,423.75,Silurian
3.95,423.71,Silurian
4.25,423.71,Silurian
4.84,423.71,Silurian
4.94,423.71,Silurian
5.38,423.68,Silurian
5.68,423.65,Silurian
5.73,423.65,Silurian
5.76,423.65,Silurian
5.83,423.65,Silurian
5.86,423.65,Silurian
5.86,423.65,Silurian
5.91,423.65,Silurian
5.94,423.65,Silurian
6.8,423.65,Silurian
6.01,423.62,Silurian
6.09,423.62,Silurian
6.14,423.62,Silurian
6.24,423.62,Silurian
6.52,423.59,Silurian
7.08,423.59,Silurian
7.59,423.59,Silurian
7.9,423.59,Silurian
7.95,423.59,Silurian
7.08,423.56,Silurian
7.64,423.56,Silurian
7.69,423.56,Silurian
7.8,423.56,Silurian
7.8,423.56,Silurian
8.2,423.56,Silurian
8.36,423.56,Silurian
6.6,423.52,Silurian
6.68,423.52,Silurian
6.96,423.52,Silurian
6.98,423.52,Silurian
7.08,423.52,Silurian
7.36,423.49,Silurian
7.72,423.49,Silurian
6.68,423.46,Silurian
8.28,423.46,Silurian
8.64,423.46,Silurian
5.83,423.46,Silurian
7.13,423.43,Silurian
7.72,423.43,Silurian
7.72,423.43,Silurian
8.2,423.43,Silurian
8.43,423.43,Silurian
5.91,423.43,Silurian
5.78,423.43,Silurian
5.63,423.43,Silurian
6.98,423.4,Silurian
6.96,423.4,Silurian
7.41,423.4,Silurian
6.39,423.4,Silurian
6.32,423.4,Silurian
5.71,423.4,Silurian
7.72,423.37,Silurian
8.18,423.37,Silurian
7.82,423.37,Silurian
7.62,423.37,Silurian
7.49,423.37,Silurian
6.96,423.33,Silurian
7.72,423.33,Silurian
7.87,423.33,Silurian
7.31,423.33,Silurian
6.96,423.3,Silurian
6.96,423.3,Silurian
7.59,423.3,Silurian
7.54,423.3,Silurian
7.44,423.3,Silurian
8.61,423.27,Silurian
7.97,423.27,Silurian
7.87,423.27,Silurian
7.72,423.27,Silurian
7.26,423.27,Silurian
8.46,423.24,Silurian
8.36,423.24,Silurian
7.95,423.24,Silurian
8.54,423.21,Silurian
7.03,423.21,Silurian
6.65,423.21,Silurian
7.54,423.17,Silurian
6.52,423.17,Silurian
5.12,423.17,Silurian
5.07,423.17,Silurian
4.79,423.17,Silurian
2.9,423.17,Silurian
6.24,423.14,Silurian
3.49,423.14,Silurian
3.21,423.14,Silurian
2.19,423.11,Silurian
2.01,423.08,Silurian
1.3,423.08,Silurian
1.1,423.05,Silurian
0.87,423.05,Silurian
0.79,423.02,Silurian
0.31,422.98,Silurian
0.1,422.98,Silurian
-0.41,422.95,Silurian
-1.22,422.92,Silurian
-0.59,422.89,Silurian
0.05,422.86,Silurian
0.1,422.79,Silurian
-0.94,422.79,Silurian
-1.04,422.79,Silurian
-1.1,422.76,Silurian
0.51,422.73,Silurian
-0.2,422.7,Silurian
-0.59,422.67,Silurian
-0.69,422.67,Silurian
-0.59,422.6,Silurian
-1.4,422.6,Silurian
-0.99,422.57,Silurian
-0.92,422.51,Silurian
-0.71,422.48,Silurian
-0.84,422.48,Silurian
-0.71,422.41,Silurian
-1.4,422.38,Silurian
-1.3,422.38,Silurian
-1.53,422.35,Silurian
-1.2,422.32,Silurian
-1.1,422.29,Silurian
-0.92,422.25,Silurian
-0.99,422.22,Silurian
-1.4,422.19,Silurian
-1.2,422.16,Silurian
-1.3,422.13,Silurian
-0.41,422.1,Silurian
-0.2,422.06,Silurian
-0.2,421.97,Silurian
0.1,421.97,Silurian
-0.31,421.94,Silurian
0.1,421.87,Silurian
-0.41,421.87,Silurian
-0.61,421.87,Silurian
-0.31,421.78,Silurian
-0.48,421.78,Silurian
-0.41,421.75,Silurian
0,421.71,Silurian
-0.23,421.71,Silurian
-0.33,421.65,Silurian
-0.41,421.62,Silurian
-0.33,421.62,Silurian
-0.51,421.59,Silurian
-0.51,421.56,Silurian
-0.61,421.49,Silurian
-0.31,421.49,Silurian
-0.31,421.43,Silurian
-0.1,421.4,Silurian
-0.03,421.4,Silurian
-0.31,421.33,Silurian
-0.1,421.33,Silurian
0.08,421.3,Silurian
0,421.21,Silurian
-0.61,421.14,Silurian
0.2,421.14,Silurian
0.1,421.11,Silurian
-0.31,421.08,Silurian
-0.2,421.02,Silurian
-0.1,420.98,Silurian
-0.31,420.95,Silurian
-0.2,420.89,Silurian
-0.2,420.83,Silurian
0.08,420.83,Silurian
0.28,420.79,Silurian
0.1,420.73,Silurian
0,420.7,Silurian
0.2,420.7,Silurian
0.1,420.63,Silurian
-0.03,420.57,Silurian
-1.2,420.57,Silurian
0.48,420.54,Silurian
0.1,420.51,Silurian
-0.31,420.51,Silurian
-0.2,420.48,Silurian
0.99,420.41,Silurian
0.69,420.38,Silurian
1.91,420.35,Silurian
1.61,420.32,Silurian
0.79,420.29,Silurian
0.48,420.25,Silurian
0.69,420.22,Silurian
1.4,420.22,Silurian
0.2,420.16,Silurian
-0.41,420.16,Silurian
-0.41,420.1,Silurian
0.41,420.06,Silurian
-0.41,420.03,Silurian
0.59,419.97,Silurian
0.41,419.94,Silurian
-0.1,419.9,Silurian
0.41,419.87,Silurian
0,419.87,Silurian
0.1,419.84,Silurian
-0.51,419.78,Silurian
-0.2,419.78,Silurian
-0.1,419.75,Silurian
-0.89,419.71,Silurian
-0.61,419.68,Silurian
-0.79,419.65,Silurian
-0.31,419.62,Silurian
-0.2,419.59,Silurian
-0.59,419.56,Silurian
-0.41,419.52,Silurian
-0.1,419.52,Silurian
-0.1,419.46,Silurian
0.1,419.43,Silurian
0.28,419.4,Silurian
0.71,419.37,Silurian
0.89,419.3,Silurian
1.4,419.27,Silurian
1.58,419.27,Silurian
1.48,419.21,Silurian
2.11,419.21,Silurian
1.48,419.21,Silurian
1.81,419.17,Silurian
1.81,419.17,Silurian
2.17,419.14,Silurian
2.17,419.14,Devonian
3.52,419.11,Devonian
3.52,419.11,Devonian
3.82,419.08,Devonian
3.82,419.08,Devonian
3.07,419.01,Devonian
3.2,418.85,Devonian
3.41,418.77,Devonian
3.25,418.69,Devonian
3.7,418.62,Devonian
3.25,418.38,Devonian
2.86,418.3,Devonian
3.32,418.14,Devonian
3.36,417.99,Devonian
3.2,417.99,Devonian
3.57,417.83,Devonian
3.5,417.67,Devonian
2.75,417.67,Devonian
3.5,417.36,Devonian
2.77,417.36,Devonian
2.41,417.2,Devonian
2,417.12,Devonian
2.57,416.97,Devonian
2.16,416.89,Devonian
2.41,416.73,Devonian
2.2,416.65,Devonian
0.64,416.57,Devonian
0.25,416.42,Devonian
0.8,416.26,Devonian
0.73,416.1,Devonian
0.68,416.02,Devonian
0.45,415.94,Devonian
0.2,415.86,Devonian
-0.07,415.71,Devonian
-0.02,415.55,Devonian
-0.02,415.47,Devonian
-0.18,415.31,Devonian
-0.23,415.24,Devonian
-0.36,415.24,Devonian
-0.25,415.08,Devonian
-0.09,414.92,Devonian
-0.11,414.76,Devonian
0.05,414.76,Devonian
0.09,414.53,Devonian
0.09,414.37,Devonian
0.41,414.21,Devonian
0.52,414.14,Devonian
0.57,413.98,Devonian
0.55,413.82,Devonian
0.68,413.82,Devonian
0.5,413.66,Devonian
0.77,413.51,Devonian
0.64,413.35,Devonian
1,413.19,Devonian
0.91,413.11,Devonian
0.98,412.96,Devonian
0.8,412.88,Devonian
0.89,412.88,Devonian
0.89,412.72,Devonian
0.91,412.56,Devonian
0.77,412.41,Devonian
1.09,412.41,Devonian
1.55,412.33,Devonian
1.75,412.25,Devonian
1.75,412.17,Devonian
2.07,412.09,Devonian
1.95,412.01,Devonian
1.75,411.86,Devonian
2.25,411.86,Devonian
2.75,411.78,Devonian
2.55,411.7,Devonian
2.05,411.62,Devonian
2.32,411.62,Devonian
1.8,411.54,Devonian
1.7,411.54,Devonian
2.25,411.46,Devonian
1.64,411.46,Devonian
1.75,411.31,Devonian
1.59,411.31,Devonian
1.64,411.23,Devonian
1.27,411.23,Devonian
1.5,411.15,Devonian
1.45,411.15,Devonian
1.43,411.15,Devonian
1.27,411.07,Devonian
1.16,411.07,Devonian
1,410.99,Devonian
1.41,410.91,Devonian
1.32,410.83,Devonian
1.59,410.83,Devonian
1.7,410.75,Devonian
1.5,410.68,Devonian
1.75,410.6,Devonian
1.8,410.6,Devonian
2.16,410.52,Devonian
2.27,410.44,Devonian
1.8,410.36,Devonian
1.89,410.36,Devonian
1.8,410.13,Devonian
2,410.13,Devonian
1.77,410.05,Devonian
1.7,409.97,Devonian
2.16,409.89,Devonian
1.91,409.73,Devonian
2.3,409.65,Devonian
2.34,409.5,Devonian
2.32,409.42,Devonian
2.55,409.26,Devonian
2.59,409.1,Devonian
2.59,408.95,Devonian
2.45,408.95,Devonian
2.16,408.87,Devonian
2.55,408.71,Devonian
2.05,408.63,Devonian
2.25,408.55,Devonian
2.32,408.47,Devonian
2.11,408.32,Devonian
2.32,408.08,Devonian
2,408,Devonian
1.66,407.92,Devonian
1.95,407.85,Devonian
1.89,407.69,Devonian
1.66,407.53,Devonian
1.45,407.45,Devonian
1.39,407.37,Devonian
1.05,407.3,Devonian
1.07,407.06,Devonian
0.95,407.06,Devonian
1.11,406.82,Devonian
0.95,406.67,Devonian
0.91,406.59,Devonian
0.98,406.35,Devonian
0.45,406.27,Devonian
0.5,406.19,Devonian
0.55,405.96,Devonian
0.43,405.96,Devonian
0.45,405.72,Devonian
0.3,405.64,Devonian
0.32,405.41,Devonian
0.16,405.09,Devonian
0.16,404.86,Devonian
0.34,404.62,Devonian
0.27,404.47,Devonian
0.25,404.23,Devonian
0.14,404.07,Devonian
0.14,403.84,Devonian
0.16,403.6,Devonian
0.25,403.44,Devonian
0.43,403.36,Devonian
0.32,403.29,Devonian
0.25,403.13,Devonian
0.43,403.05,Devonian
0.09,402.89,Devonian
0.25,402.81,Devonian
0.16,402.74,Devonian
0.14,402.66,Devonian
0.14,402.42,Devonian
0.11,402.26,Devonian
0.14,402.11,Devonian
0.27,402.03,Devonian
0.2,401.95,Devonian
0.16,401.79,Devonian
0.27,401.56,Devonian
0.11,401.48,Devonian
0.39,401.32,Devonian
0.39,401.16,Devonian
0.34,400.93,Devonian
0.45,400.77,Devonian
0.5,400.69,Devonian
0.55,400.53,Devonian
0.5,400.3,Devonian
1.61,400.22,Devonian
1.25,400.14,Devonian
1.23,399.98,Devonian
1.2,399.91,Devonian
-0.09,399.67,Devonian
-0.68,399.67,Devonian
0.48,399.51,Devonian
0.75,399.36,Devonian
0.55,399.28,Devonian
0.7,399.2,Devonian
0.64,399.04,Devonian
0.59,398.88,Devonian
0.75,398.88,Devonian
0.39,398.73,Devonian
0.57,398.57,Devonian
0.91,398.49,Devonian
0.27,398.33,Devonian
0.41,398.25,Devonian
1.09,398.25,Devonian
1.09,398.02,Devonian
1,397.94,Devonian
1.3,397.86,Devonian
1.25,397.78,Devonian
1.55,397.7,Devonian
2.09,397.55,Devonian
1.95,397.47,Devonian
2.05,397.39,Devonian
2.5,397.31,Devonian
2.18,397.23,Devonian
2.09,397.08,Devonian
2.14,397,Devonian
2.3,397,Devonian
2.36,396.84,Devonian
2.11,396.68,Devonian
1.7,396.53,Devonian
1.89,396.45,Devonian
1.66,396.37,Devonian
1.95,396.29,Devonian
1.61,396.13,Devonian
1.59,396.05,Devonian
1.43,396.05,Devonian
1.36,395.97,Devonian
1.41,395.82,Devonian
1.3,395.74,Devonian
1.2,395.66,Devonian
1.23,395.42,Devonian
1.23,395.19,Devonian
1.11,395.03,Devonian
0.98,394.95,Devonian
0.98,394.8,Devonian
0.93,394.64,Devonian
0.93,394.48,Devonian
1,394.32,Devonian
0.8,394.25,Devonian
1.09,394.09,Devonian
1.11,394.01,Devonian
1.18,393.85,Devonian
1.11,393.85,Devonian
1.2,393.62,Devonian
1.09,393.54,Devonian
1.3,393.54,Devonian
1.32,393.46,Devonian
1.36,393.46,Devonian
1.36,393.3,Devonian
1.55,393.3,Devonian
1.61,393.14,Devonian
1.7,393.14,Devonian
1.5,392.99,Devonian
1.66,392.91,Devonian
1.59,392.83,Devonian
1.7,392.75,Devonian
1.55,392.67,Devonian
1.98,392.52,Devonian
2.09,392.44,Devonian
1.86,392.2,Devonian
1.89,391.97,Devonian
1.52,391.81,Devonian
1.5,391.57,Devonian
1.84,391.34,Devonian
1.7,391.18,Devonian
1.93,390.94,Devonian
1.73,390.63,Devonian
1.89,390.47,Devonian
2.05,390.31,Devonian
2.09,390.08,Devonian
2.05,389.84,Devonian
1.82,389.61,Devonian
1.59,388.98,Devonian
1.5,388.43,Devonian
1.45,388.03,Devonian
0.23,387.8,Devonian
0.09,387.64,Devonian
0.14,387.56,Devonian
-0.09,387.41,Devonian
0,387.33,Devonian
0.07,387.33,Devonian
0.11,387.09,Devonian
0.16,386.86,Devonian
0.48,386.78,Devonian
0.41,386.78,Devonian
0.43,386.62,Devonian
0.52,386.62,Devonian
0.36,386.38,Devonian
0.45,386.38,Devonian
0.68,386.31,Devonian
0.77,386.23,Devonian
0,386.23,Devonian
-0.32,386.07,Devonian
-0.34,385.99,Devonian
0.32,385.91,Devonian
0.5,385.83,Devonian
0.34,385.83,Devonian
0.57,385.75,Devonian
0.5,385.6,Devonian
0.14,385.6,Devonian
0.09,385.52,Devonian
0.73,385.44,Devonian
0.41,385.36,Devonian
0.61,385.28,Devonian
-0.8,385.28,Devonian
-0.7,385.2,Devonian
0.16,385.2,Devonian
0.27,385.05,Devonian
0.02,385.05,Devonian
-0.55,384.97,Devonian
1.14,384.97,Devonian
1.73,384.81,Devonian
1.8,384.73,Devonian
1.27,384.65,Devonian
1.07,384.58,Devonian
1.18,384.58,Devonian
1.25,384.5,Devonian
0.57,384.42,Devonian
0.09,384.34,Devonian
0.32,384.34,Devonian
0.43,384.26,Devonian
0.14,384.1,Devonian
0.8,384.1,Devonian
0.64,384.03,Devonian
0.7,384.03,Devonian
0.57,383.87,Devonian
0.73,383.87,Devonian
0.39,383.79,Devonian
1.05,383.71,Devonian
0.66,383.63,Devonian
0.75,383.63,Devonian
0.25,383.63,Devonian
0.84,383.47,Devonian
0.7,383.4,Devonian
0.39,383.4,Devonian
0.89,383.4,Devonian
0.48,383.32,Devonian
0.61,383.24,Devonian
1.02,383.24,Devonian
1.2,383.24,Devonian
1.14,383.08,Devonian
0.86,383.08,Devonian
0.98,383,Devonian
1.2,383,Devonian
0.82,383,Devonian
0.7,383,Devonian
0.64,382.92,Devonian
0.57,382.85,Devonian
0.75,382.77,Devonian
0.8,382.77,Devonian
0.64,382.77,Devonian
0.64,382.77,Devonian
0.89,382.69,Devonian
1.25,382.53,Devonian
0.68,382.53,Devonian
0.59,382.53,Devonian
0.5,382.53,Devonian
0.5,382.53,Devonian
0.57,382.53,Devonian
1.05,382.45,Devonian
0.75,382.45,Devonian
0.57,382.45,Devonian
0.57,382.45,Devonian
0.34,382.37,Devonian
0.57,382.3,Devonian
0.64,382.3,Devonian
0.41,382.3,Devonian
0.45,382.22,Devonian
0.57,382.22,Devonian
0.61,382.22,Devonian
0.59,382.22,Devonian
0.59,382.22,Devonian
0.8,382.22,Devonian
0.8,382.22,Devonian
0.95,382.22,Devonian
0.55,382.14,Devonian
0.57,382.14,Devonian
0.61,382.06,Devonian
0.7,382.06,Devonian
0.75,382.06,Devonian
0.77,382.06,Devonian
0.8,382.06,Devonian
0.86,382.06,Devonian
0.86,382.06,Devonian
0.91,382.06,Devonian
0.66,381.98,Devonian
0.41,381.98,Devonian
-0.66,381.98,Devonian
0.64,381.9,Devonian
0.16,381.9,Devonian
-0.16,381.9,Devonian
-0.25,381.9,Devonian
-0.3,381.9,Devonian
-0.43,381.9,Devonian
-0.43,381.9,Devonian
-0.34,381.9,Devonian
-0.2,381.82,Devonian
-0.3,381.82,Devonian
-0.32,381.82,Devonian
-0.34,381.82,Devonian
-0.39,381.82,Devonian
-0.57,381.82,Devonian
-0.66,381.82,Devonian
0.3,381.75,Devonian
0.32,381.75,Devonian
0.14,381.75,Devonian
0.11,381.75,Devonian
0,381.75,Devonian
-0.25,381.75,Devonian
-0.48,381.75,Devonian
0.41,381.67,Devonian
0.48,381.67,Devonian
0.2,381.67,Devonian
-0.34,381.67,Devonian
-0.34,381.67,Devonian
0.52,381.59,Devonian
0.52,381.59,Devonian
0.3,381.59,Devonian
0.36,381.59,Devonian
0.93,381.51,Devonian
0.59,381.51,Devonian
0.5,381.51,Devonian
0.43,381.51,Devonian
0.41,381.51,Devonian
0.39,381.51,Devonian
1.86,381.43,Devonian
0.98,381.43,Devonian
0.95,381.43,Devonian
0.95,381.43,Devonian
0.86,381.43,Devonian
0.8,381.43,Devonian
0.68,381.43,Devonian
0.68,381.43,Devonian
0.66,381.43,Devonian
0.48,381.43,Devonian
0.8,381.35,Devonian
1.95,381.27,Devonian
1.66,381.27,Devonian
1.52,381.27,Devonian
1.18,381.27,Devonian
0.95,381.27,Devonian
0.73,381.27,Devonian
2.27,381.19,Devonian
2.11,381.19,Devonian
1.86,381.19,Devonian
1.82,381.19,Devonian
1.82,381.19,Devonian
1.34,381.19,Devonian
0.8,381.19,Devonian
2.32,381.12,Devonian
2,381.12,Devonian
2,381.12,Devonian
1.8,381.12,Devonian
1.7,381.12,Devonian
1.05,381.12,Devonian
2.84,381.04,Devonian
2.75,381.04,Devonian
2.68,381.04,Devonian
2.39,381.04,Devonian
2.27,381.04,Devonian
2.32,381.04,Devonian
2.16,381.04,Devonian
2.11,381.04,Devonian
2.02,381.04,Devonian
1.5,381.04,Devonian
1.05,381.04,Devonian
2.55,380.96,Devonian
2.41,380.96,Devonian
2.05,380.96,Devonian
2.68,380.88,Devonian
2.68,380.88,Devonian
2.64,380.88,Devonian
2.61,380.88,Devonian
2.61,380.88,Devonian
2.61,380.88,Devonian
2.36,380.88,Devonian
2.36,380.88,Devonian
2.27,380.88,Devonian
1.3,380.88,Devonian
1.14,380.88,Devonian
2.93,380.8,Devonian
2.77,380.8,Devonian
2.59,380.8,Devonian
2.55,380.8,Devonian
2.5,380.8,Devonian
2.5,380.8,Devonian
2.5,380.8,Devonian
2.45,380.8,Devonian
2.43,380.8,Devonian
2.43,380.8,Devonian
2.32,380.8,Devonian
2.27,380.8,Devonian
2,380.8,Devonian
1.84,380.8,Devonian
1.73,380.72,Devonian
1.55,380.72,Devonian
2,380.64,Devonian
1.43,380.64,Devonian
1.48,380.64,Devonian
1.18,380.57,Devonian
1.2,380.57,Devonian
1.23,380.57,Devonian
1.3,380.57,Devonian
1.3,380.57,Devonian
1.36,380.57,Devonian
0.91,380.57,Devonian
0.84,380.57,Devonian
0.82,380.57,Devonian
1.34,380.49,Devonian
1.07,380.49,Devonian
1.05,380.49,Devonian
0.77,380.49,Devonian
0.64,380.41,Devonian
0.55,380.41,Devonian
0.55,380.41,Devonian
0.34,380.41,Devonian
1.3,380.33,Devonian
0.73,380.33,Devonian
0.73,380.33,Devonian
0.27,380.33,Devonian
0.68,380.33,Devonian
0.77,380.33,Devonian
0.86,380.33,Devonian
0.48,380.25,Devonian
0.39,380.25,Devonian
0.57,380.25,Devonian
0.61,380.25,Devonian
0.66,380.09,Devonian
0.7,380.09,Devonian
0.59,380.02,Devonian
0.7,379.94,Devonian
-1.35,379.74,Devonian
-3.18,379.7,Devonian
-1.7,379.66,Devonian
0.68,379.62,Devonian
0.3,379.62,Devonian
0.11,379.62,Devonian
1.32,379.54,Devonian
0.45,379.54,Devonian
-0.07,379.47,Devonian
-0.5,379.47,Devonian
0.02,379.39,Devonian
-0.18,379.39,Devonian
-1.73,379.39,Devonian
-3.45,379.39,Devonian
-0.07,379.31,Devonian
-2.14,379.31,Devonian
0.61,379.31,Devonian
-3.23,379.31,Devonian
-1.07,379.27,Devonian
-0.5,379.23,Devonian
-0.66,379.23,Devonian
0.43,379.23,Devonian
-1.62,379.19,Devonian
-0.27,379.15,Devonian
-1.16,379.15,Devonian
-1.23,379.15,Devonian
-1.73,379.15,Devonian
-1.95,379.15,Devonian
-2.43,379.15,Devonian
-0.05,379.15,Devonian
0.16,379.15,Devonian
0.34,379.15,Devonian
0.41,379.15,Devonian
-0.93,379.11,Devonian
-1.4,379.11,Devonian
-0.16,379.07,Devonian
0.09,379.07,Devonian
0.16,379.07,Devonian
0.23,379.07,Devonian
0.39,379.07,Devonian
0.64,379.07,Devonian
1.02,379.07,Devonian
1.07,379.07,Devonian
1.16,379.07,Devonian
1.18,379.07,Devonian
1.2,379.07,Devonian
1.25,379.07,Devonian
-0.09,378.99,Devonian
0,378.99,Devonian
0.09,378.99,Devonian
0.27,378.99,Devonian
0.27,378.99,Devonian
0.61,378.99,Devonian
0.57,378.99,Devonian
0.68,378.99,Devonian
0.8,378.99,Devonian
0.84,378.99,Devonian
0.84,378.99,Devonian
0.84,378.99,Devonian
1.25,378.99,Devonian
0.32,378.92,Devonian
0.5,378.92,Devonian
0.75,378.92,Devonian
0.75,378.92,Devonian
0.77,378.92,Devonian
0.89,378.92,Devonian
0.91,378.92,Devonian
0.93,378.92,Devonian
1.36,378.92,Devonian
1.36,378.92,Devonian
1.36,378.92,Devonian
1.39,378.92,Devonian
1.41,378.92,Devonian
1.45,378.92,Devonian
1.48,378.92,Devonian
1.52,378.92,Devonian
1.55,378.92,Devonian
2.18,378.92,Devonian
0.95,378.84,Devonian
0.98,378.84,Devonian
1.14,378.84,Devonian
1.14,378.84,Devonian
1.25,378.84,Devonian
1.3,378.84,Devonian
2.73,378.84,Devonian
2.93,378.84,Devonian
0.61,378.76,Devonian
0.77,378.76,Devonian
0.77,378.76,Devonian
1.55,378.76,Devonian
2.34,378.76,Devonian
2.52,378.76,Devonian
2.57,378.76,Devonian
2.09,378.68,Devonian
2.25,378.68,Devonian
2.32,378.68,Devonian
2.75,378.68,Devonian
1.67,378.64,Devonian
1.55,378.6,Devonian
1.55,378.6,Devonian
2.36,378.6,Devonian
2.91,378.6,Devonian
2.48,378.52,Devonian
2.52,378.52,Devonian
2.66,378.52,Devonian
3.23,378.52,Devonian
3.2,378.44,Devonian
3.3,378.44,Devonian
2.16,378.36,Devonian
2.91,378.36,Devonian
2.91,378.36,Devonian
3,378.36,Devonian
1.61,378.29,Devonian
2.09,378.29,Devonian
2.27,378.29,Devonian
2.27,378.29,Devonian
3.25,378.29,Devonian
1.16,378.29,Devonian
1.07,378.29,Devonian
1.7,378.21,Devonian
2.3,378.21,Devonian
2.3,378.21,Devonian
2.32,378.21,Devonian
2.43,378.21,Devonian
1.43,378.13,Devonian
1.77,378.13,Devonian
1.8,378.13,Devonian
1.82,378.13,Devonian
1.86,378.13,Devonian
1.91,378.13,Devonian
2.14,378.13,Devonian
2.16,378.13,Devonian
2.18,378.13,Devonian
2.2,378.13,Devonian
2.36,378.13,Devonian
0.57,378.13,Devonian
1.55,378.05,Devonian
2,378.05,Devonian
2.45,378.05,Devonian
2.45,378.05,Devonian
2.45,378.05,Devonian
1.27,378.05,Devonian
1.18,378.05,Devonian
1.16,378.05,Devonian
1.16,378.05,Devonian
1,378.05,Devonian
0.98,378.05,Devonian
-0.05,378.05,Devonian
1.27,377.97,Devonian
1.27,377.97,Devonian
0.61,377.97,Devonian
0.55,377.97,Devonian
0.5,377.97,Devonian
0.3,377.97,Devonian
0.23,377.97,Devonian
1.05,377.89,Devonian
1.05,377.89,Devonian
1.05,377.89,Devonian
1.05,377.89,Devonian
1,377.89,Devonian
0.86,377.89,Devonian
0.95,377.89,Devonian
0.93,377.89,Devonian
0.89,377.89,Devonian
0.84,377.89,Devonian
0.41,377.89,Devonian
1.32,377.81,Devonian
1.23,377.81,Devonian
1.16,377.81,Devonian
1.14,377.81,Devonian
0.18,377.81,Devonian
0.32,377.81,Devonian
0.27,377.81,Devonian
0.14,377.81,Devonian
-0.07,377.81,Devonian
1.16,377.74,Devonian
1.07,377.74,Devonian
0.41,377.74,Devonian
0.14,377.74,Devonian
0.02,377.74,Devonian
1.18,377.66,Devonian
0.86,377.66,Devonian
0.7,377.66,Devonian
1.05,377.58,Devonian
0.59,377.58,Devonian
0.25,377.58,Devonian
0.32,377.58,Devonian
1.2,377.5,Devonian
1.05,377.5,Devonian
1.05,377.5,Devonian
0.86,377.5,Devonian
0.86,377.5,Devonian
0.93,377.5,Devonian
0.45,377.5,Devonian
1.05,377.42,Devonian
1,377.42,Devonian
0.5,377.42,Devonian
0.5,377.42,Devonian
1,377.34,Devonian
0.86,377.34,Devonian
0.7,377.34,Devonian
0.7,377.34,Devonian
1.02,377.26,Devonian
0.93,377.26,Devonian
0.8,377.26,Devonian
-0.11,377.26,Devonian
0.16,377.26,Devonian
0.36,377.26,Devonian
0.61,377.26,Devonian
0.64,377.26,Devonian
0.52,377.19,Devonian
0.55,377.19,Devonian
0.61,377.19,Devonian
0.5,377.03,Devonian
0.5,377.03,Devonian
0.59,376.95,Devonian
0.75,376.95,Devonian
0.68,376.95,Devonian
0.32,376.95,Devonian
0.41,376.95,Devonian
0.77,376.87,Devonian
0.7,376.87,Devonian
0.36,376.87,Devonian
0.55,376.87,Devonian
0.55,376.87,Devonian
0.7,376.79,Devonian
0.77,376.79,Devonian
0.91,376.79,Devonian
0.68,376.71,Devonian
0.64,376.71,Devonian
0.64,376.64,Devonian
0.86,376.64,Devonian
0.98,376.64,Devonian
0.95,376.56,Devonian
0.89,376.56,Devonian
0.39,376.48,Devonian
1.36,376.48,Devonian
-0.02,376.4,Devonian
0.64,376.4,Devonian
0.45,376.4,Devonian
0.45,376.4,Devonian
0.36,376.4,Devonian
1.25,376.4,Devonian
0.61,376.32,Devonian
0.59,376.32,Devonian
0.57,376.32,Devonian
0.3,376.32,Devonian
0.68,376.32,Devonian
0.82,376.32,Devonian
0.82,376.32,Devonian
0.75,376.32,Devonian
-0.09,376.24,Devonian
0.23,376.24,Devonian
0.77,376.24,Devonian
0.45,376.16,Devonian
0.5,376.16,Devonian
0.5,376.16,Devonian
0.55,376.16,Devonian
0.7,376.16,Devonian
1.2,376.16,Devonian
1.66,376.16,Devonian
1.7,376.16,Devonian
1.88,376.12,Devonian
0.36,376.08,Devonian
0.36,376.08,Devonian
0.3,376.08,Devonian
0.3,376.08,Devonian
0.86,376.08,Devonian
1.76,376.08,Devonian
2.23,376.08,Devonian
2.34,376.08,Devonian
2.53,376.08,Devonian
2.7,376.08,Devonian
2.75,376.08,Devonian
3.09,376.08,Devonian
3.64,376.08,Devonian
2.61,376.01,Devonian
3.14,376.01,Devonian
3.27,376.01,Devonian
3.34,376.01,Devonian
3.41,376.01,Devonian
3.57,376.01,Devonian
3.77,376.01,Devonian
3.82,376.01,Devonian
3.84,376.01,Devonian
3.86,376.01,Devonian
3.86,376.01,Devonian
3.91,376.01,Devonian
4.02,376.01,Devonian
3.68,375.93,Devonian
4.11,375.93,Devonian
4.18,375.93,Devonian
4.2,375.93,Devonian
2.16,375.85,Devonian
2.48,375.85,Devonian
2.89,375.85,Devonian
3.75,375.85,Devonian
4.3,375.85,Devonian
4.3,375.85,Devonian
4.36,375.85,Devonian
4.43,375.85,Devonian
4.59,375.85,Devonian
4.83,375.85,Devonian
4.52,375.81,Devonian
4.67,375.81,Devonian
4.67,375.81,Devonian
2.5,375.77,Devonian
2.5,375.77,Devonian
2.95,375.77,Devonian
4.2,375.77,Devonian
4.48,375.77,Devonian
1.77,375.73,Devonian
1.45,375.69,Devonian
1.7,375.69,Devonian
2.18,375.69,Devonian
2.41,375.69,Devonian
2.41,375.69,Devonian
2.5,375.69,Devonian
2.52,375.69,Devonian
2.66,375.69,Devonian
2.73,375.69,Devonian
2.82,375.69,Devonian
-2.02,375.69,Devonian
-0.45,375.69,Devonian
0.8,375.69,Devonian
0.86,375.69,Devonian
0.95,375.69,Devonian
1.64,375.61,Devonian
2,375.61,Devonian
2.14,375.61,Devonian
2.27,375.61,Devonian
2.43,375.61,Devonian
2.58,375.61,Devonian
2.58,375.61,Devonian
0.55,375.61,Devonian
1.7,375.53,Devonian
1.68,375.53,Devonian
2.14,375.53,Devonian
2.45,375.53,Devonian
2.45,375.53,Devonian
2.45,375.53,Devonian
2.36,375.53,Devonian
2.66,375.53,Devonian
2.8,375.53,Devonian
2.89,375.53,Devonian
3,375.53,Devonian
3.05,375.53,Devonian
3.11,375.53,Devonian
3.16,375.53,Devonian
3.23,375.53,Devonian
1.56,375.46,Devonian
2.05,375.46,Devonian
2.34,375.46,Devonian
2.52,375.46,Devonian
2.73,375.46,Devonian
1.64,375.38,Devonian
1.7,375.38,Devonian
1.89,375.38,Devonian
2.11,375.38,Devonian
2.27,375.38,Devonian
2.61,375.38,Devonian
2.57,375.38,Devonian
2.66,375.38,Devonian
2.84,375.38,Devonian
3.05,375.38,Devonian
-0.48,375.38,Devonian
-0.45,375.38,Devonian
-0.09,375.38,Devonian
-0.02,375.38,Devonian
0.3,375.38,Devonian
0.36,375.38,Devonian
0.55,375.38,Devonian
0.41,375.38,Devonian
0.73,375.38,Devonian
0.85,375.38,Devonian
0.98,375.38,Devonian
1.02,375.38,Devonian
1.25,375.38,Devonian
2.11,375.3,Devonian
2.39,375.3,Devonian
2.55,375.3,Devonian
-0.36,375.3,Devonian
-0.43,375.3,Devonian
0.07,375.3,Devonian
0.05,375.3,Devonian
0.2,375.3,Devonian
0.45,375.3,Devonian
0.68,375.3,Devonian
0.75,375.3,Devonian
0.82,375.3,Devonian
1.09,375.3,Devonian
1.16,375.3,Devonian
-0.66,375.22,Devonian
-0.52,375.22,Devonian
-0.43,375.22,Devonian
-0.18,375.22,Devonian
-0.07,375.22,Devonian
0.32,375.22,Devonian
0.98,375.22,Devonian
-0.07,375.14,Devonian
0,375.14,Devonian
0.09,375.14,Devonian
0.32,375.14,Devonian
0.45,375.14,Devonian
0.52,375.14,Devonian
0.68,375.14,Devonian
0.88,375.14,Devonian
-0.32,375.06,Devonian
-0.25,375.06,Devonian
0.02,375.06,Devonian
0.25,375.06,Devonian
-0.23,374.98,Devonian
-0.98,374.91,Devonian
0.53,374.79,Devonian
-0.2,374.67,Devonian
0.73,374.59,Devonian
2.02,374.59,Devonian
2.07,374.43,Devonian
2.3,374.39,Devonian
1.39,374.2,Devonian
1.95,374.2,Devonian
2.09,374.2,Devonian
1,374.04,Devonian
1.52,374.04,Devonian
1.84,373.96,Devonian
2.39,373.88,Devonian
2.61,373.88,Devonian
2.32,373.81,Devonian
2.77,373.65,Devonian
2.16,373.57,Devonian
2.57,373.57,Devonian
3.32,373.57,Devonian
3.48,373.57,Devonian
2.32,373.49,Devonian
1.78,373.41,Devonian
0.91,373.41,Devonian
2.11,373.33,Devonian
3.36,373.25,Devonian
3.98,373.25,Devonian
0.18,372.94,Devonian
0.27,372.86,Devonian
0.5,372.78,Devonian
0.2,372.78,Devonian
0.16,372.78,Devonian
0.05,372.78,Devonian
-0.02,372.78,Devonian
-0.09,372.78,Devonian
1.07,372.74,Devonian
0.59,372.7,Devonian
0.09,372.7,Devonian
0.05,372.7,Devonian
-0.32,372.7,Devonian
0.32,372.63,Devonian
-0.11,372.63,Devonian
-0.5,372.63,Devonian
0.5,372.55,Devonian
0.18,372.55,Devonian
0.09,372.55,Devonian
-0.02,372.55,Devonian
-0.14,372.55,Devonian
-0.23,372.55,Devonian
-0.32,372.55,Devonian
-0.66,372.55,Devonian
-0.84,372.55,Devonian
1.36,372.47,Devonian
-0.2,372.47,Devonian
-0.39,372.47,Devonian
-0.73,372.47,Devonian
2.75,372.39,Devonian
2.66,372.39,Devonian
2.34,372.39,Devonian
1.25,372.39,Devonian
0.43,372.39,Devonian
0.25,372.39,Devonian
-0.25,372.39,Devonian
-0.5,372.39,Devonian
-0.52,372.39,Devonian
-0.64,372.39,Devonian
-0.73,372.39,Devonian
-0.84,372.39,Devonian
0.86,372.35,Devonian
3.32,372.31,Devonian
3.16,372.31,Devonian
2.98,372.31,Devonian
2.77,372.31,Devonian
2.11,372.31,Devonian
1.25,372.31,Devonian
2.84,372.23,Devonian
2.39,372.23,Devonian
2.25,372.23,Devonian
2.2,372.23,Devonian
1.82,372.23,Devonian
1.41,372.23,Devonian
1.16,372.23,Devonian
1.23,372.23,Devonian
1.68,372.15,Devonian
1.64,372.15,Devonian
1.61,372.15,Devonian
1.59,372.15,Devonian
1.55,372.15,Devonian
1.34,372.15,Devonian
1.34,372.15,Devonian
1.5,372.08,Devonian
1.48,372.08,Devonian
1.43,372.08,Devonian
1.43,372.08,Devonian
1.36,372.08,Devonian
1.3,372.08,Devonian
1.3,372.08,Devonian
1.3,372.08,Devonian
1.2,372.08,Devonian
1.11,372.08,Devonian
0.98,372.08,Devonian
0.84,372.08,Devonian
1.45,372,Devonian
1.45,372,Devonian
1.27,372,Devonian
0.82,372,Devonian
0.77,372,Devonian
0.75,372,Devonian
1.16,371.92,Devonian
1.16,371.92,Devonian
0.91,371.92,Devonian
0.82,371.92,Devonian
0.73,371.92,Devonian
0.64,371.92,Devonian
0.82,371.84,Devonian
0.82,371.84,Devonian
0.82,371.84,Devonian
0.57,371.84,Devonian
0.5,371.84,Devonian
0.39,371.84,Devonian
0.95,371.76,Devonian
0.86,371.76,Devonian
0.86,371.76,Devonian
0.77,371.76,Devonian
0.77,371.76,Devonian
0.7,371.76,Devonian
0.66,371.76,Devonian
0.61,371.76,Devonian
0.59,371.76,Devonian
0.43,371.76,Devonian
0.27,371.76,Devonian
0.66,371.68,Devonian
0.95,371.6,Devonian
0.75,371.6,Devonian
0.75,371.6,Devonian
0.57,371.6,Devonian
0.57,371.6,Devonian
0.39,371.6,Devonian
0.48,371.6,Devonian
0.48,371.6,Devonian
0.25,371.6,Devonian
0.09,371.6,Devonian
0.86,371.53,Devonian
0.64,371.53,Devonian
0.55,371.53,Devonian
0.34,371.53,Devonian
0.3,371.53,Devonian
0.14,371.53,Devonian
1.02,371.45,Devonian
0.86,371.45,Devonian
0.86,371.45,Devonian
0.86,371.45,Devonian
0.86,371.45,Devonian
0.82,371.45,Devonian
0.82,371.45,Devonian
0.5,371.45,Devonian
0.5,371.45,Devonian
0.41,371.45,Devonian
0.39,371.45,Devonian
0.25,371.45,Devonian
0.68,371.37,Devonian
1.82,371.37,Devonian
2.14,371.37,Devonian
2.32,371.37,Devonian
2.43,371.37,Devonian
2.57,371.37,Devonian
0.86,371.29,Devonian
1.64,371.29,Devonian
1.91,371.29,Devonian
2,371.29,Devonian
2.02,371.29,Devonian
1.68,371.21,Devonian
1.98,371.21,Devonian
2.18,371.21,Devonian
2.23,371.21,Devonian
2.48,371.21,Devonian
2.61,371.21,Devonian
2.52,371.17,Devonian
2.3,371.13,Devonian
2.43,371.13,Devonian
2.48,371.13,Devonian
2.77,371.13,Devonian
2.57,371.05,Devonian
2.82,371.05,Devonian
3.18,371.05,Devonian
3.11,371.05,Devonian
2.77,370.97,Devonian
2.95,370.97,Devonian
2.98,370.97,Devonian
3.07,370.97,Devonian
3.16,370.97,Devonian
3.57,370.97,Devonian
2.09,370.97,Devonian
2.48,370.9,Devonian
2.73,370.9,Devonian
2.91,370.9,Devonian
3.02,370.9,Devonian
3.48,370.9,Devonian
2.39,370.9,Devonian
2,370.9,Devonian
2.77,370.82,Devonian
2.98,370.82,Devonian
2.32,370.82,Devonian
2.23,370.82,Devonian
2.14,370.82,Devonian
2.02,370.82,Devonian
2.52,370.74,Devonian
2.75,370.74,Devonian
2.84,370.74,Devonian
2.86,370.74,Devonian
2.32,370.74,Devonian
2.66,370.66,Devonian
2.68,370.66,Devonian
2.43,370.66,Devonian
2.39,370.66,Devonian
2.52,370.58,Devonian
2.52,370.58,Devonian
2.34,370.58,Devonian
2.32,370.58,Devonian
2.3,370.58,Devonian
2.27,370.58,Devonian
2.59,370.5,Devonian
2.25,370.5,Devonian
2.11,370.5,Devonian
2.02,370.5,Devonian
2.23,370.42,Devonian
2.05,370.42,Devonian
1.8,370.42,Devonian
1.89,370.42,Devonian
1.86,370.42,Devonian
2.11,370.35,Devonian
1.95,370.35,Devonian
2.05,370.35,Devonian
1.75,370.35,Devonian
1.7,370.35,Devonian
1.7,370.35,Devonian
1.66,370.35,Devonian
2.09,370.27,Devonian
1.59,370.27,Devonian
1.55,370.27,Devonian
1.5,370.27,Devonian
1.48,370.27,Devonian
1.86,370.19,Devonian
1.77,370.19,Devonian
1.75,370.19,Devonian
1.61,370.19,Devonian
1.66,370.19,Devonian
1.7,370.19,Devonian
1.39,370.19,Devonian
1.86,370.11,Devonian
1.7,370.11,Devonian
1.68,370.11,Devonian
1.66,370.11,Devonian
1.32,370.11,Devonian
2.41,370.03,Devonian
1.61,370.03,Devonian
1.59,370.03,Devonian
1.48,370.03,Devonian
1.41,370.03,Devonian
2,370.03,Devonian
2.14,370.03,Devonian
1.33,369.95,Devonian
2.07,369.87,Devonian
2.07,369.8,Devonian
1.77,369.8,Devonian
1.82,369.8,Devonian
1.75,369.8,Devonian
1.7,369.8,Devonian
2,369.72,Devonian
1.98,369.72,Devonian
1.91,369.72,Devonian
1.91,369.72,Devonian
1.34,369.56,Devonian
2.02,369.48,Devonian
1.73,369.48,Devonian
1.77,369.48,Devonian
1.2,369.48,Devonian
1.64,369.4,Devonian
1.59,369.4,Devonian
1.86,369.32,Devonian
1.73,369.32,Devonian
1.7,369.25,Devonian
1.59,369.25,Devonian
1.52,369.17,Devonian
1.43,369.17,Devonian
1.16,369.17,Devonian
1.39,369.17,Devonian
1.22,369.09,Devonian
1.36,369.09,Devonian
1.52,369.01,Devonian
1.45,368.97,Devonian
1.55,368.93,Devonian
1.34,368.93,Devonian
1.48,368.85,Devonian
1.09,368.85,Devonian
1.32,368.85,Devonian
1.25,368.77,Devonian
1.32,368.77,Devonian
1.36,368.77,Devonian
1.25,368.69,Devonian
1.39,368.69,Devonian
1.39,368.69,Devonian
2,368.54,Devonian
1.3,368.54,Devonian
1.41,368.54,Devonian
1.43,368.54,Devonian
1.48,368.54,Devonian
1.09,368.46,Devonian
1.11,368.3,Devonian
1.52,368.22,Devonian
1.3,368.14,Devonian
1.25,368.07,Devonian
1.25,368.07,Devonian
1.3,367.83,Devonian
1.3,367.83,Devonian
1.34,367.83,Devonian
1.25,367.83,Devonian
1.2,367.75,Devonian
1.82,367.67,Devonian
1.34,367.59,Devonian
1.59,367.59,Devonian
1.59,367.59,Devonian
1.7,367.59,Devonian
1.75,367.59,Devonian
1.77,367.59,Devonian
1.73,367.52,Devonian
2,367.44,Devonian
2.2,367.44,Devonian
2.32,367.36,Devonian
2.61,367.36,Devonian
2.14,367.36,Devonian
2.18,367.28,Devonian
2.25,367.28,Devonian
2.09,367.2,Devonian
1.95,367.12,Devonian
1.64,366.97,Devonian
2.25,366.97,Devonian
2.18,366.97,Devonian
2.31,366.85,Devonian
2.18,366.81,Devonian
2.2,366.81,Devonian
2.25,366.81,Devonian
2.3,366.73,Devonian
2.32,366.73,Devonian
2.36,366.73,Devonian
2.32,366.57,Devonian
2.16,366.57,Devonian
1.91,366.49,Devonian
2.16,366.34,Devonian
2.2,366.34,Devonian
2.2,366.18,Devonian
1.91,366.1,Devonian
2.23,365.98,Devonian
1.82,365.94,Devonian
1.85,365.75,Devonian
1.75,365.71,Devonian
1.9,365.51,Devonian
2,365.39,Devonian
1.7,365.24,Devonian
1.82,365.08,Devonian
1.7,364.92,Devonian
1.95,364.69,Devonian
2.41,364.53,Devonian
1.5,364.37,Devonian
1.8,364.29,Devonian
1.59,364.14,Devonian
1.85,364.02,Devonian
1.75,363.9,Devonian
1.61,363.74,Devonian
1.45,363.58,Devonian
1.56,363.47,Devonian
1.75,363.35,Devonian
1.81,363.23,Devonian
2.2,363.11,Devonian
2.11,362.96,Devonian
1.77,362.8,Devonian
1.5,362.64,Devonian
1.77,362.48,Devonian
2.35,362.37,Devonian
1.91,362.25,Devonian
2.09,362.09,Devonian
1.85,361.97,Devonian
2.2,361.82,Devonian
2.1,361.58,Devonian
2.15,361.27,Devonian
1.64,360.99,Devonian
2.1,360.95,Devonian
1.73,360.91,Devonian
1.68,360.83,Devonian
1.61,360.75,Devonian
1.4,360.72,Devonian
1.5,360.68,Devonian
1.57,360.6,Devonian
1.61,360.6,Devonian
1.03,360.56,Devonian
0.53,360.48,Devonian
0.28,360.44,Devonian
-0.24,360.36,Devonian
0.2,360.32,Devonian
1.73,360.28,Devonian
1.68,360.2,Devonian
1.89,360.2,Devonian
1.45,360.13,Devonian
1.73,360.05,Devonian
1.59,359.97,Devonian
1.24,359.89,Devonian
2.01,359.81,Devonian
2.3,359.81,Devonian
1.92,359.73,Devonian
3.09,359.73,Devonian
3.09,359.73,Devonian
2.67,359.69,Devonian
3.18,359.65,Devonian
4.59,359.65,Devonian
4.91,359.65,Devonian
5.07,359.58,Devonian
5.2,359.58,Devonian
5.25,359.58,Devonian
5.2,359.5,Devonian
5.27,359.5,Devonian
5.32,359.5,Devonian
5.34,359.42,Devonian
5.43,359.42,Devonian
5.64,359.34,Devonian
5.39,359.26,Devonian
5.55,359.26,Devonian
5.68,359.18,Devonian
5.77,358.99,Carboniferous
5.27,358.88,Carboniferous
5.43,358.88,Carboniferous
5.66,358.88,Carboniferous
5.62,358.76,Carboniferous
5.81,358.76,Carboniferous
5.96,358.76,Carboniferous
5.73,358.76,Carboniferous
5.89,358.64,Carboniferous
5.66,358.64,Carboniferous
5.5,358.64,Carboniferous
6,358.64,Carboniferous
5.73,358.53,Carboniferous
5.27,358.53,Carboniferous
5.96,358.53,Carboniferous
5.39,358.53,Carboniferous
5.54,358.41,Carboniferous
5.5,358.41,Carboniferous
5.43,358.41,Carboniferous
5.04,358.41,Carboniferous
4.97,358.41,Carboniferous
4.78,358.41,Carboniferous
4.66,358.41,Carboniferous
4.55,358.29,Carboniferous
4.28,358.29,Carboniferous
3.7,358.29,Carboniferous
3.55,358.29,Carboniferous
2.71,358.29,Carboniferous
1.83,358.29,Carboniferous
2.75,358.18,Carboniferous
1.37,358.18,Carboniferous
1.98,358.06,Carboniferous
2.21,358.06,Carboniferous
2.56,357.94,Carboniferous
2.52,357.94,Carboniferous
1.83,357.94,Carboniferous
2.13,357.94,Carboniferous
2.4,357.94,Carboniferous
1.1,357.94,Carboniferous
1.29,357.94,Carboniferous
3.17,357.83,Carboniferous
3.01,357.83,Carboniferous
2.94,357.83,Carboniferous
2.9,357.71,Carboniferous
3.01,357.71,Carboniferous
1.67,357.71,Carboniferous
1.9,357.71,Carboniferous
2.4,357.71,Carboniferous
2.63,357.71,Carboniferous
2.25,357.59,Carboniferous
2.75,357.59,Carboniferous
2.52,357.48,Carboniferous
2.67,357.48,Carboniferous
2.25,357.36,Carboniferous
2.75,357.24,Carboniferous
2.94,357.24,Carboniferous
2.78,357.13,Carboniferous
2.52,357.01,Carboniferous
3.13,357.01,Carboniferous
2.67,356.9,Carboniferous
2.9,356.9,Carboniferous
2.59,356.78,Carboniferous
2.94,356.78,Carboniferous
3.28,356.66,Carboniferous
3.13,356.55,Carboniferous
3.21,356.55,Carboniferous
3.36,356.55,Carboniferous
3.67,356.55,Carboniferous
3.55,356.43,Carboniferous
3.63,356.31,Carboniferous
2.59,356.2,Carboniferous
3.4,356.08,Carboniferous
2.59,355.96,Carboniferous
3.24,355.85,Carboniferous
2.94,355.85,Carboniferous
2.4,355.73,Carboniferous
2.82,355.61,Carboniferous
1.94,355.5,Carboniferous
0.99,355.5,Carboniferous
3.4,355.26,Carboniferous
1.94,355.26,Carboniferous
3.63,355.15,Carboniferous
4.32,355.03,Carboniferous
4.43,354.91,Carboniferous
4.47,354.91,Carboniferous
4.32,354.8,Carboniferous
5.39,354.68,Carboniferous
4.47,354.56,Carboniferous
5.35,354.56,Carboniferous
5.12,354.45,Carboniferous
5.73,354.45,Carboniferous
5.5,354.33,Carboniferous
6.1,354.27,Carboniferous
6.19,354.21,Carboniferous
5.62,354.1,Carboniferous
6.54,353.98,Carboniferous
6.84,353.98,Carboniferous
6.65,353.86,Carboniferous
6.23,353.75,Carboniferous
7,353.75,Carboniferous
5.62,353.63,Carboniferous
5.85,353.63,Carboniferous
6.42,353.51,Carboniferous
5.39,353.4,Carboniferous
5.16,353.4,Carboniferous
6.08,353.28,Carboniferous
6.19,353.28,Carboniferous
6.27,353.28,Carboniferous
5.85,353.16,Carboniferous
5.96,353.16,Carboniferous
5,353.05,Carboniferous
5.31,353.05,Carboniferous
5.43,353.05,Carboniferous
5.92,353.05,Carboniferous
6,353.05,Carboniferous
4.7,352.93,Carboniferous
4.89,352.93,Carboniferous
5,352.93,Carboniferous
5.27,352.93,Carboniferous
4.2,352.93,Carboniferous
4.66,352.81,Carboniferous
4.55,352.81,Carboniferous
4.28,352.81,Carboniferous
4.05,352.81,Carboniferous
3.97,352.81,Carboniferous
4.2,352.7,Carboniferous
3.93,352.7,Carboniferous
3.89,352.7,Carboniferous
3.47,352.7,Carboniferous
2.98,352.58,Carboniferous
2.71,352.58,Carboniferous
2.33,352.58,Carboniferous
2.21,352.58,Carboniferous
1.87,352.58,Carboniferous
1.44,352.58,Carboniferous
2.06,352.46,Carboniferous
1.87,352.46,Carboniferous
1.6,352.46,Carboniferous
2.56,352.35,Carboniferous
2.21,352.35,Carboniferous
2.25,352.35,Carboniferous
1.94,352.35,Carboniferous
1.41,352.35,Carboniferous
3.17,352.23,Carboniferous
3.01,352.23,Carboniferous
2.94,352.23,Carboniferous
2.9,352.23,Carboniferous
2.67,352.23,Carboniferous
2.56,352.11,Carboniferous
2.44,352.11,Carboniferous
2.9,352,Carboniferous
2.94,352,Carboniferous
2.82,352,Carboniferous
2.4,352,Carboniferous
1.94,352,Carboniferous
2.02,351.88,Carboniferous
1.83,351.88,Carboniferous
1.75,351.88,Carboniferous
1.64,351.88,Carboniferous
1.48,351.88,Carboniferous
1.22,351.76,Carboniferous
1.64,351.76,Carboniferous
1.56,351.76,Carboniferous
1.98,351.65,Carboniferous
1.87,351.65,Carboniferous
1.79,351.65,Carboniferous
2.06,351.53,Carboniferous
1.64,351.53,Carboniferous
2.17,351.41,Carboniferous
1.94,351.41,Carboniferous
1.79,351.41,Carboniferous
2.71,351.3,Carboniferous
2.78,351.3,Carboniferous
2.21,351.3,Carboniferous
2.13,351.18,Carboniferous
2.02,351.18,Carboniferous
1.18,351.18,Carboniferous
1.29,351.06,Carboniferous
1.14,351.06,Carboniferous
1.14,350.95,Carboniferous
0.99,350.95,Carboniferous
0.76,350.95,Carboniferous
1.9,350.83,Carboniferous
0.99,350.83,Carboniferous
0.68,350.83,Carboniferous
0.26,350.83,Carboniferous
1.87,350.71,Carboniferous
2.33,350.71,Carboniferous
1.48,350.6,Carboniferous
1.94,350.6,Carboniferous
2.44,350.6,Carboniferous
2.21,350.48,Carboniferous
2.33,350.48,Carboniferous
2.17,350.36,Carboniferous
2.4,350.36,Carboniferous
2.48,350.25,Carboniferous
2.33,350.13,Carboniferous
2.4,350.01,Carboniferous
2.59,349.9,Carboniferous
2.48,349.9,Carboniferous
2.4,349.78,Carboniferous
2.17,349.66,Carboniferous
2.33,349.66,Carboniferous
2.44,349.55,Carboniferous
2.17,349.43,Carboniferous
2.33,349.43,Carboniferous
2.4,349.31,Carboniferous
2.33,349.2,Carboniferous
2.56,349.2,Carboniferous
2.25,349.08,Carboniferous
2.48,348.97,Carboniferous
2.56,348.85,Carboniferous
2.52,348.62,Carboniferous
2.29,348.62,Carboniferous
2.25,348.5,Carboniferous
2.17,348.38,Carboniferous
2.29,348.27,Carboniferous
2.1,348.27,Carboniferous
2.06,348.15,Carboniferous
1.98,348.03,Carboniferous
1.67,348.03,Carboniferous
1.64,347.92,Carboniferous
1.56,347.92,Carboniferous
1.75,347.8,Carboniferous
1.52,347.8,Carboniferous
2.17,347.68,Carboniferous
1.79,347.57,Carboniferous
1.64,347.57,Carboniferous
2.33,347.45,Carboniferous
1.83,347.33,Carboniferous
0.99,347.22,Carboniferous
0.26,347.22,Carboniferous
-0.51,347.1,Carboniferous
0.87,346.98,Carboniferous
0.56,346.87,Carboniferous
0.03,346.87,Carboniferous
-0.62,346.75,Carboniferous
1.18,346.63,Carboniferous
1.1,346.52,Carboniferous
1.33,346.4,Carboniferous
1.41,346.17,Carboniferous
1.14,346.05,Carboniferous
0.49,345.93,Carboniferous
1.02,345.82,Carboniferous
0.99,345.7,Carboniferous
0.95,345.47,Carboniferous
1.02,345.47,Carboniferous
1.06,345.35,Carboniferous
1.14,345.12,Carboniferous
1.37,345,Carboniferous
1.41,344.88,Carboniferous
1.52,344.77,Carboniferous
1.44,344.65,Carboniferous
1.67,344.42,Carboniferous
1.83,344.42,Carboniferous
1.75,344.3,Carboniferous
1.71,344.07,Carboniferous
2.17,343.95,Carboniferous
1.79,343.83,Carboniferous
1.83,343.72,Carboniferous
2.02,343.48,Carboniferous
1.9,343.37,Carboniferous
1.75,343.25,Carboniferous
1.64,343.13,Carboniferous
1.67,343.02,Carboniferous
2.06,342.9,Carboniferous
2.29,342.67,Carboniferous
2.17,342.55,Carboniferous
2.29,342.43,Carboniferous
2.21,342.32,Carboniferous
2.52,342.2,Carboniferous
2.44,342.08,Carboniferous
2.4,341.85,Carboniferous
2.56,341.73,Carboniferous
2.4,341.62,Carboniferous
2.52,341.5,Carboniferous
2.75,341.38,Carboniferous
2.52,341.27,Carboniferous
3.05,341.15,Carboniferous
2.94,340.92,Carboniferous
2.9,340.69,Carboniferous
2.94,340.69,Carboniferous
2.78,340.45,Carboniferous
2.56,340.34,Carboniferous
2.98,340.22,Carboniferous
2.82,339.99,Carboniferous
2.36,339.87,Carboniferous
2.4,339.64,Carboniferous
2.52,339.52,Carboniferous
2.59,339.4,Carboniferous
2.17,339.29,Carboniferous
2.44,339.05,Carboniferous
2.56,338.94,Carboniferous
2.75,338.82,Carboniferous
2.67,338.7,Carboniferous
2.1,338.59,Carboniferous
2.1,338.35,Carboniferous
1.87,338.35,Carboniferous
2.4,338.12,Carboniferous
2.86,338,Carboniferous
2.29,337.89,Carboniferous
2.13,337.77,Carboniferous
2.25,337.65,Carboniferous
2.25,337.54,Carboniferous
2.25,337.3,Carboniferous
2.33,337.19,Carboniferous
2.17,337.07,Carboniferous
2.06,336.95,Carboniferous
1.98,336.84,Carboniferous
1.83,336.72,Carboniferous
1.64,336.49,Carboniferous
1.75,336.37,Carboniferous
1.29,336.25,Carboniferous
1.6,336.14,Carboniferous
1.41,336.02,Carboniferous
1.29,335.79,Carboniferous
1.22,335.79,Carboniferous
1.1,335.55,Carboniferous
0.68,335.44,Carboniferous
0.56,335.32,Carboniferous
1.33,335.2,Carboniferous
0.72,335.2,Carboniferous
0.53,335.09,Carboniferous
0.41,335.09,Carboniferous
0.22,335.09,Carboniferous
0.11,335.09,Carboniferous
-0.28,335.09,Carboniferous
-0.09,334.97,Carboniferous
-0.97,334.97,Carboniferous
-1.27,334.97,Carboniferous
-1.58,334.97,Carboniferous
-1.77,334.97,Carboniferous
0.72,334.85,Carboniferous
-0.58,334.85,Carboniferous
-0.7,334.85,Carboniferous
1.41,334.74,Carboniferous
1.52,334.74,Carboniferous
1.64,334.74,Carboniferous
0.6,334.62,Carboniferous
1.02,334.62,Carboniferous
1.22,334.62,Carboniferous
1.33,334.62,Carboniferous
2.21,334.62,Carboniferous
1.79,334.5,Carboniferous
2.13,334.5,Carboniferous
2.21,334.5,Carboniferous
3.21,334.5,Carboniferous
2.52,334.5,Carboniferous
1.6,334.39,Carboniferous
1.1,334.27,Carboniferous
1.41,334.27,Carboniferous
1.79,334.27,Carboniferous
2.1,334.27,Carboniferous
2.21,334.27,Carboniferous
2.52,334.27,Carboniferous
0.72,334.15,Carboniferous
1.22,334.15,Carboniferous
2.21,334.15,Carboniferous
-0.16,334.04,Carboniferous
1.6,334.04,Carboniferous
0.53,333.92,Carboniferous
-1.89,333.92,Carboniferous
-0.39,333.92,Carboniferous
0.03,333.92,Carboniferous
1.9,333.92,Carboniferous
2.21,333.8,Carboniferous
2.13,333.8,Carboniferous
2.02,333.8,Carboniferous
2.33,333.69,Carboniferous
2.1,333.69,Carboniferous
1.94,333.69,Carboniferous
2.33,333.57,Carboniferous
2.02,333.57,Carboniferous
1.83,333.57,Carboniferous
1.52,333.45,Carboniferous
2.13,333.45,Carboniferous
1.9,333.45,Carboniferous
2.33,333.34,Carboniferous
2.02,333.34,Carboniferous
2.4,333.22,Carboniferous
2.1,333.22,Carboniferous
2.29,333.1,Carboniferous
2.21,333.1,Carboniferous
2.1,333.1,Carboniferous
2.52,332.99,Carboniferous
2.13,332.99,Carboniferous
1.94,332.99,Carboniferous
2.78,332.87,Carboniferous
3.01,332.87,Carboniferous
2.25,332.87,Carboniferous
1.83,332.87,Carboniferous
0.41,332.76,Carboniferous
2.59,332.76,Carboniferous
2.1,332.76,Carboniferous
2.21,332.64,Carboniferous
1.98,332.64,Carboniferous
1.9,332.64,Carboniferous
1.71,332.52,Carboniferous
1.6,332.52,Carboniferous
1.52,332.52,Carboniferous
0.22,332.41,Carboniferous
1.9,332.41,Carboniferous
1.83,332.41,Carboniferous
1.22,332.29,Carboniferous
1.41,332.29,Carboniferous
1.33,332.29,Carboniferous
1.1,332.17,Carboniferous
1.52,332.17,Carboniferous
1.41,332.06,Carboniferous
1.33,332.06,Carboniferous
1.1,331.94,Carboniferous
1.83,331.94,Carboniferous
1.71,331.94,Carboniferous
1.52,331.94,Carboniferous
1.6,331.94,Carboniferous
1.1,331.82,Carboniferous
1.33,331.82,Carboniferous
1.6,331.71,Carboniferous
1.41,331.71,Carboniferous
1.22,331.71,Carboniferous
0.72,331.59,Carboniferous
1.83,331.59,Carboniferous
1.52,331.59,Carboniferous
1.29,331.59,Carboniferous
1.41,331.47,Carboniferous
1.22,331.47,Carboniferous
0.72,331.36,Carboniferous
0.83,331.36,Carboniferous
0.91,331.36,Carboniferous
1.02,331.36,Carboniferous
0.72,331.24,Carboniferous
1.22,331.24,Carboniferous
0.22,331.12,Carboniferous
0.79,331.12,Carboniferous
1.02,331.12,Carboniferous
1.33,331.12,Carboniferous
1.6,331.01,Carboniferous
1.71,331.01,Carboniferous
2.02,331.01,Carboniferous
2.1,331.01,Carboniferous
2.21,331.01,Carboniferous
1.83,330.89,Carboniferous
1.71,330.77,Carboniferous
1.9,330.77,Carboniferous
2.02,330.77,Carboniferous
2.1,330.77,Carboniferous
2.33,330.77,Carboniferous
0.53,330.66,Carboniferous
2.1,330.66,Carboniferous
4.32,330.66,Carboniferous
1.9,330.54,Carboniferous
2.02,330.54,Carboniferous
2.21,330.54,Carboniferous
2.1,330.42,Carboniferous
1.83,330.42,Carboniferous
1.71,330.42,Carboniferous
1.9,330.31,Carboniferous
2.02,330.31,Carboniferous
1.71,330.31,Carboniferous
1.6,330.31,Carboniferous
1.52,330.31,Carboniferous
1.9,330.19,Carboniferous
2.02,330.19,Carboniferous
1.22,330.19,Carboniferous
1.6,330.07,Carboniferous
1.52,330.07,Carboniferous
0.72,330.07,Carboniferous
1.41,330.07,Carboniferous
1.52,329.96,Carboniferous
0.53,329.96,Carboniferous
-0.47,329.96,Carboniferous
-0.28,329.96,Carboniferous
-0.2,329.96,Carboniferous
1.29,329.84,Carboniferous
1.48,329.72,Carboniferous
-2.88,329.72,Carboniferous
1.29,329.72,Carboniferous
1.41,329.72,Carboniferous
-0.39,329.72,Carboniferous
0.91,329.61,Carboniferous
1.22,329.61,Carboniferous
0.6,329.61,Carboniferous
-0.7,329.61,Carboniferous
-0.28,329.61,Carboniferous
-1.39,329.61,Carboniferous
1.33,329.49,Carboniferous
1.41,329.49,Carboniferous
-0.51,329.49,Carboniferous
1.52,329.49,Carboniferous
1.02,329.37,Carboniferous
1.22,329.37,Carboniferous
1.33,329.37,Carboniferous
1.6,329.37,Carboniferous
0.91,329.26,Carboniferous
1.44,329.26,Carboniferous
0.6,329.26,Carboniferous
1.52,329.26,Carboniferous
1.79,329.26,Carboniferous
1.64,329.26,Carboniferous
1.29,329.14,Carboniferous
0.03,329.14,Carboniferous
0.83,329.02,Carboniferous
2.4,329.02,Carboniferous
1.9,329.02,Carboniferous
1.71,329.02,Carboniferous
1.6,329.02,Carboniferous
1.14,328.91,Carboniferous
2.33,328.91,Carboniferous
2.21,328.91,Carboniferous
1.52,328.91,Carboniferous
1.6,328.91,Carboniferous
-0.09,328.79,Carboniferous
2.44,328.79,Carboniferous
2.21,328.79,Carboniferous
1.9,328.79,Carboniferous
2.02,328.79,Carboniferous
1.6,328.67,Carboniferous
1.48,328.67,Carboniferous
2.71,328.67,Carboniferous
2.33,328.56,Carboniferous
2.4,328.56,Carboniferous
1.94,328.56,Carboniferous
2.13,328.44,Carboniferous
1.83,328.44,Carboniferous
1.6,328.44,Carboniferous
1.52,328.44,Carboniferous
0.91,328.32,Carboniferous
1.71,328.32,Carboniferous
1.44,328.32,Carboniferous
1.64,328.21,Carboniferous
1.52,328.21,Carboniferous
1.41,328.21,Carboniferous
1.52,328.09,Carboniferous
0.03,327.97,Carboniferous
1.02,327.97,Carboniferous
1.22,327.97,Carboniferous
1.64,327.97,Carboniferous
1.41,327.97,Carboniferous
1.9,327.97,Carboniferous
2.02,327.97,Carboniferous
1.79,327.97,Carboniferous
1.52,327.86,Carboniferous
2.02,327.86,Carboniferous
0.83,327.74,Carboniferous
2.1,327.74,Carboniferous
1.6,327.74,Carboniferous
1.9,327.74,Carboniferous
1.83,327.74,Carboniferous
2.21,327.62,Carboniferous
2.33,327.62,Carboniferous
2.02,327.62,Carboniferous
1.71,327.62,Carboniferous
2.1,327.51,Carboniferous
1.83,327.51,Carboniferous
0.33,327.39,Carboniferous
1.9,327.39,Carboniferous
1.71,327.39,Carboniferous
1.6,327.27,Carboniferous
1.71,327.27,Carboniferous
1.79,327.27,Carboniferous
3.82,327.16,Carboniferous
1.41,327.16,Carboniferous
-0.58,327.04,Carboniferous
1.9,327.04,Carboniferous
2.02,327.04,Carboniferous
1.6,327.04,Carboniferous
1.71,327.04,Carboniferous
1.22,326.92,Carboniferous
2.21,326.92,Carboniferous
1.6,326.92,Carboniferous
1.83,326.92,Carboniferous
1.02,326.81,Carboniferous
2.59,326.81,Carboniferous
2.52,326.81,Carboniferous
2.02,326.81,Carboniferous
1.52,326.81,Carboniferous
0.91,326.69,Carboniferous
1.1,326.69,Carboniferous
1.29,326.69,Carboniferous
1.9,326.69,Carboniferous
1.52,326.69,Carboniferous
1.41,326.57,Carboniferous
1.64,326.57,Carboniferous
1.22,326.46,Carboniferous
1.83,326.46,Carboniferous
1.52,326.46,Carboniferous
1.41,326.34,Carboniferous
2.63,326.34,Carboniferous
2.56,326.34,Carboniferous
2.4,326.34,Carboniferous
2.21,326.34,Carboniferous
2.52,326.34,Carboniferous
1.71,326.34,Carboniferous
-0.7,326.22,Carboniferous
-0.16,326.22,Carboniferous
-1.89,326.22,Carboniferous
-1.77,326.22,Carboniferous
-0.32,326.11,Carboniferous
-0.09,326.11,Carboniferous
-1.46,326.11,Carboniferous
-1.39,326.11,Carboniferous
-0.47,325.99,Carboniferous
0.11,325.99,Carboniferous
0.22,325.99,Carboniferous
0.3,325.99,Carboniferous
0.41,325.87,Carboniferous
0.6,325.87,Carboniferous
0.72,325.87,Carboniferous
0.91,325.87,Carboniferous
1.14,325.87,Carboniferous
0.3,325.76,Carboniferous
0.49,325.76,Carboniferous
1.02,325.76,Carboniferous
0.41,325.64,Carboniferous
0.49,325.64,Carboniferous
1.18,325.64,Carboniferous
0.83,325.52,Carboniferous
1.41,325.52,Carboniferous
1.29,325.52,Carboniferous
1.14,325.52,Carboniferous
-0.28,325.41,Carboniferous
-0.2,325.41,Carboniferous
0.6,325.41,Carboniferous
0.91,325.41,Carboniferous
1.02,325.41,Carboniferous
1.1,325.41,Carboniferous
-1.69,325.29,Carboniferous
-0.01,325.29,Carboniferous
0.14,325.29,Carboniferous
-1.39,325.17,Carboniferous
0.03,325.17,Carboniferous
0.22,325.17,Carboniferous
0.41,325.17,Carboniferous
-2.69,325.06,Carboniferous
-0.51,325.06,Carboniferous
-0.2,325.06,Carboniferous
-0.09,325.06,Carboniferous
1.29,325.06,Carboniferous
-0.32,324.94,Carboniferous
-0.01,324.94,Carboniferous
0.22,324.94,Carboniferous
0.6,324.94,Carboniferous
0.41,324.83,Carboniferous
0.53,324.83,Carboniferous
0.03,324.71,Carboniferous
0.22,324.71,Carboniferous
0.3,324.71,Carboniferous
0.6,324.71,Carboniferous
-0.28,324.59,Carboniferous
-0.7,324.59,Carboniferous
-0.09,324.59,Carboniferous
0.41,324.59,Carboniferous
-0.47,324.48,Carboniferous
-1.5,324.48,Carboniferous
-1.39,324.48,Carboniferous
0.03,324.48,Carboniferous
0.11,324.48,Carboniferous
-0.89,324.36,Carboniferous
0.33,324.36,Carboniferous
0.72,324.36,Carboniferous
-0.58,324.24,Carboniferous
-1.27,324.24,Carboniferous
-0.2,324.24,Carboniferous
-0.09,324.24,Carboniferous
0.41,324.24,Carboniferous
0.6,324.24,Carboniferous
0.11,324.13,Carboniferous
0.53,324.13,Carboniferous
0.91,324.13,Carboniferous
1.22,324.13,Carboniferous
0.6,324.01,Carboniferous
0.72,324.01,Carboniferous
0.11,323.89,Carboniferous
0.41,323.89,Carboniferous
1.1,323.89,Carboniferous
-1,323.78,Carboniferous
-0.58,323.78,Carboniferous
-0.47,323.78,Carboniferous
-0.39,323.78,Carboniferous
0.03,323.78,Carboniferous
0.3,323.78,Carboniferous
0.6,323.78,Carboniferous
-0.7,323.66,Carboniferous
0.41,323.66,Carboniferous
0.79,323.66,Carboniferous
-3.07,323.54,Carboniferous
-1.46,323.54,Carboniferous
-0.28,323.54,Carboniferous
-0.09,323.54,Carboniferous
-2.38,323.43,Carboniferous
-1.69,323.43,Carboniferous
-1.27,323.43,Carboniferous
-0.01,323.43,Carboniferous
1.37,323.43,Carboniferous
0.72,323.43,Carboniferous
0.68,323.31,Carboniferous
1.18,323.19,Carboniferous
0.91,323.08,Carboniferous
-0.2,322.96,Carboniferous
0.33,322.96,Carboniferous
-1.12,322.84,Carboniferous
-1.5,322.84,Carboniferous
-1.58,322.73,Carboniferous
-1.08,322.61,Carboniferous
-1.73,322.61,Carboniferous
-1.85,322.49,Carboniferous
-1.23,322.49,Carboniferous
-1.73,322.38,Carboniferous
-1.31,322.26,Carboniferous
-0.55,322.14,Carboniferous
0.22,322.03,Carboniferous
2.86,322.03,Carboniferous
1.29,321.91,Carboniferous
1.87,321.91,Carboniferous
1.79,321.79,Carboniferous
2.1,321.68,Carboniferous
1.98,321.68,Carboniferous
1.64,321.44,Carboniferous
1.83,321.44,Carboniferous
1.94,321.44,Carboniferous
2.25,321.21,Carboniferous
1.87,321.21,Carboniferous
2.4,321.09,Carboniferous
2.36,320.98,Carboniferous
2.59,320.98,Carboniferous
2.9,320.86,Carboniferous
2.48,320.74,Carboniferous
2.1,320.63,Carboniferous
2.98,320.63,Carboniferous
2.86,320.63,Carboniferous
1.06,320.51,Carboniferous
1.87,320.39,Carboniferous
2.44,320.39,Carboniferous
2.94,320.28,Carboniferous
2.52,320.28,Carboniferous
3.01,320.04,Carboniferous
2.56,319.93,Carboniferous
2.29,319.93,Carboniferous
2.1,319.93,Carboniferous
2.13,319.69,Carboniferous
1.98,319.69,Carboniferous
2.25,319.58,Carboniferous
1.87,319.58,Carboniferous
1.44,319.46,Carboniferous
2.17,319.34,Carboniferous
2.33,319.23,Carboniferous
1.79,319.23,Carboniferous
2.75,319.23,Carboniferous
2.59,319.11,Carboniferous
2.94,318.99,Carboniferous
2.9,318.99,Carboniferous
2.94,318.88,Carboniferous
2.75,318.88,Carboniferous
2.48,318.64,Carboniferous
2.86,318.53,Carboniferous
2.59,318.53,Carboniferous
2.71,318.53,Carboniferous
2.44,318.41,Carboniferous
2.63,318.41,Carboniferous
2.82,318.29,Carboniferous
2.02,318.18,Carboniferous
2.25,318.06,Carboniferous
2.63,318.06,Carboniferous
2.78,317.94,Carboniferous
1.9,317.83,Carboniferous
2.4,317.71,Carboniferous
1.98,317.59,Carboniferous
1.79,317.59,Carboniferous
3.32,317.48,Carboniferous
1.29,317.48,Carboniferous
2.17,317.36,Carboniferous
3.28,317.24,Carboniferous
2.1,317.24,Carboniferous
2.59,317.13,Carboniferous
2.25,317.13,Carboniferous
2.21,317.01,Carboniferous
2.29,316.9,Carboniferous
2.06,316.9,Carboniferous
3.24,316.78,Carboniferous
2.56,316.78,Carboniferous
2.52,316.66,Carboniferous
2.13,316.55,Carboniferous
1.94,316.55,Carboniferous
2.71,316.43,Carboniferous
2.1,316.2,Carboniferous
2.06,316.2,Carboniferous
1.83,316.2,Carboniferous
2.52,316.08,Carboniferous
2.67,315.96,Carboniferous
2.17,315.96,Carboniferous
1.56,315.96,Carboniferous
2.1,315.85,Carboniferous
2.44,315.73,Carboniferous
2.33,315.73,Carboniferous
3.05,315.61,Carboniferous
2.67,315.5,Carboniferous
2.56,315.38,Carboniferous
1.33,315.38,Carboniferous
1.02,315.38,Carboniferous
2.25,315.26,Carboniferous
1.64,315.15,Carboniferous
1.02,315.03,Carboniferous
1.71,314.8,Carboniferous
1.29,314.8,Carboniferous
2.52,314.56,Carboniferous
2.06,314.45,Carboniferous
2.06,314.33,Carboniferous
2.71,314.21,Carboniferous
2.59,314.1,Carboniferous
2.29,313.98,Carboniferous
1.64,313.86,Carboniferous
2.1,313.63,Carboniferous
1.64,313.51,Carboniferous
1.9,313.4,Carboniferous
1.98,313.28,Carboniferous
1.94,313.16,Carboniferous
1.33,313.05,Carboniferous
3.24,312.93,Carboniferous
2.56,312.7,Carboniferous
2.48,312.58,Carboniferous
3.32,312.46,Carboniferous
3.17,312.35,Carboniferous
3.59,312.11,Carboniferous
2.78,312.11,Carboniferous
2.56,311.88,Carboniferous
1.98,311.88,Carboniferous
4.32,311.65,Carboniferous
3.32,311.53,Carboniferous
3.89,311.41,Carboniferous
3.05,311.18,Carboniferous
3.32,311.18,Carboniferous
2.94,311.06,Carboniferous
2.67,310.83,Carboniferous
3.17,310.71,Carboniferous
3.86,310.6,Carboniferous
3.24,310.48,Carboniferous
3.4,310.36,Carboniferous
3.24,310.25,Carboniferous
2.9,310.13,Carboniferous
3.97,309.9,Carboniferous
3.32,309.78,Carboniferous
3.13,309.66,Carboniferous
2.1,309.43,Carboniferous
2.67,309.43,Carboniferous
1.75,309.2,Carboniferous
1.1,309.08,Carboniferous
1.02,308.97,Carboniferous
1.41,308.85,Carboniferous
2.29,308.73,Carboniferous
2.52,308.62,Carboniferous
2.13,308.5,Carboniferous
1.87,308.27,Carboniferous
2.02,308.27,Carboniferous
1.87,308.03,Carboniferous
2.71,307.92,Carboniferous
3.32,307.8,Carboniferous
3.89,307.68,Carboniferous
2.75,307.45,Carboniferous
2.9,307.45,Carboniferous
2.25,307.33,Carboniferous
2.71,307.1,Carboniferous
2.4,306.98,Carboniferous
1.98,306.98,Carboniferous
1.9,306.98,Carboniferous
1.14,306.87,Carboniferous
1.29,306.87,Carboniferous
1.48,306.87,Carboniferous
1.56,306.87,Carboniferous
1.6,306.87,Carboniferous
1.83,306.87,Carboniferous
2.17,306.87,Carboniferous
1.02,306.75,Carboniferous
1.48,306.75,Carboniferous
2.52,306.75,Carboniferous
1.9,306.75,Carboniferous
2.1,306.75,Carboniferous
3.05,306.63,Carboniferous
2.98,306.63,Carboniferous
2.02,306.63,Carboniferous
2.25,306.63,Carboniferous
2.52,306.52,Carboniferous
2.63,306.52,Carboniferous
2.75,306.52,Carboniferous
2.13,306.52,Carboniferous
3.13,306.4,Carboniferous
3.01,306.4,Carboniferous
2.94,306.4,Carboniferous
1.94,306.4,Carboniferous
2.21,306.4,Carboniferous
2.06,306.4,Carboniferous
2.48,306.28,Carboniferous
2.86,306.28,Carboniferous
2.67,306.28,Carboniferous
1.75,306.17,Carboniferous
3.32,306.17,Carboniferous
3.21,306.17,Carboniferous
2.98,306.17,Carboniferous
2.75,306.17,Carboniferous
2.63,306.17,Carboniferous
2.21,306.17,Carboniferous
2.33,306.17,Carboniferous
2.63,306.05,Carboniferous
1.9,306.05,Carboniferous
1.64,305.93,Carboniferous
4.09,305.93,Carboniferous
3.7,305.93,Carboniferous
3.28,305.93,Carboniferous
3.01,305.93,Carboniferous
2.75,305.93,Carboniferous
2.67,305.93,Carboniferous
2.21,305.93,Carboniferous
2.36,305.93,Carboniferous
1.29,305.82,Carboniferous
2.82,305.82,Carboniferous
1.9,305.82,Carboniferous
4.12,305.7,Carboniferous
3.67,305.7,Carboniferous
3.05,305.7,Carboniferous
2.94,305.7,Carboniferous
2.36,305.7,Carboniferous
2.25,305.7,Carboniferous
3.74,305.58,Carboniferous
3.47,305.58,Carboniferous
3.21,305.58,Carboniferous
2.48,305.58,Carboniferous
2.63,305.58,Carboniferous
2.75,305.58,Carboniferous
3.63,305.47,Carboniferous
3.36,305.47,Carboniferous
3.44,305.47,Carboniferous
3.28,305.47,Carboniferous
3.17,305.47,Carboniferous
1.9,305.47,Carboniferous
3.74,305.35,Carboniferous
3.13,305.35,Carboniferous
2.94,305.35,Carboniferous
1.48,305.35,Carboniferous
2.75,305.35,Carboniferous
3.32,305.23,Carboniferous
3.09,305.23,Carboniferous
3.01,305.23,Carboniferous
1.9,305.23,Carboniferous
1.56,305.23,Carboniferous
2.52,305.23,Carboniferous
2.25,305.23,Carboniferous
1.02,305.12,Carboniferous
3.24,305.12,Carboniferous
1.71,305.12,Carboniferous
2.78,305.12,Carboniferous
2.17,305.12,Carboniferous
1.29,305,Carboniferous
2.63,305,Carboniferous
2.52,305,Carboniferous
2.25,305,Carboniferous
0.68,304.88,Carboniferous
1.9,304.88,Carboniferous
1.83,304.88,Carboniferous
1.67,304.88,Carboniferous
2.06,304.88,Carboniferous
2.82,304.88,Carboniferous
2.52,304.88,Carboniferous
2.4,304.88,Carboniferous
1.06,304.77,Carboniferous
1.18,304.77,Carboniferous
1.22,304.77,Carboniferous
2.21,304.77,Carboniferous
1.94,304.65,Carboniferous
2.06,304.65,Carboniferous
2.75,304.65,Carboniferous
2.17,304.65,Carboniferous
2.29,304.65,Carboniferous
2.59,304.65,Carboniferous
0.33,304.53,Carboniferous
1.02,304.53,Carboniferous
2.1,304.53,Carboniferous
2.86,304.53,Carboniferous
1.48,304.42,Carboniferous
1.56,304.42,Carboniferous
1.94,304.42,Carboniferous
2.75,304.42,Carboniferous
2.36,304.42,Carboniferous
2.52,304.42,Carboniferous
2.59,304.42,Carboniferous
0.76,304.3,Carboniferous
0.87,304.3,Carboniferous
1.37,304.3,Carboniferous
1.64,304.3,Carboniferous
2.25,304.3,Carboniferous
2.52,304.3,Carboniferous
1.02,304.18,Carboniferous
1.79,304.18,Carboniferous
1.98,304.18,Carboniferous
2.17,304.18,Carboniferous
2.86,304.18,Carboniferous
2.78,304.18,Carboniferous
1.71,304.07,Carboniferous
2.67,304.07,Carboniferous
2.29,304.07,Carboniferous
2.52,304.07,Carboniferous
1.94,303.95,Carboniferous
2.1,303.95,Carboniferous
2.36,303.95,Carboniferous
2.44,303.95,Carboniferous
0.33,303.83,Carboniferous
1.25,303.83,Carboniferous
1.33,303.83,Carboniferous
1.41,303.83,Carboniferous
1.87,303.83,Carboniferous
2.25,303.83,Carboniferous
0.41,303.72,Carboniferous
1.52,303.72,Carboniferous
1.71,303.72,Carboniferous
1.79,303.72,Carboniferous
0.79,303.6,Carboniferous
0.14,303.6,Carboniferous
1.79,303.37,Carboniferous
2.25,303.25,Carboniferous
1.56,303.13,Carboniferous
1.83,303.02,Carboniferous
1.14,302.9,Carboniferous
1.33,302.67,Carboniferous
0.45,302.67,Carboniferous
1.98,302.43,Carboniferous
1.87,302.32,Carboniferous
1.52,302.2,Carboniferous
2.21,302.08,Carboniferous
2.82,301.85,Carboniferous
1.44,301.73,Carboniferous
0.45,301.73,Carboniferous
1.83,301.5,Carboniferous
2.25,301.38,Carboniferous
2.94,301.27,Carboniferous
2.29,301.15,Carboniferous
2.56,300.92,Carboniferous
3.67,300.92,Carboniferous
2.29,300.69,Carboniferous
2.48,300.57,Carboniferous
2.21,300.45,Carboniferous
2.98,300.34,Carboniferous
2.1,300.22,Carboniferous
2.44,300.1,Carboniferous
2.33,299.87,Carboniferous
1.9,299.87,Carboniferous
3.89,299.64,Carboniferous
3.55,299.52,Carboniferous
3.74,299.4,Carboniferous
3.05,299.29,Carboniferous
2.4,299.05,Carboniferous
5.16,299.05,Carboniferous
2.52,298.94,Carboniferous
5.17,298.85,Carboniferous
5.27,298.82,Permian
5.25,298.75,Permian
5.33,298.65,Permian
5.21,298.45,Permian
5.29,298.35,Permian
5.13,298.25,Permian
4.83,298.15,Permian
5.29,298.05,Permian
5.33,297.84,Permian
5.29,297.74,Permian
4.58,297.64,Permian
4.58,297.54,Permian
5,297.44,Permian
5.17,297.24,Permian
4.58,297.14,Permian
5.63,297.04,Permian
5.5,296.94,Permian
5.17,296.84,Permian
5.21,296.74,Permian
5.13,296.54,Permian
5.42,296.44,Permian
5.58,296.34,Permian
5.71,296.24,Permian
4.88,296.14,Permian
5.04,295.93,Permian
4.58,295.83,Permian
5.46,295.73,Permian
5.79,295.63,Permian
4.5,295.53,Permian
4.83,295.43,Permian
4.79,295.23,Permian
5.17,295.13,Permian
4.54,295.03,Permian
5.38,294.93,Permian
5.21,294.83,Permian
5.67,294.63,Permian
5.54,294.53,Permian
5.58,294.43,Permian
4.75,294.32,Permian
3.75,294.12,Permian
5.33,294.02,Permian
4.79,293.92,Permian
5.13,293.82,Permian
4.08,293.72,Permian
4.25,293.62,Permian
4.46,293.52,Permian
4.46,293.32,Permian
3.96,293.32,Permian
3.92,293.22,Permian
4.46,293.12,Permian
4.42,292.92,Permian
4.04,292.92,Permian
4.29,292.82,Permian
4.54,292.72,Permian
3.71,292.61,Permian
4.04,292.51,Permian
3.54,292.41,Permian
3.08,292.31,Permian
3.67,292.21,Permian
3.71,292.11,Permian
3.83,292.01,Permian
3.67,291.91,Permian
3.29,291.81,Permian
3.71,291.71,Permian
3.79,291.71,Permian
4.25,291.61,Permian
3.54,291.51,Permian
3.75,291.41,Permian
3.92,291.31,Permian
3.54,291.21,Permian
4,291.11,Permian
3.75,291.01,Permian
3.96,290.91,Permian
4.17,290.91,Permian
3.96,290.7,Permian
4.21,290.6,Permian
3.79,290.5,Permian
4.17,290.4,Permian
4.29,290.2,Permian
4.21,290,Permian
4.63,289.8,Permian
4.08,289.5,Permian
4.13,289.4,Permian
4.54,289.09,Permian
4.54,288.89,Permian
4.42,288.69,Permian
4.17,288.39,Permian
4.46,288.19,Permian
4.29,287.99,Permian
4.17,287.79,Permian
3.83,287.49,Permian
3.75,287.28,Permian
3.88,287.08,Permian
3.96,286.88,Permian
4.29,286.68,Permian
3.38,286.38,Permian
4.54,286.18,Permian
3.79,285.98,Permian
3.54,285.68,Permian
4.17,285.47,Permian
4.21,285.27,Permian
4.33,285.07,Permian
3.83,284.87,Permian
3.25,284.57,Permian
3.71,284.37,Permian
4.13,284.17,Permian
2.29,283.86,Permian
4.54,283.66,Permian
3.5,283.46,Permian
4.83,283.26,Permian
4.58,283.16,Permian
4.83,283.16,Permian
3.54,283.06,Permian
4.79,283.06,Permian
2.33,282.96,Permian
3.38,282.96,Permian
1.29,282.86,Permian
2.58,282.86,Permian
2.38,282.76,Permian
3.54,282.76,Permian
1.54,282.66,Permian
3.04,282.56,Permian
3.79,282.56,Permian
4.88,282.56,Permian
3.92,282.46,Permian
4.54,282.36,Permian
4.88,282.36,Permian
2.25,282.26,Permian
3.71,282.26,Permian
4.21,282.16,Permian
3.29,282.16,Permian
2.25,282.05,Permian
3.25,282.05,Permian
4,281.95,Permian
4.38,281.95,Permian
3.29,281.85,Permian
0.25,281.75,Permian
3.08,281.75,Permian
1.21,281.65,Permian
3.46,281.65,Permian
4.04,281.55,Permian
2.54,281.55,Permian
1.46,281.45,Permian
2.33,281.45,Permian
1.33,281.35,Permian
1.96,281.35,Permian
1,281.25,Permian
1.25,281.25,Permian
1.75,281.15,Permian
2.96,281.15,Permian
1.42,281.05,Permian
2.79,281.05,Permian
3.63,280.95,Permian
2.92,280.95,Permian
1.96,280.85,Permian
1.13,280.75,Permian
2.21,280.75,Permian
2.04,280.65,Permian
2.67,280.65,Permian
1.08,280.55,Permian
2.71,280.55,Permian
2.29,280.45,Permian
3.25,280.45,Permian
1.54,280.34,Permian
1.71,280.34,Permian
1.5,280.24,Permian
1.92,280.14,Permian
3.33,280.14,Permian
3.33,280.04,Permian
2.54,280.04,Permian
2.17,279.94,Permian
2.92,279.94,Permian
1.17,279.84,Permian
0.63,279.84,Permian
2.63,279.84,Permian
2.08,279.64,Permian
1.88,279.64,Permian
2.96,279.64,Permian
1.58,279.54,Permian
3.17,279.54,Permian
2.88,279.44,Permian
3.75,279.44,Permian
2.5,279.34,Permian
3.38,279.34,Permian
2.08,279.24,Permian
2.71,279.24,Permian
1.13,279.14,Permian
1.67,279.14,Permian
2.04,279.04,Permian
1.38,278.94,Permian
1.5,278.94,Permian
1.13,278.84,Permian
3.33,278.74,Permian
2.63,278.74,Permian
2.33,278.74,Permian
1.04,278.64,Permian
1.29,278.53,Permian
2.88,278.53,Permian
2.38,278.53,Permian
2.08,278.43,Permian
3.13,278.33,Permian
2.04,278.33,Permian
3.54,278.23,Permian
3.71,278.23,Permian
1.25,278.13,Permian
2.58,278.13,Permian
2.5,278.03,Permian
3.46,278.03,Permian
1.5,277.93,Permian
3.75,277.93,Permian
2.67,277.83,Permian
2.46,277.73,Permian
1.63,277.63,Permian
2.54,277.63,Permian
3,277.53,Permian
3.63,277.53,Permian
2.79,277.43,Permian
3.17,277.43,Permian
2.96,277.23,Permian
3,277.23,Permian
3.83,277.13,Permian
4.13,277.13,Permian
4.29,277.13,Permian
4.04,277.03,Permian
4.46,276.93,Permian
4.33,276.93,Permian
4.75,276.82,Permian
4.54,276.72,Permian
4.33,276.72,Permian
4.04,276.62,Permian
3.92,276.62,Permian
4.17,276.52,Permian
3.96,276.52,Permian
4.13,276.42,Permian
4.63,276.32,Permian
4.5,276.32,Permian
4.04,276.22,Permian
4.33,276.12,Permian
4.13,276.12,Permian
4.08,276.12,Permian
3.5,276.02,Permian
3.83,275.92,Permian
3.5,275.92,Permian
4.92,275.82,Permian
3.42,275.82,Permian
3.5,275.72,Permian
3.54,275.62,Permian
3.21,275.62,Permian
4.08,275.52,Permian
3.75,275.52,Permian
4.04,275.42,Permian
2.83,275.42,Permian
3.79,275.32,Permian
2.88,275.32,Permian
3.63,275.22,Permian
3.33,275.11,Permian
3.88,275.01,Permian
3.33,275.01,Permian
4.29,274.91,Permian
2.58,274.91,Permian
2.96,274.91,Permian
4.21,274.71,Permian
4.29,274.71,Permian
4.33,274.61,Permian
3.83,274.61,Permian
2.88,274.51,Permian
3.33,274.51,Permian
4.63,274.41,Permian
4.88,274.41,Permian
4.42,274.31,Permian
5.08,274.21,Permian
4.88,274.11,Permian
4.46,274.01,Permian
5.08,273.91,Permian
4.29,273.81,Permian
5.17,273.71,Permian
5.04,273.61,Permian
5.08,273.51,Permian
5.08,273.41,Permian
4.83,273.3,Permian
5.17,273.2,Permian
4.96,273.1,Permian
4.79,273,Permian
4.5,272.9,Permian
4.96,272.8,Permian
4.38,272.7,Permian
4.17,272.7,Permian
4.63,272.5,Permian
4.58,272.4,Permian
4.88,272.3,Permian
4.96,272.3,Permian
4.79,272.2,Permian
4.83,272.1,Permian
4.13,272,Permian
4,271.8,Permian
4.17,271.7,Permian
3.21,271.7,Permian
3.83,271.49,Permian
3.92,271.39,Permian
3.38,271.39,Permian
3.5,271.29,Permian
3.58,271.19,Permian
3.71,270.99,Permian
3.83,270.89,Permian
3.54,270.89,Permian
3.83,270.69,Permian
3.79,270.69,Permian
4.29,270.49,Permian
4.21,270.49,Permian
3.96,270.39,Permian
3.92,270.29,Permian
3.67,270.19,Permian
3.71,270.09,Permian
3.71,269.99,Permian
3.92,269.89,Permian
4.25,269.78,Permian
3.96,269.68,Permian
3.83,269.58,Permian
4.17,269.38,Permian
4.46,269.38,Permian
4.42,269.28,Permian
4.13,269.18,Permian
3.75,268.98,Permian
2.63,268.98,Permian
3.42,268.78,Permian
4.13,268.78,Permian
4.04,268.58,Permian
4.63,268.58,Permian
4.29,268.38,Permian
4.08,268.28,Permian
4.04,268.18,Permian
4.13,268.07,Permian
3.42,267.97,Permian
2.96,267.87,Permian
3.5,267.77,Permian
3.71,267.67,Permian
4.29,267.57,Permian
4.13,267.47,Permian
4.29,267.27,Permian
4.17,267.27,Permian
4.33,267.07,Permian
4.08,266.97,Permian
4.13,266.87,Permian
3.96,266.77,Permian
2.79,266.67,Permian
2.96,266.57,Permian
2.92,266.47,Permian
3.63,266.36,Permian
3.21,266.16,Permian
4.29,266.06,Permian
2.71,266.06,Permian
4.33,265.96,Permian
4.33,265.76,Permian
4.75,265.66,Permian
4.58,265.56,Permian
3.83,265.46,Permian
3.33,265.36,Permian
3.54,265.26,Permian
4.25,265.16,Permian
4.71,265.06,Permian
3.79,264.96,Permian
4.21,264.86,Permian
3.04,264.76,Permian
3.46,264.66,Permian
4.13,264.55,Permian
4.42,264.35,Permian
2.63,264.35,Permian
2.38,264.25,Permian
2.5,264.25,Permian
3.21,264.25,Permian
2.54,264.15,Permian
2.67,264.15,Permian
3.29,264.15,Permian
3.71,264.15,Permian
3.17,264.05,Permian
3.25,264.05,Permian
3.54,264.05,Permian
4.25,264.05,Permian
3.67,263.95,Permian
3.75,263.95,Permian
3.88,263.95,Permian
4.13,263.95,Permian
4.5,263.95,Permian
3.17,263.85,Permian
3.33,263.85,Permian
3.42,263.85,Permian
4.29,263.85,Permian
4.5,263.85,Permian
2.83,263.75,Permian
3.21,263.75,Permian
3.75,263.75,Permian
4,263.75,Permian
4.75,263.75,Permian
3,263.65,Permian
4,263.65,Permian
4.83,263.65,Permian
5.79,263.65,Permian
3.88,263.55,Permian
4.46,263.55,Permian
4.5,263.55,Permian
4.75,263.45,Permian
3.75,263.35,Permian
4.21,263.35,Permian
3,263.25,Permian
4.5,263.25,Permian
4.63,263.15,Permian
4.13,263.15,Permian
3.79,263.05,Permian
4.46,263.05,Permian
5.67,263.05,Permian
4.92,262.95,Permian
4.46,262.95,Permian
4.75,262.84,Permian
4.38,262.84,Permian
4.5,262.84,Permian
4.13,262.74,Permian
2.88,262.74,Permian
4.08,262.64,Permian
4.25,262.64,Permian
4.46,262.64,Permian
4.33,262.54,Permian
4.58,262.54,Permian
4.38,262.44,Permian
4.54,262.44,Permian
3.79,262.44,Permian
4.21,262.34,Permian
3,262.34,Permian
2.75,262.34,Permian
4.04,262.24,Permian
3.92,262.24,Permian
3.79,262.24,Permian
3.71,262.24,Permian
4.08,262.14,Permian
3.88,262.14,Permian
3.54,262.14,Permian
3,262.04,Permian
2.5,262.04,Permian
1.58,262.04,Permian
3.42,261.94,Permian
3.29,261.94,Permian
2.83,261.94,Permian
4.29,261.84,Permian
5.17,261.84,Permian
2.75,261.84,Permian
5.38,261.74,Permian
5.88,261.74,Permian
4.58,261.64,Permian
6,261.54,Permian
4.58,261.44,Permian
5.54,261.44,Permian
5.17,261.34,Permian
5.75,261.34,Permian
4.33,261.24,Permian
5.58,261.14,Permian
3.83,261.14,Permian
4.21,261.03,Permian
4.63,261.03,Permian
3,261.03,Permian
3.71,261.03,Permian
3.79,261.03,Permian
4,261.03,Permian
2,261.03,Permian
1.5,261.03,Permian
3.29,260.93,Permian
1.42,260.93,Permian
0.5,260.93,Permian
0,260.93,Permian
-0.5,260.93,Permian
-1.5,260.93,Permian
-3.21,260.93,Permian
-3,260.93,Permian
0.08,260.93,Permian
1.5,260.83,Permian
1,260.83,Permian
0.25,260.83,Permian
-0.17,260.83,Permian
-0.37,260.83,Permian
-1.79,260.83,Permian
-2.42,260.83,Permian
-2.46,260.83,Permian
-2.58,260.83,Permian
-0.54,260.73,Permian
-1.42,260.73,Permian
-1.21,260.73,Permian
-1.58,260.73,Permian
-1.83,260.73,Permian
-1.96,260.73,Permian
-2.08,260.73,Permian
-2.21,260.73,Permian
-2.33,260.73,Permian
-3.04,260.73,Permian
-3.62,260.63,Permian
-0.63,260.63,Permian
-1.12,260.63,Permian
-1.5,260.63,Permian
-1.71,260.63,Permian
-2.12,260.63,Permian
-2.46,260.63,Permian
-2.62,260.63,Permian
-2.92,260.63,Permian
-1.21,260.53,Permian
-1.67,260.53,Permian
-1.79,260.53,Permian
-2.25,260.53,Permian
-2.37,260.53,Permian
-3.04,260.53,Permian
0.46,260.43,Permian
-0.5,260.43,Permian
-0.71,260.43,Permian
-1.25,260.43,Permian
-1.5,260.43,Permian
-1.58,260.43,Permian
-1.88,260.43,Permian
-1.96,260.43,Permian
-2.08,260.43,Permian
-3,260.43,Permian
3.75,260.33,Permian
4.17,260.33,Permian
4.25,260.33,Permian
4.46,260.33,Permian
1.92,260.33,Permian
1.29,260.33,Permian
1,260.33,Permian
0.75,260.33,Permian
0.5,260.33,Permian
0.29,260.33,Permian
0,260.33,Permian
-0.13,260.33,Permian
-2.46,260.33,Permian
3.58,260.23,Permian
3.88,260.23,Permian
4.5,260.23,Permian
2.42,260.23,Permian
4,260.13,Permian
4.04,260.13,Permian
4.25,260.13,Permian
4.33,260.13,Permian
4.42,260.03,Permian
4.79,260.03,Permian
4.92,260.03,Permian
4.88,260.03,Permian
4.79,259.93,Permian
5,259.93,Permian
5.21,259.83,Permian
5.17,259.73,Permian
5.17,259.63,Permian
4.54,259.53,Permian
4.29,259.53,Permian
4.79,259.53,Permian
3.79,259.43,Permian
5.5,259.43,Permian
4.25,259.43,Permian
5.54,259.32,Permian
4.79,259.32,Permian
4.92,259.32,Permian
5,259.32,Permian
4.25,259.22,Permian
2.5,259.22,Permian
2.38,259.22,Permian
2.29,259.22,Permian
2.58,259.12,Permian
1.88,259.12,Permian
1.58,259.12,Permian
2.5,259.02,Permian
1.13,259.02,Permian
0.88,259.02,Permian
0.08,259.02,Permian
0.42,258.92,Permian
0.33,258.92,Permian
0.17,258.92,Permian
2.71,258.82,Permian
2.5,258.82,Permian
1.5,258.82,Permian
1.21,258.82,Permian
2.71,258.72,Permian
2.33,258.72,Permian
0.75,258.72,Permian
5.75,258.62,Permian
5.67,258.62,Permian
4.67,258.62,Permian
2.63,258.62,Permian
5.63,258.52,Permian
5.46,258.52,Permian
5.33,258.52,Permian
5.25,258.52,Permian
5.13,258.52,Permian
4.58,258.52,Permian
4.42,258.52,Permian
5.79,258.42,Permian
5.46,258.42,Permian
5.25,258.42,Permian
4.83,258.42,Permian
4.29,258.42,Permian
5,258.32,Permian
4.92,258.32,Permian
4.75,258.32,Permian
4.58,258.32,Permian
4.5,258.32,Permian
3.88,258.32,Permian
3.71,258.32,Permian
5.13,258.22,Permian
4.79,258.22,Permian
4.71,258.22,Permian
4.29,258.22,Permian
4.04,258.22,Permian
3.96,258.22,Permian
3.46,258.22,Permian
2.46,258.22,Permian
2.13,258.22,Permian
0.58,258.22,Permian
3.88,258.12,Permian
0.79,258.12,Permian
4.25,258.02,Permian
4.08,258.02,Permian
3.71,258.02,Permian
3.54,258.02,Permian
4,257.92,Permian
4.17,257.82,Permian
3.79,257.82,Permian
4.25,257.72,Permian
3.42,257.72,Permian
3.92,257.61,Permian
3.88,257.51,Permian
3.46,257.51,Permian
3.38,257.51,Permian
3.79,257.41,Permian
3,257.41,Permian
3.17,257.31,Permian
0.88,257.31,Permian
3.29,257.21,Permian
3,257.21,Permian
3.13,257.11,Permian
2.38,257.11,Permian
1.08,257.01,Permian
2.58,257.01,Permian
2.54,256.91,Permian
3.17,256.81,Permian
2.71,256.81,Permian
3,256.71,Permian
2.92,256.71,Permian
3,256.61,Permian
0.83,256.61,Permian
2.25,256.51,Permian
2.79,256.51,Permian
1.67,256.41,Permian
2.13,256.41,Permian
2.83,256.41,Permian
1.58,256.31,Permian
2.46,256.21,Permian
3.46,256.21,Permian
2.96,256.21,Permian
2.83,256.11,Permian
2.17,256.01,Permian
2.42,256.01,Permian
2.75,256.01,Permian
2.21,255.91,Permian
3.21,255.91,Permian
0.96,255.8,Permian
2.25,255.7,Permian
2.42,255.7,Permian
2.58,255.6,Permian
2.88,255.6,Permian
3.13,255.6,Permian
3.04,255.5,Permian
3.42,255.5,Permian
3.54,255.4,Permian
3.29,255.4,Permian
4.13,255.3,Permian
4.21,255.3,Permian
4.83,255.2,Permian
5.29,255.2,Permian
2.88,255.1,Permian
4.58,255.1,Permian
4.88,255.1,Permian
5.08,255,Permian
5.13,254.9,Permian
5.25,254.9,Permian
3.83,254.8,Permian
4.83,254.8,Permian
5.04,254.7,Permian
5.83,254.7,Permian
4.21,254.7,Permian
4.42,254.6,Permian
4.75,254.5,Permian
4.08,254.5,Permian
4.38,254.4,Permian
3.96,254.4,Permian
3.54,254.3,Permian
3.71,254.3,Permian
4.25,254.3,Permian
0.83,254.2,Permian
4.5,254.2,Permian
2.29,254.09,Permian
2.67,254.09,Permian
4.08,254.09,Permian
2.25,253.99,Permian
3.42,253.99,Permian
3.08,253.89,Permian
4.17,253.89,Permian
2.29,253.79,Permian
2.67,253.79,Permian
2.88,253.79,Permian
1.71,253.69,Permian
3.08,253.59,Permian
3.29,253.59,Permian
3.54,253.59,Permian
2.71,253.49,Permian
2.96,253.49,Permian
3.92,253.49,Permian
3.29,253.39,Permian
2.29,253.29,Permian
3,253.29,Permian
3.17,253.19,Permian
3.33,253.19,Permian
4.21,253.09,Permian
4,253.09,Permian
4.5,252.99,Permian
4.83,252.99,Permian
3.79,252.89,Permian
3.54,252.79,Permian
3.92,252.69,Permian
3.71,252.69,Permian
4.13,252.59,Permian
3.63,252.49,Permian
3.75,252.39,Permian
3.71,252.39,Permian
3.46,252.28,Permian
3.79,252.28,Permian
2.71,252.18,Permian
2.58,252.18,Permian
3,252.18,Permian
3.08,252.18,Permian
3.38,252.18,Permian
3.96,252.18,Permian
3.88,252.18,Permian
3.71,252.18,Permian
2.79,252.18,Permian
2.5,252.08,Permian
2.83,252.08,Permian
3.25,252.08,Permian
3.33,252.08,Permian
3.54,252.08,Permian
3.79,252.08,Permian
4.13,252.08,Permian
4.21,252.08,Permian
4.29,252.08,Permian
1.08,251.98,Permian
2.42,251.98,Permian
3.04,251.98,Permian
3.13,251.98,Permian
3.21,251.98,Permian
3.42,251.98,Permian
3.63,251.98,Permian
3.71,251.98,Permian
3.83,251.98,Permian
3.92,251.98,Permian
4,251.98,Permian
4.08,251.98,Permian
4.29,251.98,Permian
4.33,251.98,Permian
4.42,251.98,Permian
4.71,251.98,Permian
4.79,251.98,Permian
-1,251.88,Permian
-1.46,251.88,Permian
-1.58,251.88,Permian
-0.79,251.88,Permian
-0.67,251.88,Permian
-0.58,251.88,Permian
-0.54,251.88,Permian
-0.37,251.88,Permian
-0.42,251.88,Permian
-0.21,251.88,Permian
-0.17,251.88,Permian
-0.08,251.88,Permian
0.04,251.88,Permian
0.08,251.88,Permian
0.17,251.88,Permian
0.25,251.88,Permian
0.29,251.88,Permian
0.38,251.88,Permian
0.46,251.88,Permian
0.54,251.88,Permian
0.63,251.88,Permian
0.71,251.88,Permian
0.79,251.88,Permian
0.88,251.88,Permian
0.92,251.88,Permian
1.04,251.88,Permian
1.13,251.88,Permian
1.21,251.88,Permian
1.29,251.88,Permian
1.33,251.88,Permian
1.46,251.88,Permian
1.54,251.88,Permian
1.58,251.88,Permian
1.67,251.88,Permian
1.75,251.88,Permian
1.83,251.88,Permian
1.92,251.88,Permian
2,251.88,Permian
2.13,251.88,Permian
2.25,251.88,Permian
2.17,251.88,Permian
2.33,251.88,Permian
2.42,251.88,Permian
2.46,251.88,Permian
2.54,251.88,Permian
2.63,251.88,Permian
2.71,251.88,Permian
2.79,251.88,Permian
2.83,251.88,Permian
2.92,251.88,Permian
3.33,251.88,Permian
3.5,251.88,Permian
-2.46,251.88,Permian
